date,ticker,bank,cohort,close
2021-08-20,AXISBANK.NS,Axis Bank,Private,736.60400390625
2021-08-23,AXISBANK.NS,Axis Bank,Private,732.474365234375
2021-08-24,AXISBANK.NS,Axis Bank,Private,742.6738891601562
2021-08-25,AXISBANK.NS,Axis Bank,Private,735.409912109375
2021-08-26,AXISBANK.NS,Axis Bank,Private,742.6738891601562
2021-08-27,AXISBANK.NS,Axis Bank,Private,748.6941528320312
2021-08-30,AXISBANK.NS,Axis Bank,Private,780.188232421875
2021-08-31,AXISBANK.NS,Axis Bank,Private,782.626220703125
2021-09-01,AXISBANK.NS,Axis Bank,Private,794.965087890625
2021-09-02,AXISBANK.NS,Axis Bank,Private,798.7463989257812
2021-09-03,AXISBANK.NS,Axis Bank,Private,794.0694580078125
2021-09-06,AXISBANK.NS,Axis Bank,Private,796.8556518554688
2021-09-07,AXISBANK.NS,Axis Bank,Private,783.9695434570312
2021-09-08,AXISBANK.NS,Axis Bank,Private,790.7857666015625
2021-09-09,AXISBANK.NS,Axis Bank,Private,786.25830078125
2021-09-13,AXISBANK.NS,Axis Bank,Private,784.4669799804688
2021-09-14,AXISBANK.NS,Axis Bank,Private,790.4872436523438
2021-09-15,AXISBANK.NS,Axis Bank,Private,787.5020141601562
2021-09-16,AXISBANK.NS,Axis Bank,Private,798.646728515625
2021-09-17,AXISBANK.NS,Axis Bank,Private,803.3734130859375
2021-09-20,AXISBANK.NS,Axis Bank,Private,791.9301147460938
2021-09-21,AXISBANK.NS,Axis Bank,Private,791.4324951171875
2021-09-22,AXISBANK.NS,Axis Bank,Private,784.4669799804688
2021-09-23,AXISBANK.NS,Axis Bank,Private,808.1498413085938
2021-09-24,AXISBANK.NS,Axis Bank,Private,794.1192626953125
2021-09-27,AXISBANK.NS,Axis Bank,Private,793.0247192382812
2021-09-28,AXISBANK.NS,Axis Bank,Private,785.3128662109375
2021-09-29,AXISBANK.NS,Axis Bank,Private,778.2975463867188
2021-09-30,AXISBANK.NS,Axis Bank,Private,762.7744140625
2021-10-01,AXISBANK.NS,Axis Bank,Private,764.3665161132812
2021-10-04,AXISBANK.NS,Axis Bank,Private,775.1630249023438
2021-10-05,AXISBANK.NS,Axis Bank,Private,778.745361328125
2021-10-06,AXISBANK.NS,Axis Bank,Private,775.1134033203125
2021-10-07,AXISBANK.NS,Axis Bank,Private,773.2723999023438
2021-10-08,AXISBANK.NS,Axis Bank,Private,778.0985717773438
2021-10-11,AXISBANK.NS,Axis Bank,Private,783.2728881835938
2021-10-12,AXISBANK.NS,Axis Bank,Private,793.2236938476562
2021-10-13,AXISBANK.NS,Axis Bank,Private,790.6862182617188
2021-10-14,AXISBANK.NS,Axis Bank,Private,798.0994873046875
2021-10-18,AXISBANK.NS,Axis Bank,Private,809.294189453125
2021-10-19,AXISBANK.NS,Axis Bank,Private,797.7014770507812
2021-10-20,AXISBANK.NS,Axis Bank,Private,800.8360595703125
2021-10-21,AXISBANK.NS,Axis Bank,Private,803.8212280273438
2021-10-22,AXISBANK.NS,Axis Bank,Private,812.6774291992188
2021-10-25,AXISBANK.NS,Axis Bank,Private,840.9375
2021-10-26,AXISBANK.NS,Axis Bank,Private,837.7532958984375
2021-10-27,AXISBANK.NS,Axis Bank,Private,783.6212158203125
2021-10-28,AXISBANK.NS,Axis Bank,Private,754.6148071289062
2021-10-29,AXISBANK.NS,Axis Bank,Private,738.3453979492188
2021-11-01,AXISBANK.NS,Axis Bank,Private,748.644287109375
2021-11-02,AXISBANK.NS,Axis Bank,Private,752.1270751953125
2021-11-03,AXISBANK.NS,Axis Bank,Private,746.9029541015625
2021-11-04,AXISBANK.NS,Axis Bank,Private,749.2413940429688
2021-11-08,AXISBANK.NS,Axis Bank,Private,747.3507690429688
2021-11-09,AXISBANK.NS,Axis Bank,Private,741.3803100585938
2021-11-10,AXISBANK.NS,Axis Bank,Private,745.6591186523438
2021-11-11,AXISBANK.NS,Axis Bank,Private,734.414794921875
2021-11-12,AXISBANK.NS,Axis Bank,Private,732.4246215820312
2021-11-15,AXISBANK.NS,Axis Bank,Private,729.638427734375
2021-11-16,AXISBANK.NS,Axis Bank,Private,722.5734252929688
2021-11-17,AXISBANK.NS,Axis Bank,Private,708.8413696289062
2021-11-18,AXISBANK.NS,Axis Bank,Private,702.8709106445312
2021-11-22,AXISBANK.NS,Axis Bank,Private,683.0191650390625
2021-11-23,AXISBANK.NS,Axis Bank,Private,682.2728881835938
2021-11-24,AXISBANK.NS,Axis Bank,Private,681.7753295898438
2021-11-25,AXISBANK.NS,Axis Bank,Private,676.55126953125
2021-11-26,AXISBANK.NS,Axis Bank,Private,658.4906616210938
2021-11-29,AXISBANK.NS,Axis Bank,Private,647.8930053710938
2021-11-30,AXISBANK.NS,Axis Bank,Private,652.4207153320312
2021-12-01,AXISBANK.NS,Axis Bank,Private,676.2526245117188
2021-12-02,AXISBANK.NS,Axis Bank,Private,672.7698974609375
2021-12-03,AXISBANK.NS,Axis Bank,Private,669.6851806640625
2021-12-06,AXISBANK.NS,Axis Bank,Private,659.8339233398438
2021-12-07,AXISBANK.NS,Axis Bank,Private,683.6162109375
2021-12-08,AXISBANK.NS,Axis Bank,Private,693.6664428710938
2021-12-09,AXISBANK.NS,Axis Bank,Private,690.531982421875
2021-12-10,AXISBANK.NS,Axis Bank,Private,684.6610107421875
2021-12-13,AXISBANK.NS,Axis Bank,Private,700.532470703125
2021-12-14,AXISBANK.NS,Axis Bank,Private,707.3985595703125
2021-12-15,AXISBANK.NS,Axis Bank,Private,708.9906616210938
2021-12-16,AXISBANK.NS,Axis Bank,Private,706.1546630859375
2021-12-17,AXISBANK.NS,Axis Bank,Private,685.5068359375
2021-12-20,AXISBANK.NS,Axis Bank,Private,671.028564453125
2021-12-21,AXISBANK.NS,Axis Bank,Private,662.5703735351562
2021-12-22,AXISBANK.NS,Axis Bank,Private,666.0531616210938
2021-12-23,AXISBANK.NS,Axis Bank,Private,675.45654296875
2021-12-24,AXISBANK.NS,Axis Bank,Private,664.2122802734375
2021-12-27,AXISBANK.NS,Axis Bank,Private,668.83935546875
2021-12-28,AXISBANK.NS,Axis Bank,Private,672.1231079101562
2021-12-29,AXISBANK.NS,Axis Bank,Private,667.197509765625
2021-12-30,AXISBANK.NS,Axis Bank,Private,665.5555419921875
2021-12-31,AXISBANK.NS,Axis Bank,Private,675.2078247070312
2022-01-03,AXISBANK.NS,Axis Bank,Private,692.920166015625
2022-01-04,AXISBANK.NS,Axis Bank,Private,705.6571044921875
2022-01-05,AXISBANK.NS,Axis Bank,Private,723.3197631835938
2022-01-06,AXISBANK.NS,Axis Bank,Private,726.7029418945312
2022-01-07,AXISBANK.NS,Axis Bank,Private,727.00146484375
2022-01-10,AXISBANK.NS,Axis Bank,Private,739.141357421875
2022-01-11,AXISBANK.NS,Axis Bank,Private,739.5891723632812
2022-01-12,AXISBANK.NS,Axis Bank,Private,743.1714477539062
2022-01-13,AXISBANK.NS,Axis Bank,Private,737.0517578125
2022-01-14,AXISBANK.NS,Axis Bank,Private,718.1453247070312
2022-01-17,AXISBANK.NS,Axis Bank,Private,709.1398315429688
2022-01-18,AXISBANK.NS,Axis Bank,Private,721.628173828125
2022-01-19,AXISBANK.NS,Axis Bank,Private,726.00634765625
2022-01-20,AXISBANK.NS,Axis Bank,Private,725.3098754882812
2022-01-21,AXISBANK.NS,Axis Bank,Private,708.9906616210938
2022-01-24,AXISBANK.NS,Axis Bank,Private,701.1295166015625
2022-01-25,AXISBANK.NS,Axis Bank,Private,748.4950561523438
2022-01-27,AXISBANK.NS,Axis Bank,Private,770.0383911132812
2022-01-28,AXISBANK.NS,Axis Bank,Private,760.9335327148438
2022-01-31,AXISBANK.NS,Axis Bank,Private,769.2423095703125
2022-02-01,AXISBANK.NS,Axis Bank,Private,778.0488891601562
2022-02-02,AXISBANK.NS,Axis Bank,Private,800.139404296875
2022-02-03,AXISBANK.NS,Axis Bank,Private,795.6118774414062
2022-02-04,AXISBANK.NS,Axis Bank,Private,794.6168823242188
2022-02-07,AXISBANK.NS,Axis Bank,Private,785.7108154296875
2022-02-08,AXISBANK.NS,Axis Bank,Private,794.6168823242188
2022-02-09,AXISBANK.NS,Axis Bank,Private,799.8906860351562
2022-02-10,AXISBANK.NS,Axis Bank,Private,805.8113403320312
2022-02-11,AXISBANK.NS,Axis Bank,Private,799.8408813476562
2022-02-14,AXISBANK.NS,Axis Bank,Private,769.5408935546875
2022-02-15,AXISBANK.NS,Axis Bank,Private,793.0247192382812
2022-02-16,AXISBANK.NS,Axis Bank,Private,793.1241455078125
2022-02-17,AXISBANK.NS,Axis Bank,Private,778.9443359375
2022-02-18,AXISBANK.NS,Axis Bank,Private,783.521728515625
2022-02-21,AXISBANK.NS,Axis Bank,Private,784.964599609375
2022-02-22,AXISBANK.NS,Axis Bank,Private,775.3123779296875
2022-02-23,AXISBANK.NS,Axis Bank,Private,773.3719482421875
2022-02-24,AXISBANK.NS,Axis Bank,Private,726.7029418945312
2022-02-25,AXISBANK.NS,Axis Bank,Private,754.3162841796875
2022-02-28,AXISBANK.NS,Axis Bank,Private,738.743408203125
2022-03-02,AXISBANK.NS,Axis Bank,Private,746.5547485351562
2022-03-03,AXISBANK.NS,Axis Bank,Private,734.0167846679688
2022-03-04,AXISBANK.NS,Axis Bank,Private,711.478271484375
2022-03-07,AXISBANK.NS,Axis Bank,Private,664.2620849609375
2022-03-08,AXISBANK.NS,Axis Bank,Private,667.0980834960938
2022-03-09,AXISBANK.NS,Axis Bank,Private,670.8792724609375
2022-03-10,AXISBANK.NS,Axis Bank,Private,691.527099609375
2022-03-11,AXISBANK.NS,Axis Bank,Private,687.4472045898438
2022-03-14,AXISBANK.NS,Axis Bank,Private,706.552734375
2022-03-15,AXISBANK.NS,Axis Bank,Private,694.7113647460938
2022-03-16,AXISBANK.NS,Axis Bank,Private,720.28466796875
2022-03-17,AXISBANK.NS,Axis Bank,Private,735.6088256835938
2022-03-21,AXISBANK.NS,Axis Bank,Private,722.3246459960938
2022-03-22,AXISBANK.NS,Axis Bank,Private,727.7974853515625
2022-03-23,AXISBANK.NS,Axis Bank,Private,723.17041015625
2022-03-24,AXISBANK.NS,Axis Bank,Private,718.692626953125
2022-03-25,AXISBANK.NS,Axis Bank,Private,717.6975708007812
2022-03-28,AXISBANK.NS,Axis Bank,Private,732.3748168945312
2022-03-29,AXISBANK.NS,Axis Bank,Private,734.1660766601562
2022-03-30,AXISBANK.NS,Axis Bank,Private,746.7537841796875
2022-03-31,AXISBANK.NS,Axis Bank,Private,757.4010620117188
2022-04-01,AXISBANK.NS,Axis Bank,Private,770.7349853515625
2022-04-04,AXISBANK.NS,Axis Bank,Private,780.2379760742188
2022-04-05,AXISBANK.NS,Axis Bank,Private,779.242919921875
2022-04-06,AXISBANK.NS,Axis Bank,Private,769.8892211914062
2022-04-07,AXISBANK.NS,Axis Bank,Private,788.198486328125
2022-04-08,AXISBANK.NS,Axis Bank,Private,790.98486328125
2022-04-11,AXISBANK.NS,Axis Bank,Private,782.1782836914062
2022-04-12,AXISBANK.NS,Axis Bank,Private,794.5172729492188
2022-04-13,AXISBANK.NS,Axis Bank,Private,789.1439208984375
2022-04-18,AXISBANK.NS,Axis Bank,Private,794.915283203125
2022-04-19,AXISBANK.NS,Axis Bank,Private,793.8704833984375
2022-04-20,AXISBANK.NS,Axis Bank,Private,790.7857666015625
2022-04-21,AXISBANK.NS,Axis Bank,Private,797.8507690429688
2022-04-22,AXISBANK.NS,Axis Bank,Private,776.7551879882812
2022-04-25,AXISBANK.NS,Axis Bank,Private,776.854736328125
2022-04-26,AXISBANK.NS,Axis Bank,Private,771.182861328125
2022-04-27,AXISBANK.NS,Axis Bank,Private,762.127685546875
2022-04-28,AXISBANK.NS,Axis Bank,Private,775.9591674804688
2022-04-29,AXISBANK.NS,Axis Bank,Private,725.0112915039062
2022-05-02,AXISBANK.NS,Axis Bank,Private,723.7674560546875
2022-05-04,AXISBANK.NS,Axis Bank,Private,703.7167358398438
2022-05-05,AXISBANK.NS,Axis Bank,Private,698.8905639648438
2022-05-06,AXISBANK.NS,Axis Bank,Private,670.0831909179688
2022-05-09,AXISBANK.NS,Axis Bank,Private,660.4309692382812
2022-05-10,AXISBANK.NS,Axis Bank,Private,656.5004272460938
2022-05-11,AXISBANK.NS,Axis Bank,Private,669.038330078125
2022-05-12,AXISBANK.NS,Axis Bank,Private,646.4502563476562
2022-05-13,AXISBANK.NS,Axis Bank,Private,632.8176879882812
2022-05-16,AXISBANK.NS,Axis Bank,Private,635.8028564453125
2022-05-17,AXISBANK.NS,Axis Bank,Private,651.72412109375
2022-05-18,AXISBANK.NS,Axis Bank,Private,656.2019653320312
2022-05-19,AXISBANK.NS,Axis Bank,Private,646.9976196289062
2022-05-20,AXISBANK.NS,Axis Bank,Private,669.78466796875
2022-05-23,AXISBANK.NS,Axis Bank,Private,672.0235595703125
2022-05-24,AXISBANK.NS,Axis Bank,Private,660.779296875
2022-05-25,AXISBANK.NS,Axis Bank,Private,661.724609375
2022-05-26,AXISBANK.NS,Axis Bank,Private,679.8847045898438
2022-05-27,AXISBANK.NS,Axis Bank,Private,684.9098510742188
2022-05-30,AXISBANK.NS,Axis Bank,Private,690.2334594726562
2022-05-31,AXISBANK.NS,Axis Bank,Private,681.8251342773438
2022-06-01,AXISBANK.NS,Axis Bank,Private,682.6708374023438
2022-06-02,AXISBANK.NS,Axis Bank,Private,688.1438598632812
2022-06-03,AXISBANK.NS,Axis Bank,Private,673.9639282226562
2022-06-06,AXISBANK.NS,Axis Bank,Private,668.8890991210938
2022-06-07,AXISBANK.NS,Axis Bank,Private,662.5703735351562
2022-06-08,AXISBANK.NS,Axis Bank,Private,655.3561401367188
2022-06-09,AXISBANK.NS,Axis Bank,Private,658.0427856445312
2022-06-10,AXISBANK.NS,Axis Bank,Private,657.4457397460938
2022-06-13,AXISBANK.NS,Axis Bank,Private,645.7536010742188
2022-06-14,AXISBANK.NS,Axis Bank,Private,647.5447998046875
2022-06-15,AXISBANK.NS,Axis Bank,Private,647.2960205078125
2022-06-16,AXISBANK.NS,Axis Bank,Private,631.77294921875
2022-06-17,AXISBANK.NS,Axis Bank,Private,632.0714111328125
2022-06-20,AXISBANK.NS,Axis Bank,Private,625.2053833007812
2022-06-21,AXISBANK.NS,Axis Bank,Private,633.364990234375
2022-06-22,AXISBANK.NS,Axis Bank,Private,623.7127685546875
2022-06-23,AXISBANK.NS,Axis Bank,Private,626.2501831054688
2022-06-24,AXISBANK.NS,Axis Bank,Private,630.8772583007812
2022-06-27,AXISBANK.NS,Axis Bank,Private,633.9619750976562
2022-06-28,AXISBANK.NS,Axis Bank,Private,639.1862182617188
2022-06-29,AXISBANK.NS,Axis Bank,Private,622.4688720703125
2022-06-30,AXISBANK.NS,Axis Bank,Private,633.6634521484375
2022-07-01,AXISBANK.NS,Axis Bank,Private,640.7783203125
2022-07-04,AXISBANK.NS,Axis Bank,Private,651.126953125
2022-07-05,AXISBANK.NS,Axis Bank,Private,645.3058471679688
2022-07-06,AXISBANK.NS,Axis Bank,Private,654.7093505859375
2022-07-07,AXISBANK.NS,Axis Bank,Private,655.9052124023438
2022-07-08,AXISBANK.NS,Axis Bank,Private,666.86767578125
2022-07-11,AXISBANK.NS,Axis Bank,Private,677.5311889648438
2022-07-12,AXISBANK.NS,Axis Bank,Private,673.8936767578125
2022-07-13,AXISBANK.NS,Axis Bank,Private,677.5810546875
2022-07-14,AXISBANK.NS,Axis Bank,Private,665.9707641601562
2022-07-15,AXISBANK.NS,Axis Bank,Private,659.9413452148438
2022-07-18,AXISBANK.NS,Axis Bank,Private,682.1653442382812
2022-07-19,AXISBANK.NS,Axis Bank,Private,698.2103881835938
2022-07-20,AXISBANK.NS,Axis Bank,Private,703.2930297851562
2022-07-21,AXISBANK.NS,Axis Bank,Private,713.109375
2022-07-22,AXISBANK.NS,Axis Bank,Private,728.2576293945312
2022-07-25,AXISBANK.NS,Axis Bank,Private,724.869140625
2022-07-26,AXISBANK.NS,Axis Bank,Private,704.0404663085938
2022-07-27,AXISBANK.NS,Axis Bank,Private,716.497802734375
2022-07-28,AXISBANK.NS,Axis Bank,Private,723.4241333007812
2022-07-29,AXISBANK.NS,Axis Bank,Private,722.2780151367188
2022-08-01,AXISBANK.NS,Axis Bank,Private,728.307373046875
2022-08-02,AXISBANK.NS,Axis Bank,Private,727.9585571289062
2022-08-03,AXISBANK.NS,Axis Bank,Private,728.0084228515625
2022-08-04,AXISBANK.NS,Axis Bank,Private,719.1387329101562
2022-08-05,AXISBANK.NS,Axis Bank,Private,726.0152587890625
2022-08-08,AXISBANK.NS,Axis Bank,Private,743.007080078125
2022-08-10,AXISBANK.NS,Axis Bank,Private,736.4794921875
2022-08-11,AXISBANK.NS,Axis Bank,Private,756.26171875
2022-08-12,AXISBANK.NS,Axis Bank,Private,757.9559326171875
2022-08-16,AXISBANK.NS,Axis Bank,Private,762.0420532226562
2022-08-17,AXISBANK.NS,Axis Bank,Private,769.4664916992188
2022-08-18,AXISBANK.NS,Axis Bank,Private,762.4405517578125
2022-08-19,AXISBANK.NS,Axis Bank,Private,754.9163818359375
2022-08-22,AXISBANK.NS,Axis Bank,Private,739.3197021484375
2022-08-23,AXISBANK.NS,Axis Bank,Private,744.501953125
2022-08-24,AXISBANK.NS,Axis Bank,Private,747.5914916992188
2022-08-25,AXISBANK.NS,Axis Bank,Private,740.8145751953125
2022-08-26,AXISBANK.NS,Axis Bank,Private,742.3593139648438
2022-08-29,AXISBANK.NS,Axis Bank,Private,726.214599609375
2022-08-30,AXISBANK.NS,Axis Bank,Private,748.9368286132812
2022-09-01,AXISBANK.NS,Axis Bank,Private,741.6119384765625
2022-09-02,AXISBANK.NS,Axis Bank,Private,747.6412353515625
2022-09-05,AXISBANK.NS,Axis Bank,Private,753.5210571289062
2022-09-06,AXISBANK.NS,Axis Bank,Private,747.4419555664062
2022-09-07,AXISBANK.NS,Axis Bank,Private,752.8235473632812
2022-09-08,AXISBANK.NS,Axis Bank,Private,777.0905151367188
2022-09-09,AXISBANK.NS,Axis Bank,Private,782.1730346679688
2022-09-12,AXISBANK.NS,Axis Bank,Private,798.2680053710938
2022-09-13,AXISBANK.NS,Axis Bank,Private,802.8024291992188
2022-09-14,AXISBANK.NS,Axis Bank,Private,800.31103515625
2022-09-15,AXISBANK.NS,Axis Bank,Private,787.305419921875
2022-09-16,AXISBANK.NS,Axis Bank,Private,786.6078491210938
2022-09-19,AXISBANK.NS,Axis Bank,Private,795.3778076171875
2022-09-20,AXISBANK.NS,Axis Bank,Private,809.9779052734375
2022-09-21,AXISBANK.NS,Axis Bank,Private,803.799072265625
2022-09-22,AXISBANK.NS,Axis Bank,Private,786.5082397460938
2022-09-23,AXISBANK.NS,Axis Bank,Private,765.978515625
2022-09-26,AXISBANK.NS,Axis Bank,Private,740.067138671875
2022-09-27,AXISBANK.NS,Axis Bank,Private,734.984619140625
2022-09-28,AXISBANK.NS,Axis Bank,Private,714.00634765625
2022-09-29,AXISBANK.NS,Axis Bank,Private,716.5476684570312
2022-09-30,AXISBANK.NS,Axis Bank,Private,730.6992797851562
2022-10-03,AXISBANK.NS,Axis Bank,Private,720.284912109375
2022-10-04,AXISBANK.NS,Axis Bank,Private,740.2664794921875
2022-10-06,AXISBANK.NS,Axis Bank,Private,752.5245361328125
2022-10-07,AXISBANK.NS,Axis Bank,Private,753.12255859375
2022-10-10,AXISBANK.NS,Axis Bank,Private,774.2003173828125
2022-10-11,AXISBANK.NS,Axis Bank,Private,782.8707275390625
2022-10-12,AXISBANK.NS,Axis Bank,Private,805.9417114257812
2022-10-13,AXISBANK.NS,Axis Bank,Private,799.2645874023438
2022-10-14,AXISBANK.NS,Axis Bank,Private,797.7696533203125
2022-10-17,AXISBANK.NS,Axis Bank,Private,811.3731689453125
2022-10-18,AXISBANK.NS,Axis Bank,Private,813.5656127929688
2022-10-19,AXISBANK.NS,Axis Bank,Private,827.01953125
2022-10-20,AXISBANK.NS,Axis Bank,Private,823.033203125
2022-10-21,AXISBANK.NS,Axis Bank,Private,897.3289794921875
2022-10-24,AXISBANK.NS,Axis Bank,Private,906.3480834960938
2022-10-25,AXISBANK.NS,Axis Bank,Private,899.7705688476562
2022-10-27,AXISBANK.NS,Axis Bank,Private,912.0286865234375
2022-10-28,AXISBANK.NS,Axis Bank,Private,899.9699096679688
2022-10-31,AXISBANK.NS,Axis Bank,Private,902.9098510742188
2022-11-01,AXISBANK.NS,Axis Bank,Private,868.776611328125
2022-11-02,AXISBANK.NS,Axis Bank,Private,860.6046752929688
2022-11-03,AXISBANK.NS,Axis Bank,Private,861.1029663085938
2022-11-04,AXISBANK.NS,Axis Bank,Private,865.1390380859375
2022-11-07,AXISBANK.NS,Axis Bank,Private,869.9725341796875
2022-11-09,AXISBANK.NS,Axis Bank,Private,870.7200927734375
2022-11-10,AXISBANK.NS,Axis Bank,Private,840.8223266601562
2022-11-11,AXISBANK.NS,Axis Bank,Private,847.7984619140625
2022-11-14,AXISBANK.NS,Axis Bank,Private,848.097412109375
2022-11-15,AXISBANK.NS,Axis Bank,Private,855.721435546875
2022-11-16,AXISBANK.NS,Axis Bank,Private,852.4824829101562
2022-11-17,AXISBANK.NS,Axis Bank,Private,855.2728271484375
2022-11-18,AXISBANK.NS,Axis Bank,Private,856.26953125
2022-11-21,AXISBANK.NS,Axis Bank,Private,867.0824584960938
2022-11-22,AXISBANK.NS,Axis Bank,Private,867.0824584960938
2022-11-23,AXISBANK.NS,Axis Bank,Private,871.7166137695312
2022-11-24,AXISBANK.NS,Axis Bank,Private,875.553466796875
2022-11-25,AXISBANK.NS,Axis Bank,Private,884.7221069335938
2022-11-28,AXISBANK.NS,Axis Bank,Private,888.6586303710938
2022-11-29,AXISBANK.NS,Axis Bank,Private,889.5057373046875
2022-11-30,AXISBANK.NS,Axis Bank,Private,898.1760864257812
2022-12-01,AXISBANK.NS,Axis Bank,Private,900.7671508789062
2022-12-02,AXISBANK.NS,Axis Bank,Private,902.0628051757812
2022-12-05,AXISBANK.NS,Axis Bank,Private,896.133056640625
2022-12-06,AXISBANK.NS,Axis Bank,Private,901.564453125
2022-12-07,AXISBANK.NS,Axis Bank,Private,911.5303955078125
2022-12-08,AXISBANK.NS,Axis Bank,Private,936.1461181640625
2022-12-09,AXISBANK.NS,Axis Bank,Private,930.515380859375
2022-12-12,AXISBANK.NS,Axis Bank,Private,935.4486083984375
2022-12-13,AXISBANK.NS,Axis Bank,Private,941.3782348632812
2022-12-14,AXISBANK.NS,Axis Bank,Private,939.1856689453125
2022-12-15,AXISBANK.NS,Axis Bank,Private,934.9502563476562
2022-12-16,AXISBANK.NS,Axis Bank,Private,931.9105224609375
2022-12-19,AXISBANK.NS,Axis Bank,Private,942.9727172851562
2022-12-20,AXISBANK.NS,Axis Bank,Private,946.5106201171875
2022-12-21,AXISBANK.NS,Axis Bank,Private,929.1201782226562
2022-12-22,AXISBANK.NS,Axis Bank,Private,916.41357421875
2022-12-23,AXISBANK.NS,Axis Bank,Private,903.5078125
2022-12-26,AXISBANK.NS,Axis Bank,Private,925.532470703125
2022-12-27,AXISBANK.NS,Axis Bank,Private,929.0205078125
2022-12-28,AXISBANK.NS,Axis Bank,Private,921.5460815429688
2022-12-29,AXISBANK.NS,Axis Bank,Private,931.3624267578125
2022-12-30,AXISBANK.NS,Axis Bank,Private,930.5651245117188
2023-01-02,AXISBANK.NS,Axis Bank,Private,938.3883666992188
2023-01-03,AXISBANK.NS,Axis Bank,Private,959.017822265625
2023-01-04,AXISBANK.NS,Axis Bank,Private,954.184326171875
2023-01-05,AXISBANK.NS,Axis Bank,Private,946.3113403320312
2023-01-06,AXISBANK.NS,Axis Bank,Private,936.6942749023438
2023-01-09,AXISBANK.NS,Axis Bank,Private,955.4799194335938
2023-01-10,AXISBANK.NS,Axis Bank,Private,948.9024047851562
2023-01-11,AXISBANK.NS,Axis Bank,Private,946.5106201171875
2023-01-12,AXISBANK.NS,Axis Bank,Private,932.3590698242188
2023-01-13,AXISBANK.NS,Axis Bank,Private,930.9638061523438
2023-01-16,AXISBANK.NS,Axis Bank,Private,910.0355224609375
2023-01-17,AXISBANK.NS,Axis Bank,Private,914.5699462890625
2023-01-18,AXISBANK.NS,Axis Bank,Private,920.8484497070312
2023-01-19,AXISBANK.NS,Axis Bank,Private,925.532470703125
2023-01-20,AXISBANK.NS,Axis Bank,Private,927.3761596679688
2023-01-23,AXISBANK.NS,Axis Bank,Private,929.5188598632812
2023-01-24,AXISBANK.NS,Axis Bank,Private,907.0955200195312
2023-01-25,AXISBANK.NS,Axis Bank,Private,889.306396484375
2023-01-27,AXISBANK.NS,Axis Bank,Private,870.7698364257812
2023-01-30,AXISBANK.NS,Axis Bank,Private,868.8762817382812
2023-01-31,AXISBANK.NS,Axis Bank,Private,868.6271362304688
2023-02-01,AXISBANK.NS,Axis Bank,Private,854.3261108398438
2023-02-02,AXISBANK.NS,Axis Bank,Private,865.4879150390625
2023-02-03,AXISBANK.NS,Axis Bank,Private,879.5896606445312
2023-02-06,AXISBANK.NS,Axis Bank,Private,879.6395263671875
2023-02-07,AXISBANK.NS,Axis Bank,Private,876.1016235351562
2023-02-08,AXISBANK.NS,Axis Bank,Private,868.776611328125
2023-02-09,AXISBANK.NS,Axis Bank,Private,864.740478515625
2023-02-10,AXISBANK.NS,Axis Bank,Private,864.2919921875
2023-02-13,AXISBANK.NS,Axis Bank,Private,856.1697998046875
2023-02-14,AXISBANK.NS,Axis Bank,Private,867.7800903320312
2023-02-15,AXISBANK.NS,Axis Bank,Private,865.3384399414062
2023-02-16,AXISBANK.NS,Axis Bank,Private,861.8005981445312
2023-02-17,AXISBANK.NS,Axis Bank,Private,851.984130859375
2023-02-20,AXISBANK.NS,Axis Bank,Private,843.8619384765625
2023-02-21,AXISBANK.NS,Axis Bank,Private,841.171142578125
2023-02-22,AXISBANK.NS,Axis Bank,Private,830.5076293945312
2023-02-23,AXISBANK.NS,Axis Bank,Private,841.4700927734375
2023-02-24,AXISBANK.NS,Axis Bank,Private,848.49609375
2023-02-27,AXISBANK.NS,Axis Bank,Private,851.43603515625
2023-02-28,AXISBANK.NS,Axis Bank,Private,841.220947265625
2023-03-01,AXISBANK.NS,Axis Bank,Private,862.19921875
2023-03-02,AXISBANK.NS,Axis Bank,Private,842.5663452148438
2023-03-03,AXISBANK.NS,Axis Bank,Private,849.7418212890625
2023-03-06,AXISBANK.NS,Axis Bank,Private,856.5684814453125
2023-03-08,AXISBANK.NS,Axis Bank,Private,858.0135498046875
2023-03-09,AXISBANK.NS,Axis Bank,Private,864.840087890625
2023-03-10,AXISBANK.NS,Axis Bank,Private,848.994384765625
2023-03-13,AXISBANK.NS,Axis Bank,Private,829.5110473632812
2023-03-14,AXISBANK.NS,Axis Bank,Private,830.00927734375
2023-03-15,AXISBANK.NS,Axis Bank,Private,821.2393798828125
2023-03-16,AXISBANK.NS,Axis Bank,Private,827.7171630859375
2023-03-17,AXISBANK.NS,Axis Bank,Private,834.5438842773438
2023-03-20,AXISBANK.NS,Axis Bank,Private,834.6932983398438
2023-03-21,AXISBANK.NS,Axis Bank,Private,852.6817626953125
2023-03-22,AXISBANK.NS,Axis Bank,Private,846.7520751953125
2023-03-23,AXISBANK.NS,Axis Bank,Private,845.9049072265625
2023-03-24,AXISBANK.NS,Axis Bank,Private,837.0353393554688
2023-03-27,AXISBANK.NS,Axis Bank,Private,830.5076293945312
2023-03-28,AXISBANK.NS,Axis Bank,Private,829.6107788085938
2023-03-29,AXISBANK.NS,Axis Bank,Private,839.72607421875
2023-03-31,AXISBANK.NS,Axis Bank,Private,855.5718383789062
2023-04-03,AXISBANK.NS,Axis Bank,Private,861.6510620117188
2023-04-05,AXISBANK.NS,Axis Bank,Private,857.5650024414062
2023-04-06,AXISBANK.NS,Axis Bank,Private,849.0442504882812
2023-04-10,AXISBANK.NS,Axis Bank,Private,844.4598388671875
2023-04-11,AXISBANK.NS,Axis Bank,Private,850.3895874023438
2023-04-12,AXISBANK.NS,Axis Bank,Private,848.1472778320312
2023-04-13,AXISBANK.NS,Axis Bank,Private,861.4019165039062
2023-04-17,AXISBANK.NS,Axis Bank,Private,861.6011962890625
2023-04-18,AXISBANK.NS,Axis Bank,Private,860.4052124023438
2023-04-19,AXISBANK.NS,Axis Bank,Private,870.4210815429688
2023-04-20,AXISBANK.NS,Axis Bank,Private,865.786865234375
2023-04-21,AXISBANK.NS,Axis Bank,Private,861.2525024414062
2023-04-24,AXISBANK.NS,Axis Bank,Private,879.2906494140625
2023-04-25,AXISBANK.NS,Axis Bank,Private,875.3541259765625
2023-04-26,AXISBANK.NS,Axis Bank,Private,884.6224975585938
2023-04-27,AXISBANK.NS,Axis Bank,Private,878.393798828125
2023-04-28,AXISBANK.NS,Axis Bank,Private,857.0667724609375
2023-05-02,AXISBANK.NS,Axis Bank,Private,867.680419921875
2023-05-03,AXISBANK.NS,Axis Bank,Private,856.917236328125
2023-05-04,AXISBANK.NS,Axis Bank,Private,862.9965209960938
2023-05-05,AXISBANK.NS,Axis Bank,Private,862.3486938476562
2023-05-08,AXISBANK.NS,Axis Bank,Private,875.453857421875
2023-05-09,AXISBANK.NS,Axis Bank,Private,885.2203979492188
2023-05-10,AXISBANK.NS,Axis Bank,Private,886.86474609375
2023-05-11,AXISBANK.NS,Axis Bank,Private,892.8941650390625
2023-05-12,AXISBANK.NS,Axis Bank,Private,907.5440063476562
2023-05-15,AXISBANK.NS,Axis Bank,Private,912.6764526367188
2023-05-16,AXISBANK.NS,Axis Bank,Private,914.669677734375
2023-05-17,AXISBANK.NS,Axis Bank,Private,911.6798095703125
2023-05-18,AXISBANK.NS,Axis Bank,Private,911.5802001953125
2023-05-19,AXISBANK.NS,Axis Bank,Private,920.8982543945312
2023-05-22,AXISBANK.NS,Axis Bank,Private,914.4204711914062
2023-05-23,AXISBANK.NS,Axis Bank,Private,913.0252685546875
2023-05-24,AXISBANK.NS,Axis Bank,Private,914.5699462890625
2023-05-25,AXISBANK.NS,Axis Bank,Private,917.9085083007812
2023-05-26,AXISBANK.NS,Axis Bank,Private,923.7883911132812
2023-05-29,AXISBANK.NS,Axis Bank,Private,926.6286010742188
2023-05-30,AXISBANK.NS,Axis Bank,Private,934.2526245117188
2023-05-31,AXISBANK.NS,Axis Bank,Private,911.7296752929688
2023-06-01,AXISBANK.NS,Axis Bank,Private,916.5631713867188
2023-06-02,AXISBANK.NS,Axis Bank,Private,922.9412841796875
2023-06-05,AXISBANK.NS,Axis Bank,Private,947.6068725585938
2023-06-06,AXISBANK.NS,Axis Bank,Private,964.897705078125
2023-06-07,AXISBANK.NS,Axis Bank,Private,973.4185791015625
2023-06-08,AXISBANK.NS,Axis Bank,Private,958.8184814453125
2023-06-09,AXISBANK.NS,Axis Bank,Private,971.4253540039062
2023-06-12,AXISBANK.NS,Axis Bank,Private,970.8772583007812
2023-06-13,AXISBANK.NS,Axis Bank,Private,982.4874877929688
2023-06-14,AXISBANK.NS,Axis Bank,Private,974.3653564453125
2023-06-15,AXISBANK.NS,Axis Bank,Private,973.8171997070312
2023-06-16,AXISBANK.NS,Axis Bank,Private,978.2022094726562
2023-06-19,AXISBANK.NS,Axis Bank,Private,962.3564453125
2023-06-20,AXISBANK.NS,Axis Bank,Private,971.5250244140625
2023-06-21,AXISBANK.NS,Axis Bank,Private,962.7052001953125
2023-06-22,AXISBANK.NS,Axis Bank,Private,963.3031616210938
2023-06-23,AXISBANK.NS,Axis Bank,Private,955.1311645507812
2023-06-26,AXISBANK.NS,Axis Bank,Private,957.2737426757812
2023-06-27,AXISBANK.NS,Axis Bank,Private,969.9304809570312
2023-06-28,AXISBANK.NS,Axis Bank,Private,974.8636474609375
2023-06-30,AXISBANK.NS,Axis Bank,Private,984.08203125
2023-07-03,AXISBANK.NS,Axis Bank,Private,978.750244140625
2023-07-04,AXISBANK.NS,Axis Bank,Private,967.38916015625
2023-07-05,AXISBANK.NS,Axis Bank,Private,963.2034912109375
2023-07-06,AXISBANK.NS,Axis Bank,Private,977.604248046875
2023-07-07,AXISBANK.NS,Axis Bank,Private,974.3619995117188
2023-07-10,AXISBANK.NS,Axis Bank,Private,961.7423095703125
2023-07-11,AXISBANK.NS,Axis Bank,Private,950.9182739257812
2023-07-12,AXISBANK.NS,Axis Bank,Private,947.7258911132812
2023-07-13,AXISBANK.NS,Axis Bank,Private,957.8516235351562
2023-07-14,AXISBANK.NS,Axis Bank,Private,954.7589721679688
2023-07-17,AXISBANK.NS,Axis Bank,Private,962.5403442382812
2023-07-18,AXISBANK.NS,Axis Bank,Private,961.34326171875
2023-07-19,AXISBANK.NS,Axis Bank,Private,961.99169921875
2023-07-20,AXISBANK.NS,Axis Bank,Private,975.5591430664062
2023-07-21,AXISBANK.NS,Axis Bank,Private,968.974853515625
2023-07-24,AXISBANK.NS,Axis Bank,Private,969.1744384765625
2023-07-25,AXISBANK.NS,Axis Bank,Private,960.1959228515625
2023-07-26,AXISBANK.NS,Axis Bank,Private,974.4617309570312
2023-07-27,AXISBANK.NS,Axis Bank,Private,957.6021728515625
2023-07-28,AXISBANK.NS,Axis Bank,Private,947.676025390625
2023-07-31,AXISBANK.NS,Axis Bank,Private,951.6165771484375
2023-08-01,AXISBANK.NS,Axis Bank,Private,957.6021728515625
2023-08-02,AXISBANK.NS,Axis Bank,Private,942.9872436523438
2023-08-03,AXISBANK.NS,Axis Bank,Private,933.310546875
2023-08-04,AXISBANK.NS,Axis Bank,Private,949.9705200195312
2023-08-07,AXISBANK.NS,Axis Bank,Private,945.1321411132812
2023-08-08,AXISBANK.NS,Axis Bank,Private,950.6190185546875
2023-08-09,AXISBANK.NS,Axis Bank,Private,947.7258911132812
2023-08-10,AXISBANK.NS,Axis Bank,Private,937.50048828125
2023-08-11,AXISBANK.NS,Axis Bank,Private,934.9566040039062
2023-08-14,AXISBANK.NS,Axis Bank,Private,937.699951171875
2023-08-16,AXISBANK.NS,Axis Bank,Private,930.8164672851562
2023-08-17,AXISBANK.NS,Axis Bank,Private,934.30810546875
2023-08-18,AXISBANK.NS,Axis Bank,Private,940.7925415039062
2023-08-21,AXISBANK.NS,Axis Bank,Private,950.319580078125
2023-08-22,AXISBANK.NS,Axis Bank,Private,954.7589721679688
2023-08-23,AXISBANK.NS,Axis Bank,Private,976.9058837890625
2023-08-24,AXISBANK.NS,Axis Bank,Private,979.0007934570312
2023-08-25,AXISBANK.NS,Axis Bank,Private,980.74658203125
2023-08-28,AXISBANK.NS,Axis Bank,Private,987.8297119140625
2023-08-29,AXISBANK.NS,Axis Bank,Private,978.3524780273438
2023-08-30,AXISBANK.NS,Axis Bank,Private,980.9960327148438
2023-08-31,AXISBANK.NS,Axis Bank,Private,971.169677734375
2023-09-01,AXISBANK.NS,Axis Bank,Private,988.7774658203125
2023-09-04,AXISBANK.NS,Axis Bank,Private,979.898681640625
2023-09-05,AXISBANK.NS,Axis Bank,Private,979.1005859375
2023-09-06,AXISBANK.NS,Axis Bank,Private,962.7398681640625
2023-09-07,AXISBANK.NS,Axis Bank,Private,975.8583984375
2023-09-08,AXISBANK.NS,Axis Bank,Private,977.9534301757812
2023-09-11,AXISBANK.NS,Axis Bank,Private,998.0053100585938
2023-09-12,AXISBANK.NS,Axis Bank,Private,998.504150390625
2023-09-13,AXISBANK.NS,Axis Bank,Private,1012.0216674804688
2023-09-14,AXISBANK.NS,Axis Bank,Private,1018.4561767578125
2023-09-15,AXISBANK.NS,Axis Bank,Private,1024.6912841796875
2023-09-18,AXISBANK.NS,Axis Bank,Private,1022.2970581054688
2023-09-20,AXISBANK.NS,Axis Bank,Private,1024.8409423828125
2023-09-21,AXISBANK.NS,Axis Bank,Private,1012.0216674804688
2023-09-22,AXISBANK.NS,Axis Bank,Private,1015.8125610351562
2023-09-25,AXISBANK.NS,Axis Bank,Private,1016.5109252929688
2023-09-26,AXISBANK.NS,Axis Bank,Private,1011.7223510742188
2023-09-27,AXISBANK.NS,Axis Bank,Private,1022.745849609375
2023-09-28,AXISBANK.NS,Axis Bank,Private,1028.4322509765625
2023-09-29,AXISBANK.NS,Axis Bank,Private,1034.21826171875
2023-10-03,AXISBANK.NS,Axis Bank,Private,1038.5579833984375
2023-10-04,AXISBANK.NS,Axis Bank,Private,993.1668090820312
2023-10-05,AXISBANK.NS,Axis Bank,Private,1000.8484497070312
2023-10-06,AXISBANK.NS,Axis Bank,Private,998.553955078125
2023-10-09,AXISBANK.NS,Axis Bank,Private,993.8651733398438
2023-10-10,AXISBANK.NS,Axis Bank,Private,1009.8268432617188
2023-10-11,AXISBANK.NS,Axis Bank,Private,1016.6605224609375
2023-10-12,AXISBANK.NS,Axis Bank,Private,1016.0120849609375
2023-10-13,AXISBANK.NS,Axis Bank,Private,991.67041015625
2023-10-16,AXISBANK.NS,Axis Bank,Private,1002.3946533203125
2023-10-17,AXISBANK.NS,Axis Bank,Private,1005.6369018554688
2023-10-18,AXISBANK.NS,Axis Bank,Private,990.4732666015625
2023-10-19,AXISBANK.NS,Axis Bank,Private,989.02685546875
2023-10-20,AXISBANK.NS,Axis Bank,Private,978.0032348632812
2023-10-23,AXISBANK.NS,Axis Bank,Private,961.99169921875
2023-10-25,AXISBANK.NS,Axis Bank,Private,953.1629028320312
2023-10-26,AXISBANK.NS,Axis Bank,Private,969.72314453125
2023-10-27,AXISBANK.NS,Axis Bank,Private,1000.349609375
2023-10-30,AXISBANK.NS,Axis Bank,Private,986.83203125
2023-10-31,AXISBANK.NS,Axis Bank,Private,979.4996337890625
2023-11-01,AXISBANK.NS,Axis Bank,Private,969.4736938476562
2023-11-02,AXISBANK.NS,Axis Bank,Private,980.5969848632812
2023-11-03,AXISBANK.NS,Axis Bank,Private,986.48291015625
2023-11-06,AXISBANK.NS,Axis Bank,Private,1006.9837036132812
2023-11-07,AXISBANK.NS,Axis Bank,Private,1018.4561767578125
2023-11-08,AXISBANK.NS,Axis Bank,Private,1019.2542724609375
2023-11-09,AXISBANK.NS,Axis Bank,Private,1019.4537963867188
2023-11-10,AXISBANK.NS,Axis Bank,Private,1026.736328125
2023-11-13,AXISBANK.NS,Axis Bank,Private,1022.8955078125
2023-11-15,AXISBANK.NS,Axis Bank,Private,1038.857177734375
2023-11-16,AXISBANK.NS,Axis Bank,Private,1023.8931274414062
2023-11-17,AXISBANK.NS,Axis Bank,Private,991.9696655273438
2023-11-20,AXISBANK.NS,Axis Bank,Private,986.3333129882812
2023-11-21,AXISBANK.NS,Axis Bank,Private,989.4258422851562
2023-11-22,AXISBANK.NS,Axis Bank,Private,995.7107543945312
2023-11-23,AXISBANK.NS,Axis Bank,Private,996.6585083007812
2023-11-24,AXISBANK.NS,Axis Bank,Private,1006.0859375
2023-11-28,AXISBANK.NS,Axis Bank,Private,1018.7056274414062
2023-11-29,AXISBANK.NS,Axis Bank,Private,1057.6123046875
2023-11-30,AXISBANK.NS,Axis Bank,Private,1071.678466796875
2023-12-01,AXISBANK.NS,Axis Bank,Private,1102.0057373046875
2023-12-04,AXISBANK.NS,Axis Bank,Private,1122.905517578125
2023-12-05,AXISBANK.NS,Axis Bank,Private,1129.7391357421875
2023-12-06,AXISBANK.NS,Axis Bank,Private,1117.8177490234375
2023-12-07,AXISBANK.NS,Axis Bank,Private,1115.1741943359375
2023-12-08,AXISBANK.NS,Axis Bank,Private,1128.4920654296875
2023-12-11,AXISBANK.NS,Axis Bank,Private,1113.827392578125
2023-12-12,AXISBANK.NS,Axis Bank,Private,1128.292724609375
2023-12-13,AXISBANK.NS,Axis Bank,Private,1112.1812744140625
2023-12-14,AXISBANK.NS,Axis Bank,Private,1117.767822265625
2023-12-15,AXISBANK.NS,Axis Bank,Private,1117.6680908203125
2023-12-18,AXISBANK.NS,Axis Bank,Private,1108.689697265625
2023-12-19,AXISBANK.NS,Axis Bank,Private,1117.568359375
2023-12-20,AXISBANK.NS,Axis Bank,Private,1107.5924072265625
2023-12-21,AXISBANK.NS,Axis Bank,Private,1092.77783203125
2023-12-22,AXISBANK.NS,Axis Bank,Private,1085.6949462890625
2023-12-26,AXISBANK.NS,Axis Bank,Private,1091.630615234375
2023-12-27,AXISBANK.NS,Axis Bank,Private,1103.70166015625
2023-12-28,AXISBANK.NS,Axis Bank,Private,1105.197998046875
2023-12-29,AXISBANK.NS,Axis Bank,Private,1099.661376953125
2024-01-01,AXISBANK.NS,Axis Bank,Private,1095.072265625
2024-01-02,AXISBANK.NS,Axis Bank,Private,1090.6329345703125
2024-01-03,AXISBANK.NS,Axis Bank,Private,1095.97021484375
2024-01-04,AXISBANK.NS,Axis Bank,Private,1120.7109375
2024-01-05,AXISBANK.NS,Axis Bank,Private,1134.228271484375
2024-01-08,AXISBANK.NS,Axis Bank,Private,1119.314208984375
2024-01-09,AXISBANK.NS,Axis Bank,Private,1113.8773193359375
2024-01-10,AXISBANK.NS,Axis Bank,Private,1104.35009765625
2024-01-11,AXISBANK.NS,Axis Bank,Private,1123.05517578125
2024-01-12,AXISBANK.NS,Axis Bank,Private,1117.6680908203125
2024-01-15,AXISBANK.NS,Axis Bank,Private,1116.8201904296875
2024-01-16,AXISBANK.NS,Axis Bank,Private,1116.421142578125
2024-01-17,AXISBANK.NS,Axis Bank,Private,1079.709228515625
2024-01-18,AXISBANK.NS,Axis Bank,Private,1094.872802734375
2024-01-19,AXISBANK.NS,Axis Bank,Private,1113.8773193359375
2024-01-23,AXISBANK.NS,Axis Bank,Private,1086.642578125
2024-01-24,AXISBANK.NS,Axis Bank,Private,1056.61474609375
2024-01-25,AXISBANK.NS,Axis Bank,Private,1039.755126953125
2024-01-29,AXISBANK.NS,Axis Bank,Private,1058.7095947265625
2024-01-30,AXISBANK.NS,Axis Bank,Private,1051.57666015625
2024-01-31,AXISBANK.NS,Axis Bank,Private,1065.1939697265625
2024-02-01,AXISBANK.NS,Axis Bank,Private,1081.654541015625
2024-02-02,AXISBANK.NS,Axis Bank,Private,1064.4957275390625
2024-02-05,AXISBANK.NS,Axis Bank,Private,1058.958984375
2024-02-06,AXISBANK.NS,Axis Bank,Private,1047.5364990234375
2024-02-07,AXISBANK.NS,Axis Bank,Private,1066.540771484375
2024-02-08,AXISBANK.NS,Axis Bank,Private,1033.4202880859375
2024-02-09,AXISBANK.NS,Axis Bank,Private,1048.88330078125
2024-02-12,AXISBANK.NS,Axis Bank,Private,1044.1943359375
2024-02-13,AXISBANK.NS,Axis Bank,Private,1068.1868896484375
2024-02-14,AXISBANK.NS,Axis Bank,Private,1094.224365234375
2024-02-15,AXISBANK.NS,Axis Bank,Private,1069.63330078125
2024-02-16,AXISBANK.NS,Axis Bank,Private,1066.191650390625
2024-02-19,AXISBANK.NS,Axis Bank,Private,1060.405517578125
2024-02-20,AXISBANK.NS,Axis Bank,Private,1085.994140625
2024-02-21,AXISBANK.NS,Axis Bank,Private,1081.6046142578125
2024-02-22,AXISBANK.NS,Axis Bank,Private,1098.2647705078125
2024-02-23,AXISBANK.NS,Axis Bank,Private,1094.174560546875
2024-02-26,AXISBANK.NS,Axis Bank,Private,1082.602294921875
2024-02-27,AXISBANK.NS,Axis Bank,Private,1076.467041015625
2024-02-28,AXISBANK.NS,Axis Bank,Private,1071.6285400390625
2024-02-29,AXISBANK.NS,Axis Bank,Private,1072.5263671875
2024-03-01,AXISBANK.NS,Axis Bank,Private,1096.6185302734375
2024-03-04,AXISBANK.NS,Axis Bank,Private,1104.1007080078125
2024-03-05,AXISBANK.NS,Axis Bank,Private,1098.1650390625
2024-03-06,AXISBANK.NS,Axis Bank,Private,1122.3070068359375
2024-03-07,AXISBANK.NS,Axis Bank,Private,1108.789306640625
2024-03-11,AXISBANK.NS,Axis Bank,Private,1102.4547119140625
2024-03-12,AXISBANK.NS,Axis Bank,Private,1094.3740234375
2024-03-13,AXISBANK.NS,Axis Bank,Private,1077.813720703125
2024-03-14,AXISBANK.NS,Axis Bank,Private,1055.716796875
2024-03-15,AXISBANK.NS,Axis Bank,Private,1043.895263671875
2024-03-18,AXISBANK.NS,Axis Bank,Private,1058.809326171875
2024-03-19,AXISBANK.NS,Axis Bank,Private,1048.28466796875
2024-03-20,AXISBANK.NS,Axis Bank,Private,1032.2730712890625
2024-03-21,AXISBANK.NS,Axis Bank,Private,1033.1209716796875
2024-03-22,AXISBANK.NS,Axis Bank,Private,1030.8265380859375
2024-03-26,AXISBANK.NS,Axis Bank,Private,1038.0592041015625
2024-03-27,AXISBANK.NS,Axis Bank,Private,1050.3297119140625
2024-03-28,AXISBANK.NS,Axis Bank,Private,1044.6932373046875
2024-04-01,AXISBANK.NS,Axis Bank,Private,1050.5791015625
2024-04-02,AXISBANK.NS,Axis Bank,Private,1044.6932373046875
2024-04-03,AXISBANK.NS,Axis Bank,Private,1060.704833984375
2024-04-04,AXISBANK.NS,Axis Bank,Private,1060.405517578125
2024-04-05,AXISBANK.NS,Axis Bank,Private,1056.564697265625
2024-04-08,AXISBANK.NS,Axis Bank,Private,1073.4742431640625
2024-04-09,AXISBANK.NS,Axis Bank,Private,1077.4146728515625
2024-04-10,AXISBANK.NS,Axis Bank,Private,1085.196044921875
2024-04-12,AXISBANK.NS,Axis Bank,Private,1070.88037109375
2024-04-15,AXISBANK.NS,Axis Bank,Private,1055.41748046875
2024-04-16,AXISBANK.NS,Axis Bank,Private,1049.3819580078125
2024-04-18,AXISBANK.NS,Axis Bank,Private,1021.5487670898438
2024-04-19,AXISBANK.NS,Axis Bank,Private,1026.636474609375
2024-04-22,AXISBANK.NS,Axis Bank,Private,1051.427001953125
2024-04-23,AXISBANK.NS,Axis Bank,Private,1053.2227783203125
2024-04-24,AXISBANK.NS,Axis Bank,Private,1060.704833984375
2024-04-25,AXISBANK.NS,Axis Bank,Private,1124.30224609375
2024-04-26,AXISBANK.NS,Axis Bank,Private,1127.5943603515625
2024-04-29,AXISBANK.NS,Axis Bank,Private,1156.4749755859375
2024-04-30,AXISBANK.NS,Axis Bank,Private,1163.109130859375
2024-05-02,AXISBANK.NS,Axis Bank,Private,1147.0975341796875
2024-05-03,AXISBANK.NS,Axis Bank,Private,1138.7674560546875
2024-05-06,AXISBANK.NS,Axis Bank,Private,1140.912353515625
2024-05-07,AXISBANK.NS,Axis Bank,Private,1125.00048828125
2024-05-08,AXISBANK.NS,Axis Bank,Private,1125.9482421875
2024-05-09,AXISBANK.NS,Axis Bank,Private,1112.9793701171875
2024-05-10,AXISBANK.NS,Axis Bank,Private,1117.418701171875
2024-05-13,AXISBANK.NS,Axis Bank,Private,1129.290283203125
2024-05-14,AXISBANK.NS,Axis Bank,Private,1120.162109375
2024-05-15,AXISBANK.NS,Axis Bank,Private,1125.3497314453125
2024-05-16,AXISBANK.NS,Axis Bank,Private,1136.5728759765625
2024-05-17,AXISBANK.NS,Axis Bank,Private,1138.6177978515625
2024-05-21,AXISBANK.NS,Axis Bank,Private,1134.9267578125
2024-05-22,AXISBANK.NS,Axis Bank,Private,1123.3046875
2024-05-23,AXISBANK.NS,Axis Bank,Private,1162.460693359375
2024-05-24,AXISBANK.NS,Axis Bank,Private,1171.189697265625
2024-05-27,AXISBANK.NS,Axis Bank,Private,1184.1585693359375
2024-05-28,AXISBANK.NS,Axis Bank,Private,1180.5672607421875
2024-05-29,AXISBANK.NS,Axis Bank,Private,1156.973876953125
2024-05-30,AXISBANK.NS,Axis Bank,Private,1165.1541748046875
2024-05-31,AXISBANK.NS,Axis Bank,Private,1159.3680419921875
2024-06-03,AXISBANK.NS,Axis Bank,Private,1220.9703369140625
2024-06-04,AXISBANK.NS,Axis Bank,Private,1128.5419921875
2024-06-05,AXISBANK.NS,Axis Bank,Private,1181.66455078125
2024-06-06,AXISBANK.NS,Axis Bank,Private,1168.14697265625
2024-06-07,AXISBANK.NS,Axis Bank,Private,1183.9591064453125
2024-06-10,AXISBANK.NS,Axis Bank,Private,1197.12744140625
2024-06-11,AXISBANK.NS,Axis Bank,Private,1191.740478515625
2024-06-12,AXISBANK.NS,Axis Bank,Private,1185.056396484375
2024-06-13,AXISBANK.NS,Axis Bank,Private,1171.838134765625
2024-06-14,AXISBANK.NS,Axis Bank,Private,1178.222900390625
2024-06-18,AXISBANK.NS,Axis Bank,Private,1189.046875
2024-06-19,AXISBANK.NS,Axis Bank,Private,1223.7137451171875
2024-06-20,AXISBANK.NS,Axis Bank,Private,1236.532958984375
2024-06-21,AXISBANK.NS,Axis Bank,Private,1234.48779296875
2024-06-24,AXISBANK.NS,Axis Bank,Private,1225.1602783203125
2024-06-25,AXISBANK.NS,Axis Bank,Private,1268.4063720703125
2024-06-26,AXISBANK.NS,Axis Bank,Private,1282.322998046875
2024-06-27,AXISBANK.NS,Axis Bank,Private,1285.864501953125
2024-06-28,AXISBANK.NS,Axis Bank,Private,1262.22119140625
2024-07-01,AXISBANK.NS,Axis Bank,Private,1258.8792724609375
2024-07-02,AXISBANK.NS,Axis Bank,Private,1250.399658203125
2024-07-03,AXISBANK.NS,Axis Bank,Private,1276.9359130859375
2024-07-04,AXISBANK.NS,Axis Bank,Private,1277.8338623046875
2024-07-05,AXISBANK.NS,Axis Bank,Private,1283.9691162109375
2024-07-08,AXISBANK.NS,Axis Bank,Private,1284.76708984375
2024-07-09,AXISBANK.NS,Axis Bank,Private,1286.3134765625
2024-07-10,AXISBANK.NS,Axis Bank,Private,1288.55810546875
2024-07-11,AXISBANK.NS,Axis Bank,Private,1293.6458740234375
2024-07-12,AXISBANK.NS,Axis Bank,Private,1315.160888671875
2024-07-15,AXISBANK.NS,Axis Bank,Private,1305.3267822265625
2024-07-16,AXISBANK.NS,Axis Bank,Private,1301.8824462890625
2024-07-18,AXISBANK.NS,Axis Bank,Private,1307.2738037109375
2024-07-19,AXISBANK.NS,Axis Bank,Private,1290.2513427734375
2024-07-22,AXISBANK.NS,Axis Bank,Private,1280.41748046875
2024-07-23,AXISBANK.NS,Axis Bank,Private,1261.1986083984375
2024-07-24,AXISBANK.NS,Axis Bank,Private,1237.2376708984375
2024-07-25,AXISBANK.NS,Axis Bank,Private,1173.9906005859375
2024-07-26,AXISBANK.NS,Axis Bank,Private,1175.4381103515625
2024-07-29,AXISBANK.NS,Axis Bank,Private,1168.1500244140625
2024-07-30,AXISBANK.NS,Axis Bank,Private,1168.10009765625
2024-07-31,AXISBANK.NS,Axis Bank,Private,1164.206298828125
2024-08-01,AXISBANK.NS,Axis Bank,Private,1170.3963623046875
2024-08-02,AXISBANK.NS,Axis Bank,Private,1158.9649658203125
2024-08-05,AXISBANK.NS,Axis Bank,Private,1131.6593017578125
2024-08-06,AXISBANK.NS,Axis Bank,Private,1124.2713623046875
2024-08-07,AXISBANK.NS,Axis Bank,Private,1134.9539794921875
2024-08-08,AXISBANK.NS,Axis Bank,Private,1136.3018798828125
2024-08-09,AXISBANK.NS,Axis Bank,Private,1140.894287109375
2024-08-12,AXISBANK.NS,Axis Bank,Private,1162.409423828125
2024-08-13,AXISBANK.NS,Axis Bank,Private,1157.7169189453125
2024-08-14,AXISBANK.NS,Axis Bank,Private,1151.2274169921875
2024-08-16,AXISBANK.NS,Axis Bank,Private,1164.9552001953125
2024-08-19,AXISBANK.NS,Axis Bank,Private,1151.3773193359375
2024-08-20,AXISBANK.NS,Axis Bank,Private,1166.103271484375
2024-08-21,AXISBANK.NS,Axis Bank,Private,1172.492919921875
2024-08-22,AXISBANK.NS,Axis Bank,Private,1168.050048828125
2024-08-23,AXISBANK.NS,Axis Bank,Private,1164.0565185546875
2024-08-26,AXISBANK.NS,Axis Bank,Private,1168.399658203125
2024-08-27,AXISBANK.NS,Axis Bank,Private,1179.331787109375
2024-08-28,AXISBANK.NS,Axis Bank,Private,1169.0484619140625
2024-08-29,AXISBANK.NS,Axis Bank,Private,1173.4913330078125
2024-08-30,AXISBANK.NS,Axis Bank,Private,1173.341552734375
2024-09-02,AXISBANK.NS,Axis Bank,Private,1186.86962890625
2024-09-03,AXISBANK.NS,Axis Bank,Private,1189.6649169921875
2024-09-04,AXISBANK.NS,Axis Bank,Private,1175.7874755859375
2024-09-05,AXISBANK.NS,Axis Bank,Private,1178.6329345703125
2024-09-06,AXISBANK.NS,Axis Bank,Private,1156.868408203125
2024-09-09,AXISBANK.NS,Axis Bank,Private,1168.9486083984375
2024-09-10,AXISBANK.NS,Axis Bank,Private,1185.2720947265625
2024-09-11,AXISBANK.NS,Axis Bank,Private,1184.173828125
2024-09-12,AXISBANK.NS,Axis Bank,Private,1201.3958740234375
2024-09-13,AXISBANK.NS,Axis Bank,Private,1215.472900390625
2024-09-16,AXISBANK.NS,Axis Bank,Private,1229.0509033203125
2024-09-17,AXISBANK.NS,Axis Bank,Private,1230.0992431640625
2024-09-18,AXISBANK.NS,Axis Bank,Private,1238.4356689453125
2024-09-19,AXISBANK.NS,Axis Bank,Private,1240.6820068359375
2024-09-20,AXISBANK.NS,Axis Bank,Private,1242.978271484375
2024-09-23,AXISBANK.NS,Axis Bank,Private,1244.775390625
2024-09-24,AXISBANK.NS,Axis Bank,Private,1237.5372314453125
2024-09-25,AXISBANK.NS,Axis Bank,Private,1266.0406494140625
2024-09-26,AXISBANK.NS,Axis Bank,Private,1275.026123046875
2024-09-27,AXISBANK.NS,Axis Bank,Private,1271.0826416015625
2024-09-30,AXISBANK.NS,Axis Bank,Private,1230.198974609375
2024-10-01,AXISBANK.NS,Axis Bank,Private,1224.6580810546875
2024-10-03,AXISBANK.NS,Axis Bank,Private,1173.790771484375
2024-10-04,AXISBANK.NS,Axis Bank,Private,1176.4864501953125
2024-10-07,AXISBANK.NS,Axis Bank,Private,1143.8394775390625
2024-10-08,AXISBANK.NS,Axis Bank,Private,1151.42724609375
2024-10-09,AXISBANK.NS,Axis Bank,Private,1168.2498779296875
2024-10-10,AXISBANK.NS,Axis Bank,Private,1182.326904296875
2024-10-11,AXISBANK.NS,Axis Bank,Private,1170.5460205078125
2024-10-14,AXISBANK.NS,Axis Bank,Private,1162.459228515625
2024-10-15,AXISBANK.NS,Axis Bank,Private,1151.976318359375
2024-10-16,AXISBANK.NS,Axis Bank,Private,1151.3272705078125
2024-10-17,AXISBANK.NS,Axis Bank,Private,1130.0120849609375
2024-10-18,AXISBANK.NS,Axis Bank,Private,1194.9063720703125
2024-10-21,AXISBANK.NS,Axis Bank,Private,1188.3671875
2024-10-22,AXISBANK.NS,Axis Bank,Private,1173.8408203125
2024-10-23,AXISBANK.NS,Axis Bank,Private,1158.515625
2024-10-24,AXISBANK.NS,Axis Bank,Private,1165.4544677734375
2024-10-25,AXISBANK.NS,Axis Bank,Private,1187.418701171875
2024-10-28,AXISBANK.NS,Axis Bank,Private,1169.697509765625
2024-10-29,AXISBANK.NS,Axis Bank,Private,1184.922607421875
2024-10-30,AXISBANK.NS,Axis Bank,Private,1168.4993896484375
2024-10-31,AXISBANK.NS,Axis Bank,Private,1157.6671142578125
2024-11-01,AXISBANK.NS,Axis Bank,Private,1167.65087890625
2024-11-04,AXISBANK.NS,Axis Bank,Private,1137.4000244140625
2024-11-05,AXISBANK.NS,Axis Bank,Private,1169.7972412109375
2024-11-06,AXISBANK.NS,Axis Bank,Private,1164.605712890625
2024-11-07,AXISBANK.NS,Axis Bank,Private,1158.0166015625
2024-11-08,AXISBANK.NS,Axis Bank,Private,1159.064697265625
2024-11-11,AXISBANK.NS,Axis Bank,Private,1169.098388671875
2024-11-12,AXISBANK.NS,Axis Bank,Private,1156.2694091796875
2024-11-13,AXISBANK.NS,Axis Bank,Private,1137.30029296875
2024-11-14,AXISBANK.NS,Axis Bank,Private,1138.84765625
2024-11-18,AXISBANK.NS,Axis Bank,Private,1124.37109375
2024-11-19,AXISBANK.NS,Axis Bank,Private,1132.1085205078125
2024-11-21,AXISBANK.NS,Axis Bank,Private,1137.30029296875
2024-11-22,AXISBANK.NS,Axis Bank,Private,1140.544921875
2024-11-25,AXISBANK.NS,Axis Bank,Private,1154.0230712890625
2024-11-26,AXISBANK.NS,Axis Bank,Private,1142.9410400390625
2024-11-27,AXISBANK.NS,Axis Bank,Private,1147.7830810546875
2024-11-28,AXISBANK.NS,Axis Bank,Private,1130.6610107421875
2024-11-29,AXISBANK.NS,Axis Bank,Private,1134.4549560546875
2024-12-02,AXISBANK.NS,Axis Bank,Private,1135.2535400390625
2024-12-03,AXISBANK.NS,Axis Bank,Private,1158.615478515625
2024-12-04,AXISBANK.NS,Axis Bank,Private,1157.567138671875
2024-12-05,AXISBANK.NS,Axis Bank,Private,1164.5059814453125
2024-12-06,AXISBANK.NS,Axis Bank,Private,1182.62646484375
2024-12-09,AXISBANK.NS,Axis Bank,Private,1161.3609619140625
2024-12-10,AXISBANK.NS,Axis Bank,Private,1151.776611328125
2024-12-11,AXISBANK.NS,Axis Bank,Private,1145.386962890625
2024-12-12,AXISBANK.NS,Axis Bank,Private,1143.7896728515625
2024-12-13,AXISBANK.NS,Axis Bank,Private,1146.28564453125
2024-12-16,AXISBANK.NS,Axis Bank,Private,1149.0311279296875
2024-12-17,AXISBANK.NS,Axis Bank,Private,1134.4049072265625
2024-12-18,AXISBANK.NS,Axis Bank,Private,1120.4276123046875
2024-12-19,AXISBANK.NS,Axis Bank,Private,1107.099365234375
2024-12-20,AXISBANK.NS,Axis Bank,Private,1070.109375
2024-12-23,AXISBANK.NS,Axis Bank,Private,1077.3975830078125
2024-12-24,AXISBANK.NS,Axis Bank,Private,1077.1480712890625
2024-12-26,AXISBANK.NS,Axis Bank,Private,1074.9515380859375
2024-12-27,AXISBANK.NS,Axis Bank,Private,1075.7003173828125
2024-12-30,AXISBANK.NS,Axis Bank,Private,1068.21240234375
2024-12-31,AXISBANK.NS,Axis Bank,Private,1062.9710693359375
2025-01-01,AXISBANK.NS,Axis Bank,Private,1070.0595703125
2025-01-02,AXISBANK.NS,Axis Bank,Private,1084.83544921875
2025-01-03,AXISBANK.NS,Axis Bank,Private,1083.1383056640625
2025-01-06,AXISBANK.NS,Axis Bank,Private,1061.6732177734375
2025-01-07,AXISBANK.NS,Axis Bank,Private,1065.7664794921875
2025-01-08,AXISBANK.NS,Axis Bank,Private,1073.204345703125
2025-01-09,AXISBANK.NS,Axis Bank,Private,1060.02587890625
2025-01-10,AXISBANK.NS,Axis Bank,Private,1039.010009765625
2025-01-13,AXISBANK.NS,Axis Bank,Private,1047.59619140625
2025-01-14,AXISBANK.NS,Axis Bank,Private,1049.9422607421875
2025-01-15,AXISBANK.NS,Axis Bank,Private,1025.1326904296875
2025-01-16,AXISBANK.NS,Axis Bank,Private,1036.314453125
2025-01-17,AXISBANK.NS,Axis Bank,Private,989.440673828125
2025-01-20,AXISBANK.NS,Axis Bank,Private,986.445556640625
2025-01-21,AXISBANK.NS,Axis Bank,Private,968.62451171875
2025-01-22,AXISBANK.NS,Axis Bank,Private,957.7422485351562
2025-01-23,AXISBANK.NS,Axis Bank,Private,949.505615234375
2025-01-24,AXISBANK.NS,Axis Bank,Private,946.959716796875
2025-01-27,AXISBANK.NS,Axis Bank,Private,946.5603637695312
2025-01-28,AXISBANK.NS,Axis Bank,Private,982.2024536132812
2025-01-29,AXISBANK.NS,Axis Bank,Private,981.8031616210938
2025-01-30,AXISBANK.NS,Axis Bank,Private,983.1009521484375
2025-01-31,AXISBANK.NS,Axis Bank,Private,984.4987182617188
2025-02-01,AXISBANK.NS,Axis Bank,Private,996.5291137695312
2025-02-03,AXISBANK.NS,Axis Bank,Private,987.7933959960938
2025-02-04,AXISBANK.NS,Axis Bank,Private,1013.6513061523438
2025-02-05,AXISBANK.NS,Axis Bank,Private,1011.654541015625
2025-02-06,AXISBANK.NS,Axis Bank,Private,1019.0425415039062
2025-02-07,AXISBANK.NS,Axis Bank,Private,1022.43701171875
2025-02-10,AXISBANK.NS,Axis Bank,Private,1010.1070556640625
2025-02-11,AXISBANK.NS,Axis Bank,Private,1005.76416015625
2025-02-12,AXISBANK.NS,Axis Bank,Private,1005.2649536132812
2025-02-13,AXISBANK.NS,Axis Bank,Private,1006.5628051757812
2025-02-14,AXISBANK.NS,Axis Bank,Private,995.8801879882812
2025-02-17,AXISBANK.NS,Axis Bank,Private,991.3375854492188
2025-02-18,AXISBANK.NS,Axis Bank,Private,992.53564453125
2025-02-19,AXISBANK.NS,Axis Bank,Private,1009.7077026367188
2025-02-20,AXISBANK.NS,Axis Bank,Private,1015.5482177734375
2025-02-21,AXISBANK.NS,Axis Bank,Private,1007.3115844726562
2025-02-24,AXISBANK.NS,Axis Bank,Private,1008.4097900390625
2025-02-25,AXISBANK.NS,Axis Bank,Private,1007.4613037109375
2025-02-27,AXISBANK.NS,Axis Bank,Private,1015.0490112304688
2025-02-28,AXISBANK.NS,Axis Bank,Private,1013.90087890625
2025-03-03,AXISBANK.NS,Axis Bank,Private,1005.6143188476562
2025-03-04,AXISBANK.NS,Axis Bank,Private,1000.1731567382812
2025-03-05,AXISBANK.NS,Axis Bank,Private,1012.802734375
2025-03-06,AXISBANK.NS,Axis Bank,Private,1032.4207763671875
2025-03-07,AXISBANK.NS,Axis Bank,Private,1035.9649658203125
2025-03-10,AXISBANK.NS,Axis Bank,Private,1034.16796875
2025-03-11,AXISBANK.NS,Axis Bank,Private,1023.9844970703125
2025-03-12,AXISBANK.NS,Axis Bank,Private,1009.5579833984375
2025-03-13,AXISBANK.NS,Axis Bank,Private,1008.5595703125
2025-03-17,AXISBANK.NS,Axis Bank,Private,1032.470703125
2025-03-18,AXISBANK.NS,Axis Bank,Private,1032.470703125
2025-03-19,AXISBANK.NS,Axis Bank,Private,1050.341552734375
2025-03-20,AXISBANK.NS,Axis Bank,Private,1052.6378173828125
2025-03-21,AXISBANK.NS,Axis Bank,Private,1068.4122314453125
2025-03-24,AXISBANK.NS,Axis Bank,Private,1096.067138671875
2025-03-25,AXISBANK.NS,Axis Bank,Private,1116.7337646484375
2025-03-26,AXISBANK.NS,Axis Bank,Private,1094.4698486328125
2025-03-27,AXISBANK.NS,Axis Bank,Private,1096.56640625
2025-03-28,AXISBANK.NS,Axis Bank,Private,1100.21044921875
2025-04-01,AXISBANK.NS,Axis Bank,Private,1083.837158203125
2025-04-02,AXISBANK.NS,Axis Bank,Private,1082.68896484375
2025-04-03,AXISBANK.NS,Axis Bank,Private,1088.0802001953125
2025-04-04,AXISBANK.NS,Axis Bank,Private,1089.5279541015625
2025-04-07,AXISBANK.NS,Axis Bank,Private,1046.2481689453125
2025-04-08,AXISBANK.NS,Axis Bank,Private,1076.0997314453125
2025-04-09,AXISBANK.NS,Axis Bank,Private,1059.926025390625
2025-04-11,AXISBANK.NS,Axis Bank,Private,1067.214111328125
2025-04-15,AXISBANK.NS,Axis Bank,Private,1110.9930419921875
2025-04-16,AXISBANK.NS,Axis Bank,Private,1159.414306640625
2025-04-17,AXISBANK.NS,Axis Bank,Private,1188.8663330078125
2025-04-21,AXISBANK.NS,Axis Bank,Private,1221.0140380859375
2025-04-22,AXISBANK.NS,Axis Bank,Private,1214.8240966796875
2025-04-23,AXISBANK.NS,Axis Bank,Private,1204.940185546875
2025-04-24,AXISBANK.NS,Axis Bank,Private,1205.139892578125
2025-04-25,AXISBANK.NS,Axis Bank,Private,1164.4061279296875
2025-04-28,AXISBANK.NS,Axis Bank,Private,1190.8631591796875
2025-04-29,AXISBANK.NS,Axis Bank,Private,1185.3720703125
2025-04-30,AXISBANK.NS,Axis Bank,Private,1183.07568359375
2025-05-02,AXISBANK.NS,Axis Bank,Private,1181.478271484375
2025-05-05,AXISBANK.NS,Axis Bank,Private,1171.294921875
2025-05-06,AXISBANK.NS,Axis Bank,Private,1159.5140380859375
2025-05-07,AXISBANK.NS,Axis Bank,Private,1159.414306640625
2025-05-08,AXISBANK.NS,Axis Bank,Private,1170.2965087890625
2025-05-09,AXISBANK.NS,Axis Bank,Private,1149.230712890625
2025-05-12,AXISBANK.NS,Axis Bank,Private,1201.04638671875
2025-05-13,AXISBANK.NS,Axis Bank,Private,1191.6617431640625
2025-05-14,AXISBANK.NS,Axis Bank,Private,1193.5587158203125
2025-05-15,AXISBANK.NS,Axis Bank,Private,1207.1365966796875
2025-05-16,AXISBANK.NS,Axis Bank,Private,1206.837158203125
2025-05-19,AXISBANK.NS,Axis Bank,Private,1200.846923828125
2025-05-20,AXISBANK.NS,Axis Bank,Private,1193.8582763671875
2025-05-21,AXISBANK.NS,Axis Bank,Private,1195.85498046875
2025-05-22,AXISBANK.NS,Axis Bank,Private,1186.570068359375
2025-05-23,AXISBANK.NS,Axis Bank,Private,1208.135009765625
2025-05-26,AXISBANK.NS,Axis Bank,Private,1213.2265625
2025-05-27,AXISBANK.NS,Axis Bank,Private,1193.658447265625
2025-05-28,AXISBANK.NS,Axis Bank,Private,1192.7598876953125
2025-05-29,AXISBANK.NS,Axis Bank,Private,1199.74853515625
2025-05-30,AXISBANK.NS,Axis Bank,Private,1190.2640380859375
2025-06-02,AXISBANK.NS,Axis Bank,Private,1192.46044921875
2025-06-03,AXISBANK.NS,Axis Bank,Private,1179.5814208984375
2025-06-04,AXISBANK.NS,Axis Bank,Private,1169.098388671875
2025-06-05,AXISBANK.NS,Axis Bank,Private,1157.117919921875
2025-06-06,AXISBANK.NS,Axis Bank,Private,1192.66015625
2025-06-09,AXISBANK.NS,Axis Bank,Private,1217.9190673828125
2025-06-10,AXISBANK.NS,Axis Bank,Private,1230.798095703125
2025-06-11,AXISBANK.NS,Axis Bank,Private,1229.400390625
2025-06-12,AXISBANK.NS,Axis Bank,Private,1210.930419921875
2025-06-13,AXISBANK.NS,Axis Bank,Private,1203.842041015625
2025-06-16,AXISBANK.NS,Axis Bank,Private,1213.4263916015625
2025-06-17,AXISBANK.NS,Axis Bank,Private,1213.1268310546875
2025-06-18,AXISBANK.NS,Axis Bank,Private,1219.017333984375
2025-06-19,AXISBANK.NS,Axis Bank,Private,1215.52294921875
2025-06-20,AXISBANK.NS,Axis Bank,Private,1218.7177734375
2025-06-23,AXISBANK.NS,Axis Bank,Private,1212.12841796875
2025-06-24,AXISBANK.NS,Axis Bank,Private,1219.2169189453125
2025-06-25,AXISBANK.NS,Axis Bank,Private,1211.3297119140625
2025-06-26,AXISBANK.NS,Axis Bank,Private,1231.4969482421875
2025-06-27,AXISBANK.NS,Axis Bank,Private,1223.110595703125
2025-06-30,AXISBANK.NS,Axis Bank,Private,1197.2525634765625
2025-07-01,AXISBANK.NS,Axis Bank,Private,1171.394775390625
2025-07-02,AXISBANK.NS,Axis Bank,Private,1173.3914794921875
2025-07-03,AXISBANK.NS,Axis Bank,Private,1169.1982421875
2025-07-04,AXISBANK.NS,Axis Bank,Private,1176.6925048828125
2025-07-07,AXISBANK.NS,Axis Bank,Private,1174.1944580078125
2025-07-08,AXISBANK.NS,Axis Bank,Private,1164.501953125
2025-07-09,AXISBANK.NS,Axis Bank,Private,1163.8023681640625
2025-07-10,AXISBANK.NS,Axis Bank,Private,1163.40283203125
2025-07-11,AXISBANK.NS,Axis Bank,Private,1172.8955078125
2025-07-14,AXISBANK.NS,Axis Bank,Private,1171.7962646484375
2025-07-15,AXISBANK.NS,Axis Bank,Private,1165.0015869140625
2025-07-16,AXISBANK.NS,Axis Bank,Private,1167.4996337890625
2025-07-17,AXISBANK.NS,Axis Bank,Private,1158.90625
2025-07-18,AXISBANK.NS,Axis Bank,Private,1098.452880859375
2025-07-21,AXISBANK.NS,Axis Bank,Private,1098.7525634765625
2025-07-22,AXISBANK.NS,Axis Bank,Private,1097.15380859375
2025-07-23,AXISBANK.NS,Axis Bank,Private,1103.9486083984375
2025-07-24,AXISBANK.NS,Axis Bank,Private,1094.256103515625
2025-07-25,AXISBANK.NS,Axis Bank,Private,1085.262939453125
2025-07-28,AXISBANK.NS,Axis Bank,Private,1072.7725830078125
2025-07-29,AXISBANK.NS,Axis Bank,Private,1063.3798828125
2025-07-30,AXISBANK.NS,Axis Bank,Private,1072.472900390625
2025-07-31,AXISBANK.NS,Axis Bank,Private,1067.57666015625
2025-08-01,AXISBANK.NS,Axis Bank,Private,1061.581298828125
2025-08-04,AXISBANK.NS,Axis Bank,Private,1067.7764892578125
2025-08-05,AXISBANK.NS,Axis Bank,Private,1069.974853515625
2025-08-06,AXISBANK.NS,Axis Bank,Private,1070.1746826171875
2025-08-07,AXISBANK.NS,Axis Bank,Private,1075.37060546875
2025-08-08,AXISBANK.NS,Axis Bank,Private,1057.2845458984375
2025-08-11,AXISBANK.NS,Axis Bank,Private,1072.472900390625
2025-08-12,AXISBANK.NS,Axis Bank,Private,1069.1754150390625
2025-08-13,AXISBANK.NS,Axis Bank,Private,1065.178466796875
2025-08-14,AXISBANK.NS,Axis Bank,Private,1067.376708984375
2025-08-18,AXISBANK.NS,Axis Bank,Private,1081.7657470703125
2025-08-19,AXISBANK.NS,Axis Bank,Private,1082.365234375
2025-08-20,AXISBANK.NS,Axis Bank,Private,1079.3675537109375
2025-08-21,AXISBANK.NS,Axis Bank,Private,1078.068603515625
2025-08-22,AXISBANK.NS,Axis Bank,Private,1070.07470703125
2025-08-25,AXISBANK.NS,Axis Bank,Private,1069.1754150390625
2025-08-26,AXISBANK.NS,Axis Bank,Private,1049.290771484375
2025-08-28,AXISBANK.NS,Axis Bank,Private,1051.08935546875
2025-08-29,AXISBANK.NS,Axis Bank,Private,1044.39453125
2025-09-01,AXISBANK.NS,Axis Bank,Private,1060.6820068359375
2025-09-02,AXISBANK.NS,Axis Bank,Private,1055.385986328125
2025-09-03,AXISBANK.NS,Axis Bank,Private,1053.88720703125
2025-09-04,AXISBANK.NS,Axis Bank,Private,1049.590576171875
2025-09-05,AXISBANK.NS,Axis Bank,Private,1055.0863037109375
2025-09-08,AXISBANK.NS,Axis Bank,Private,1054.6866455078125
2025-09-09,AXISBANK.NS,Axis Bank,Private,1051.3890380859375
2025-09-10,AXISBANK.NS,Axis Bank,Private,1069.2752685546875
2025-09-11,AXISBANK.NS,Axis Bank,Private,1086.56201171875
2025-09-12,AXISBANK.NS,Axis Bank,Private,1104.4482421875
2025-09-15,AXISBANK.NS,Axis Bank,Private,1103.5489501953125
2025-09-16,AXISBANK.NS,Axis Bank,Private,1120.3359375
2025-09-17,AXISBANK.NS,Axis Bank,Private,1125.13232421875
2025-09-18,AXISBANK.NS,Axis Bank,Private,1132.1268310546875
2025-09-19,AXISBANK.NS,Axis Bank,Private,1135.024658203125
2025-09-22,AXISBANK.NS,Axis Bank,Private,1143.51806640625
2025-09-23,AXISBANK.NS,Axis Bank,Private,1169.8978271484375
2025-09-24,AXISBANK.NS,Axis Bank,Private,1158.0069580078125
2025-09-25,AXISBANK.NS,Axis Bank,Private,1165.700927734375
2025-09-26,AXISBANK.NS,Axis Bank,Private,1153.1107177734375
2025-09-29,AXISBANK.NS,Axis Bank,Private,1131.327392578125
2025-09-30,AXISBANK.NS,Axis Bank,Private,1130.7279052734375
2025-10-01,AXISBANK.NS,Axis Bank,Private,1158.6064453125
2025-10-03,AXISBANK.NS,Axis Bank,Private,1180.08984375
2025-10-06,AXISBANK.NS,Axis Bank,Private,1211.865478515625
2025-10-07,AXISBANK.NS,Axis Bank,Private,1185.885498046875
2025-10-08,AXISBANK.NS,Axis Bank,Private,1179.690185546875
2025-10-09,AXISBANK.NS,Axis Bank,Private,1166.5003662109375
2025-10-10,AXISBANK.NS,Axis Bank,Private,1179.4903564453125
2025-10-13,AXISBANK.NS,Axis Bank,Private,1188.6832275390625
2025-10-14,AXISBANK.NS,Axis Bank,Private,1175.8931884765625
2025-10-15,AXISBANK.NS,Axis Bank,Private,1168.6986083984375
2025-10-16,AXISBANK.NS,Axis Bank,Private,1195.378173828125
2025-10-17,AXISBANK.NS,Axis Bank,Private,1199.2750244140625
2025-10-20,AXISBANK.NS,Axis Bank,Private,1225.05517578125
2025-10-21,AXISBANK.NS,Axis Bank,Private,1236.3465576171875
2025-10-23,AXISBANK.NS,Axis Bank,Private,1257.8299560546875
2025-10-24,AXISBANK.NS,Axis Bank,Private,1240.9429931640625
2025-10-27,AXISBANK.NS,Axis Bank,Private,1253.133544921875
2025-10-28,AXISBANK.NS,Axis Bank,Private,1245.339599609375
2025-10-29,AXISBANK.NS,Axis Bank,Private,1247.837646484375
2025-10-30,AXISBANK.NS,Axis Bank,Private,1237.6455078125
2025-10-31,AXISBANK.NS,Axis Bank,Private,1231.8499755859375
2025-11-03,AXISBANK.NS,Axis Bank,Private,1232.749267578125
2025-11-04,AXISBANK.NS,Axis Bank,Private,1225.6546630859375
2025-11-06,AXISBANK.NS,Axis Bank,Private,1227.55322265625
2025-11-07,AXISBANK.NS,Axis Bank,Private,1221.857666015625
2025-11-10,AXISBANK.NS,Axis Bank,Private,1216.0621337890625
2025-11-11,AXISBANK.NS,Axis Bank,Private,1221.557861328125
2025-11-12,AXISBANK.NS,Axis Bank,Private,1220.6585693359375
2025-11-13,AXISBANK.NS,Axis Bank,Private,1224.2557373046875
2025-11-14,AXISBANK.NS,Axis Bank,Private,1240.6431884765625
2025-11-17,AXISBANK.NS,Axis Bank,Private,1248.636962890625
2025-11-18,AXISBANK.NS,Axis Bank,Private,1264.4249267578125
2025-11-19,AXISBANK.NS,Axis Bank,Private,1269.4210205078125
2025-11-20,AXISBANK.NS,Axis Bank,Private,1284.2095947265625
2025-11-21,AXISBANK.NS,Axis Bank,Private,1274.81689453125
2025-11-24,AXISBANK.NS,Axis Bank,Private,1268.0220947265625
2025-11-25,AXISBANK.NS,Axis Bank,Private,1265.32421875
2025-11-26,AXISBANK.NS,Axis Bank,Private,1289.2056884765625
2025-11-27,AXISBANK.NS,Axis Bank,Private,1286.3079833984375
2025-11-28,AXISBANK.NS,Axis Bank,Private,1278.7137451171875
2025-12-01,AXISBANK.NS,Axis Bank,Private,1274.7169189453125
2025-12-02,AXISBANK.NS,Axis Bank,Private,1257.030517578125
2025-12-03,AXISBANK.NS,Axis Bank,Private,1269.720703125
2025-12-04,AXISBANK.NS,Axis Bank,Private,1279.0135498046875
2025-12-05,AXISBANK.NS,Axis Bank,Private,1281.51171875
2025-12-08,AXISBANK.NS,Axis Bank,Private,1272.8184814453125
2025-12-09,AXISBANK.NS,Axis Bank,Private,1274.916748046875
2025-12-10,AXISBANK.NS,Axis Bank,Private,1277.6146240234375
2025-12-11,AXISBANK.NS,Axis Bank,Private,1271.7191162109375
2025-12-12,AXISBANK.NS,Axis Bank,Private,1285.10888671875
2025-12-15,AXISBANK.NS,Axis Bank,Private,1283.8099365234375
2025-12-16,AXISBANK.NS,Axis Bank,Private,1218.66015625
2025-12-17,AXISBANK.NS,Axis Bank,Private,1223.756103515625
2025-12-18,AXISBANK.NS,Axis Bank,Private,1228.852294921875
2025-12-19,AXISBANK.NS,Axis Bank,Private,1229.651611328125
2025-12-22,AXISBANK.NS,Axis Bank,Private,1232.2496337890625
2025-12-23,AXISBANK.NS,Axis Bank,Private,1224.0560302734375
2025-12-24,AXISBANK.NS,Axis Bank,Private,1225.35498046875
2025-12-26,AXISBANK.NS,Axis Bank,Private,1227.25341796875
2025-12-29,AXISBANK.NS,Axis Bank,Private,1231.050537109375
2025-12-30,AXISBANK.NS,Axis Bank,Private,1245.039794921875
2025-12-31,AXISBANK.NS,Axis Bank,Private,1268.4217529296875
2026-01-01,AXISBANK.NS,Axis Bank,Private,1273.41796875
2026-01-02,AXISBANK.NS,Axis Bank,Private,1265.9237060546875
2026-01-05,AXISBANK.NS,Axis Bank,Private,1284.8092041015625
2026-01-06,AXISBANK.NS,Axis Bank,Private,1292.802978515625
2026-01-07,AXISBANK.NS,Axis Bank,Private,1294.501708984375
2026-01-08,AXISBANK.NS,Axis Bank,Private,1285.808349609375
2026-01-09,AXISBANK.NS,Axis Bank,Private,1271.019775390625
2026-01-12,AXISBANK.NS,Axis Bank,Private,1273.218017578125
2026-01-13,AXISBANK.NS,Axis Bank,Private,1261.0274658203125
2026-01-14,AXISBANK.NS,Axis Bank,Private,1297.7991943359375
2026-01-15,AXISBANK.NS,Axis Bank,Private,1297.7991943359375
2026-01-16,AXISBANK.NS,Axis Bank,Private,1293.20263671875
2026-01-19,AXISBANK.NS,Axis Bank,Private,1306.492431640625
2026-01-20,AXISBANK.NS,Axis Bank,Private,1292.503173828125
2026-01-21,AXISBANK.NS,Axis Bank,Private,1283.9097900390625
2026-01-22,AXISBANK.NS,Axis Bank,Private,1293.80224609375
2026-01-23,AXISBANK.NS,Axis Bank,Private,1257.030517578125
2026-01-27,AXISBANK.NS,Axis Bank,Private,1314.7860107421875
2026-01-28,AXISBANK.NS,Axis Bank,Private,1318.782958984375
2026-01-29,AXISBANK.NS,Axis Bank,Private,1362.6490478515625
2026-01-30,AXISBANK.NS,Axis Bank,Private,1369.343994140625
2026-02-02,AXISBANK.NS,Axis Bank,Private,1310.4893798828125
2026-02-03,AXISBANK.NS,Axis Bank,Private,1355.15478515625
2026-02-04,AXISBANK.NS,Axis Bank,Private,1337.6683349609375
2026-02-05,AXISBANK.NS,Axis Bank,Private,1329.5745849609375
2026-02-06,AXISBANK.NS,Axis Bank,Private,1340.5660400390625
2026-02-09,AXISBANK.NS,Axis Bank,Private,1340.3663330078125
2026-02-10,AXISBANK.NS,Axis Bank,Private,1355.6544189453125
2026-02-11,AXISBANK.NS,Axis Bank,Private,1346.2618408203125
2026-02-12,AXISBANK.NS,Axis Bank,Private,1338.9674072265625
2026-02-13,AXISBANK.NS,Axis Bank,Private,1331.2733154296875
2026-02-16,AXISBANK.NS,Axis Bank,Private,1357.2532958984375
2026-02-17,AXISBANK.NS,Axis Bank,Private,1356.154052734375
2026-02-18,AXISBANK.NS,Axis Bank,Private,1375.9388427734375
2026-02-19,AXISBANK.NS,Axis Bank,Private,1355.5545654296875
2026-02-20,AXISBANK.NS,Axis Bank,Private,1367.24560546875
2026-02-23,AXISBANK.NS,Axis Bank,Private,1385.63134765625
2026-02-24,AXISBANK.NS,Axis Bank,Private,1386.5306396484375
2026-02-25,AXISBANK.NS,Axis Bank,Private,1401.9188232421875
2026-02-26,AXISBANK.NS,Axis Bank,Private,1394.424560546875
2026-02-27,AXISBANK.NS,Axis Bank,Private,1382.83349609375
2026-03-02,AXISBANK.NS,Axis Bank,Private,1371.2425537109375
2026-03-04,AXISBANK.NS,Axis Bank,Private,1350.2586669921875
2026-03-05,AXISBANK.NS,Axis Bank,Private,1348.060302734375
2026-03-06,AXISBANK.NS,Axis Bank,Private,1314.7860107421875
2026-03-09,AXISBANK.NS,Axis Bank,Private,1287.3072509765625
2026-03-10,AXISBANK.NS,Axis Bank,Private,1313.686767578125
2026-03-11,AXISBANK.NS,Axis Bank,Private,1254.832275390625
2026-03-12,AXISBANK.NS,Axis Bank,Private,1233.5487060546875
2026-03-13,AXISBANK.NS,Axis Bank,Private,1196.3773193359375
2026-03-16,AXISBANK.NS,Axis Bank,Private,1213.763916015625
2026-03-17,AXISBANK.NS,Axis Bank,Private,1227.153564453125
2026-03-18,AXISBANK.NS,Axis Bank,Private,1252.2342529296875
2026-03-19,AXISBANK.NS,Axis Bank,Private,1206.06982421875
2026-03-20,AXISBANK.NS,Axis Bank,Private,1202.9722900390625
2026-03-23,AXISBANK.NS,Axis Bank,Private,1169.6978759765625
2026-03-24,AXISBANK.NS,Axis Bank,Private,1191.78076171875
2026-03-25,AXISBANK.NS,Axis Bank,Private,1221.158203125
2026-03-27,AXISBANK.NS,Axis Bank,Private,1204.271240234375
2026-03-30,AXISBANK.NS,Axis Bank,Private,1160.4051513671875
2026-04-01,AXISBANK.NS,Axis Bank,Private,1192.1805419921875
2026-04-02,AXISBANK.NS,Axis Bank,Private,1196.9769287109375
2026-04-06,AXISBANK.NS,Axis Bank,Private,1244.34033203125
2026-04-07,AXISBANK.NS,Axis Bank,Private,1249.1365966796875
2026-04-08,AXISBANK.NS,Axis Bank,Private,1331.9727783203125
2026-04-09,AXISBANK.NS,Axis Bank,Private,1317.48388671875
2026-04-10,AXISBANK.NS,Axis Bank,Private,1349.759033203125
2026-04-13,AXISBANK.NS,Axis Bank,Private,1352.556884765625
2026-04-15,AXISBANK.NS,Axis Bank,Private,1354.4554443359375
2026-04-16,AXISBANK.NS,Axis Bank,Private,1348.5599365234375
2026-04-17,AXISBANK.NS,Axis Bank,Private,1358.0526123046875
2026-04-20,AXISBANK.NS,Axis Bank,Private,1353.656005859375
2026-04-21,AXISBANK.NS,Axis Bank,Private,1376.6383056640625
2026-04-22,AXISBANK.NS,Axis Bank,Private,1378.536865234375
2026-04-23,AXISBANK.NS,Axis Bank,Private,1368.5445556640625
2026-04-24,AXISBANK.NS,Axis Bank,Private,1364.847412109375
2026-04-27,AXISBANK.NS,Axis Bank,Private,1323.179443359375
2026-04-28,AXISBANK.NS,Axis Bank,Private,1288.0067138671875
2026-04-29,AXISBANK.NS,Axis Bank,Private,1295.4010009765625
2026-04-30,AXISBANK.NS,Axis Bank,Private,1267.3226318359375
2026-05-01,AXISBANK.NS,Axis Bank,Private,1267.3226318359375
2026-05-04,AXISBANK.NS,Axis Bank,Private,1274.1173095703125
2026-05-05,AXISBANK.NS,Axis Bank,Private,1258.729248046875
2026-05-06,AXISBANK.NS,Axis Bank,Private,1293.20263671875
2026-05-07,AXISBANK.NS,Axis Bank,Private,1291.7037353515625
2026-05-08,AXISBANK.NS,Axis Bank,Private,1267.3226318359375
2026-05-11,AXISBANK.NS,Axis Bank,Private,1271.319580078125
2026-05-12,AXISBANK.NS,Axis Bank,Private,1259.12890625
2026-05-13,AXISBANK.NS,Axis Bank,Private,1254.7322998046875
2026-05-14,AXISBANK.NS,Axis Bank,Private,1253.6331787109375
2026-05-15,AXISBANK.NS,Axis Bank,Private,1243.8408203125
2026-05-18,AXISBANK.NS,Axis Bank,Private,1236.946044921875
2026-05-19,AXISBANK.NS,Axis Bank,Private,1237.3458251953125
2026-05-20,AXISBANK.NS,Axis Bank,Private,1248.8369140625
2026-05-21,AXISBANK.NS,Axis Bank,Private,1252.334228515625
2026-05-22,AXISBANK.NS,Axis Bank,Private,1284.409423828125
2026-05-25,AXISBANK.NS,Axis Bank,Private,1310.189453125
2026-05-26,AXISBANK.NS,Axis Bank,Private,1298.298828125
2026-05-27,AXISBANK.NS,Axis Bank,Private,1303.094970703125
2026-05-28,AXISBANK.NS,Axis Bank,Private,1303.094970703125
2026-05-29,AXISBANK.NS,Axis Bank,Private,1285.6085205078125
2026-06-01,AXISBANK.NS,Axis Bank,Private,1274.916748046875
2026-06-02,AXISBANK.NS,Axis Bank,Private,1250.1358642578125
2026-06-03,AXISBANK.NS,Axis Bank,Private,1254.232666015625
2026-06-04,AXISBANK.NS,Axis Bank,Private,1252.334228515625
2026-06-05,AXISBANK.NS,Axis Bank,Private,1271.319580078125
2026-06-08,AXISBANK.NS,Axis Bank,Private,1267.1226806640625
2026-06-09,AXISBANK.NS,Axis Bank,Private,1291.404052734375
2026-06-10,AXISBANK.NS,Axis Bank,Private,1313.487060546875
2026-06-11,AXISBANK.NS,Axis Bank,Private,1316.284912109375
2026-06-12,AXISBANK.NS,Axis Bank,Private,1355.2548828125
2026-06-15,AXISBANK.NS,Axis Bank,Private,1367.24560546875
2026-06-16,AXISBANK.NS,Axis Bank,Private,1364.6474609375
2026-06-17,AXISBANK.NS,Axis Bank,Private,1349.8590087890625
2026-06-18,AXISBANK.NS,Axis Bank,Private,1359.0518798828125
2026-06-19,AXISBANK.NS,Axis Bank,Private,1356.8536376953125
2026-06-22,AXISBANK.NS,Axis Bank,Private,1357.552978515625
2026-06-23,AXISBANK.NS,Axis Bank,Private,1362.44921875
2026-06-24,AXISBANK.NS,Axis Bank,Private,1383.43310546875
2026-06-25,AXISBANK.NS,Axis Bank,Private,1376.138671875
2026-06-26,AXISBANK.NS,Axis Bank,Private,1376.138671875
2026-06-29,AXISBANK.NS,Axis Bank,Private,1355.7545166015625
2026-06-30,AXISBANK.NS,Axis Bank,Private,1344.6629638671875
2026-07-01,AXISBANK.NS,Axis Bank,Private,1367.6451416015625
2026-07-02,AXISBANK.NS,Axis Bank,Private,1361.5499267578125
2026-07-03,AXISBANK.NS,Axis Bank,Private,1341.065673828125
2026-07-06,AXISBANK.NS,Axis Bank,Private,1338.567626953125
2026-07-07,AXISBANK.NS,Axis Bank,Private,1339.966552734375
2026-07-08,AXISBANK.NS,Axis Bank,Private,1308.4908447265625
2026-07-09,AXISBANK.NS,Axis Bank,Private,1296.5999755859375
2026-07-10,AXISBANK.NS,Axis Bank,Private,1323.699951171875
2026-07-13,AXISBANK.NS,Axis Bank,Private,1319.4000244140625
2026-07-14,AXISBANK.NS,Axis Bank,Private,1317.5999755859375
2026-07-15,AXISBANK.NS,Axis Bank,Private,1312.300048828125
2026-07-16,AXISBANK.NS,Axis Bank,Private,1307.5999755859375
2026-07-17,AXISBANK.NS,Axis Bank,Private,1328.5
2026-07-20,AXISBANK.NS,Axis Bank,Private,1256.0
2026-07-21,AXISBANK.NS,Axis Bank,Private,1258.199951171875
2026-07-23,AXISBANK.NS,Axis Bank,Private,1223.0
2026-07-24,AXISBANK.NS,Axis Bank,Private,1227.300048828125
2026-07-27,AXISBANK.NS,Axis Bank,Private,1227.5
2026-07-28,AXISBANK.NS,Axis Bank,Private,1223.5
2026-07-29,AXISBANK.NS,Axis Bank,Private,1235.4000244140625
2026-07-30,AXISBANK.NS,Axis Bank,Private,1228.9000244140625
2026-07-31,AXISBANK.NS,Axis Bank,Private,1229.5
2026-08-03,AXISBANK.NS,Axis Bank,Private,1272.0
2026-08-04,AXISBANK.NS,Axis Bank,Private,1261.800048828125
2026-08-05,AXISBANK.NS,Axis Bank,Private,1253.9000244140625
2026-08-06,AXISBANK.NS,Axis Bank,Private,1256.0
2026-08-07,AXISBANK.NS,Axis Bank,Private,1238.0
2026-08-10,AXISBANK.NS,Axis Bank,Private,1247.300048828125
2026-08-11,AXISBANK.NS,Axis Bank,Private,1229.800048828125
2026-08-12,AXISBANK.NS,Axis Bank,Private,1230.0
2026-08-13,AXISBANK.NS,Axis Bank,Private,1221.800048828125
2026-08-14,AXISBANK.NS,Axis Bank,Private,1217.4000244140625
2026-08-17,AXISBANK.NS,Axis Bank,Private,1227.300048828125
2026-08-18,AXISBANK.NS,Axis Bank,Private,1243.0
2026-08-19,AXISBANK.NS,Axis Bank,Private,1235.0
2026-08-20,AXISBANK.NS,Axis Bank,Private,1251.0
2021-08-20,BANKBARODA.NS,Bank of Baroda,Public,63.67561721801758
2021-08-23,BANKBARODA.NS,Bank of Baroda,Public,62.859806060791016
2021-08-24,BANKBARODA.NS,Bank of Baroda,Public,64.83491516113281
2021-08-25,BANKBARODA.NS,Bank of Baroda,Public,64.49142456054688
2021-08-26,BANKBARODA.NS,Bank of Baroda,Public,63.6326789855957
2021-08-27,BANKBARODA.NS,Bank of Baroda,Public,64.01911163330078
2021-08-30,BANKBARODA.NS,Bank of Baroda,Public,66.08009338378906
2021-08-31,BANKBARODA.NS,Bank of Baroda,Public,66.423583984375
2021-09-01,BANKBARODA.NS,Bank of Baroda,Public,67.28233337402344
2021-09-02,BANKBARODA.NS,Bank of Baroda,Public,67.32527160644531
2021-09-03,BANKBARODA.NS,Bank of Baroda,Public,68.01225280761719
2021-09-06,BANKBARODA.NS,Bank of Baroda,Public,67.754638671875
2021-09-07,BANKBARODA.NS,Bank of Baroda,Public,67.0676498413086
2021-09-08,BANKBARODA.NS,Bank of Baroda,Public,68.14106750488281
2021-09-09,BANKBARODA.NS,Bank of Baroda,Public,67.96932220458984
2021-09-13,BANKBARODA.NS,Bank of Baroda,Public,67.19644927978516
2021-09-14,BANKBARODA.NS,Bank of Baroda,Public,67.53995513916016
2021-09-15,BANKBARODA.NS,Bank of Baroda,Public,69.81561279296875
2021-09-16,BANKBARODA.NS,Bank of Baroda,Public,73.76582336425781
2021-09-17,BANKBARODA.NS,Bank of Baroda,Public,70.67435455322266
2021-09-20,BANKBARODA.NS,Bank of Baroda,Public,67.19644927978516
2021-09-21,BANKBARODA.NS,Bank of Baroda,Public,67.53995513916016
2021-09-22,BANKBARODA.NS,Bank of Baroda,Public,68.44163513183594
2021-09-23,BANKBARODA.NS,Bank of Baroda,Public,68.39868927001953
2021-09-24,BANKBARODA.NS,Bank of Baroda,Public,66.85296630859375
2021-09-27,BANKBARODA.NS,Bank of Baroda,Public,66.98176574707031
2021-09-28,BANKBARODA.NS,Bank of Baroda,Public,68.22693634033203
2021-09-29,BANKBARODA.NS,Bank of Baroda,Public,70.15911102294922
2021-09-30,BANKBARODA.NS,Bank of Baroda,Public,70.2020492553711
2021-10-01,BANKBARODA.NS,Bank of Baroda,Public,70.80316162109375
2021-10-04,BANKBARODA.NS,Bank of Baroda,Public,72.43476867675781
2021-10-05,BANKBARODA.NS,Bank of Baroda,Public,71.5760269165039
2021-10-06,BANKBARODA.NS,Bank of Baroda,Public,70.67435455322266
2021-10-07,BANKBARODA.NS,Bank of Baroda,Public,72.13421630859375
2021-10-08,BANKBARODA.NS,Bank of Baroda,Public,75.65504455566406
2021-10-11,BANKBARODA.NS,Bank of Baroda,Public,75.13980865478516
2021-10-12,BANKBARODA.NS,Bank of Baroda,Public,75.65504455566406
2021-10-13,BANKBARODA.NS,Bank of Baroda,Public,75.44036865234375
2021-10-14,BANKBARODA.NS,Bank of Baroda,Public,76.2132339477539
2021-10-18,BANKBARODA.NS,Bank of Baroda,Public,79.90581512451172
2021-10-19,BANKBARODA.NS,Bank of Baroda,Public,76.72847747802734
2021-10-20,BANKBARODA.NS,Bank of Baroda,Public,79.17588806152344
2021-10-21,BANKBARODA.NS,Bank of Baroda,Public,81.96678924560547
2021-10-22,BANKBARODA.NS,Bank of Baroda,Public,81.19393157958984
2021-10-25,BANKBARODA.NS,Bank of Baroda,Public,82.86846923828125
2021-10-26,BANKBARODA.NS,Bank of Baroda,Public,85.78820037841797
2021-10-27,BANKBARODA.NS,Bank of Baroda,Public,88.1067886352539
2021-10-28,BANKBARODA.NS,Bank of Baroda,Public,83.98483276367188
2021-10-29,BANKBARODA.NS,Bank of Baroda,Public,83.72721862792969
2021-11-01,BANKBARODA.NS,Bank of Baroda,Public,85.05825805664062
2021-11-02,BANKBARODA.NS,Bank of Baroda,Public,87.84916687011719
2021-11-03,BANKBARODA.NS,Bank of Baroda,Public,86.64693450927734
2021-11-04,BANKBARODA.NS,Bank of Baroda,Public,88.1067886352539
2021-11-08,BANKBARODA.NS,Bank of Baroda,Public,90.72594451904297
2021-11-09,BANKBARODA.NS,Bank of Baroda,Public,91.32706451416016
2021-11-10,BANKBARODA.NS,Bank of Baroda,Public,86.47518157958984
2021-11-11,BANKBARODA.NS,Bank of Baroda,Public,86.99043273925781
2021-11-12,BANKBARODA.NS,Bank of Baroda,Public,87.03336334228516
2021-11-15,BANKBARODA.NS,Bank of Baroda,Public,84.92945861816406
2021-11-16,BANKBARODA.NS,Bank of Baroda,Public,83.0831527709961
2021-11-17,BANKBARODA.NS,Bank of Baroda,Public,83.77015686035156
2021-11-18,BANKBARODA.NS,Bank of Baroda,Public,82.65377807617188
2021-11-22,BANKBARODA.NS,Bank of Baroda,Public,78.01658630371094
2021-11-23,BANKBARODA.NS,Bank of Baroda,Public,80.20638275146484
2021-11-24,BANKBARODA.NS,Bank of Baroda,Public,80.16343688964844
2021-11-25,BANKBARODA.NS,Bank of Baroda,Public,79.90581512451172
2021-11-26,BANKBARODA.NS,Bank of Baroda,Public,76.29911041259766
2021-11-29,BANKBARODA.NS,Bank of Baroda,Public,74.06637573242188
2021-11-30,BANKBARODA.NS,Bank of Baroda,Public,73.63700866699219
2021-12-01,BANKBARODA.NS,Bank of Baroda,Public,75.18274688720703
2021-12-02,BANKBARODA.NS,Bank of Baroda,Public,75.65504455566406
2021-12-03,BANKBARODA.NS,Bank of Baroda,Public,76.08441925048828
2021-12-06,BANKBARODA.NS,Bank of Baroda,Public,74.75336456298828
2021-12-07,BANKBARODA.NS,Bank of Baroda,Public,76.90022277832031
2021-12-08,BANKBARODA.NS,Bank of Baroda,Public,79.09001159667969
2021-12-09,BANKBARODA.NS,Bank of Baroda,Public,79.21881866455078
2021-12-10,BANKBARODA.NS,Bank of Baroda,Public,80.89337158203125
2021-12-13,BANKBARODA.NS,Bank of Baroda,Public,79.99169158935547
2021-12-14,BANKBARODA.NS,Bank of Baroda,Public,79.30469512939453
2021-12-15,BANKBARODA.NS,Bank of Baroda,Public,77.5013427734375
2021-12-16,BANKBARODA.NS,Bank of Baroda,Public,76.12735748291016
2021-12-17,BANKBARODA.NS,Bank of Baroda,Public,72.9070816040039
2021-12-20,BANKBARODA.NS,Bank of Baroda,Public,68.82805633544922
2021-12-21,BANKBARODA.NS,Bank of Baroda,Public,67.79756927490234
2021-12-22,BANKBARODA.NS,Bank of Baroda,Public,68.5704345703125
2021-12-23,BANKBARODA.NS,Bank of Baroda,Public,69.72974395751953
2021-12-24,BANKBARODA.NS,Bank of Baroda,Public,68.22693634033203
2021-12-27,BANKBARODA.NS,Bank of Baroda,Public,68.5704345703125
2021-12-28,BANKBARODA.NS,Bank of Baroda,Public,69.47212219238281
2021-12-29,BANKBARODA.NS,Bank of Baroda,Public,69.51504516601562
2021-12-30,BANKBARODA.NS,Bank of Baroda,Public,68.82805633544922
2021-12-31,BANKBARODA.NS,Bank of Baroda,Public,70.37378692626953
2022-01-03,BANKBARODA.NS,Bank of Baroda,Public,71.96246337890625
2022-01-04,BANKBARODA.NS,Bank of Baroda,Public,72.04833984375
2022-01-05,BANKBARODA.NS,Bank of Baroda,Public,72.9070816040039
2022-01-06,BANKBARODA.NS,Bank of Baroda,Public,74.36692810058594
2022-01-07,BANKBARODA.NS,Bank of Baroda,Public,75.22567749023438
2022-01-10,BANKBARODA.NS,Bank of Baroda,Public,79.13294982910156
2022-01-11,BANKBARODA.NS,Bank of Baroda,Public,79.17588806152344
2022-01-12,BANKBARODA.NS,Bank of Baroda,Public,79.64820098876953
2022-01-13,BANKBARODA.NS,Bank of Baroda,Public,80.63574981689453
2022-01-14,BANKBARODA.NS,Bank of Baroda,Public,80.37812042236328
2022-01-17,BANKBARODA.NS,Bank of Baroda,Public,80.5069351196289
2022-01-18,BANKBARODA.NS,Bank of Baroda,Public,79.21881866455078
2022-01-19,BANKBARODA.NS,Bank of Baroda,Public,82.31028747558594
2022-01-20,BANKBARODA.NS,Bank of Baroda,Public,83.04021453857422
2022-01-21,BANKBARODA.NS,Bank of Baroda,Public,79.60525512695312
2022-01-24,BANKBARODA.NS,Bank of Baroda,Public,79.51937866210938
2022-01-25,BANKBARODA.NS,Bank of Baroda,Public,84.5859603881836
2022-01-27,BANKBARODA.NS,Bank of Baroda,Public,88.87965393066406
2022-01-28,BANKBARODA.NS,Bank of Baroda,Public,88.7079086303711
2022-01-31,BANKBARODA.NS,Bank of Baroda,Public,92.35755920410156
2022-02-01,BANKBARODA.NS,Bank of Baroda,Public,91.15532684326172
2022-02-02,BANKBARODA.NS,Bank of Baroda,Public,93.94622802734375
2022-02-03,BANKBARODA.NS,Bank of Baroda,Public,94.0750503540039
2022-02-04,BANKBARODA.NS,Bank of Baroda,Public,91.49881744384766
2022-02-07,BANKBARODA.NS,Bank of Baroda,Public,96.99474334716797
2022-02-08,BANKBARODA.NS,Bank of Baroda,Public,101.2884521484375
2022-02-09,BANKBARODA.NS,Bank of Baroda,Public,98.6263656616211
2022-02-10,BANKBARODA.NS,Bank of Baroda,Public,98.49755096435547
2022-02-11,BANKBARODA.NS,Bank of Baroda,Public,97.51000213623047
2022-02-14,BANKBARODA.NS,Bank of Baroda,Public,91.11238098144531
2022-02-15,BANKBARODA.NS,Bank of Baroda,Public,94.59027862548828
2022-02-16,BANKBARODA.NS,Bank of Baroda,Public,91.88524627685547
2022-02-17,BANKBARODA.NS,Bank of Baroda,Public,90.76888275146484
2022-02-18,BANKBARODA.NS,Bank of Baroda,Public,90.46832275390625
2022-02-21,BANKBARODA.NS,Bank of Baroda,Public,89.09434509277344
2022-02-22,BANKBARODA.NS,Bank of Baroda,Public,90.03894805908203
2022-02-23,BANKBARODA.NS,Bank of Baroda,Public,92.52930450439453
2022-02-24,BANKBARODA.NS,Bank of Baroda,Public,86.30342864990234
2022-02-25,BANKBARODA.NS,Bank of Baroda,Public,91.71350860595703
2022-02-28,BANKBARODA.NS,Bank of Baroda,Public,91.49881744384766
2022-03-02,BANKBARODA.NS,Bank of Baroda,Public,88.53616333007812
2022-03-03,BANKBARODA.NS,Bank of Baroda,Public,88.1067886352539
2022-03-04,BANKBARODA.NS,Bank of Baroda,Public,86.34636688232422
2022-03-07,BANKBARODA.NS,Bank of Baroda,Public,79.69113159179688
2022-03-08,BANKBARODA.NS,Bank of Baroda,Public,83.68427276611328
2022-03-09,BANKBARODA.NS,Bank of Baroda,Public,84.88651275634766
2022-03-10,BANKBARODA.NS,Bank of Baroda,Public,87.46273040771484
2022-03-11,BANKBARODA.NS,Bank of Baroda,Public,89.65253448486328
2022-03-14,BANKBARODA.NS,Bank of Baroda,Public,91.79936981201172
2022-03-15,BANKBARODA.NS,Bank of Baroda,Public,90.94063568115234
2022-03-16,BANKBARODA.NS,Bank of Baroda,Public,92.48636627197266
2022-03-17,BANKBARODA.NS,Bank of Baroda,Public,92.7010498046875
2022-03-21,BANKBARODA.NS,Bank of Baroda,Public,91.45587921142578
2022-03-22,BANKBARODA.NS,Bank of Baroda,Public,91.71350860595703
2022-03-23,BANKBARODA.NS,Bank of Baroda,Public,91.2411880493164
2022-03-24,BANKBARODA.NS,Bank of Baroda,Public,91.15532684326172
2022-03-25,BANKBARODA.NS,Bank of Baroda,Public,93.1733627319336
2022-03-28,BANKBARODA.NS,Bank of Baroda,Public,96.13601684570312
2022-03-29,BANKBARODA.NS,Bank of Baroda,Public,95.79251098632812
2022-03-30,BANKBARODA.NS,Bank of Baroda,Public,97.89643096923828
2022-03-31,BANKBARODA.NS,Bank of Baroda,Public,95.83544921875
2022-04-01,BANKBARODA.NS,Bank of Baroda,Public,99.6139144897461
2022-04-04,BANKBARODA.NS,Bank of Baroda,Public,99.69978332519531
2022-04-05,BANKBARODA.NS,Bank of Baroda,Public,99.6139144897461
2022-04-06,BANKBARODA.NS,Bank of Baroda,Public,102.96300506591797
2022-04-07,BANKBARODA.NS,Bank of Baroda,Public,102.36188507080078
2022-04-08,BANKBARODA.NS,Bank of Baroda,Public,103.3064956665039
2022-04-11,BANKBARODA.NS,Bank of Baroda,Public,103.3064956665039
2022-04-12,BANKBARODA.NS,Bank of Baroda,Public,103.17768859863281
2022-04-13,BANKBARODA.NS,Bank of Baroda,Public,102.57656860351562
2022-04-18,BANKBARODA.NS,Bank of Baroda,Public,97.81055450439453
2022-04-19,BANKBARODA.NS,Bank of Baroda,Public,97.08062744140625
2022-04-20,BANKBARODA.NS,Bank of Baroda,Public,96.69419860839844
2022-04-21,BANKBARODA.NS,Bank of Baroda,Public,97.81055450439453
2022-04-22,BANKBARODA.NS,Bank of Baroda,Public,95.70664978027344
2022-04-25,BANKBARODA.NS,Bank of Baroda,Public,95.44902038574219
2022-04-26,BANKBARODA.NS,Bank of Baroda,Public,99.1845474243164
2022-04-27,BANKBARODA.NS,Bank of Baroda,Public,99.69978332519531
2022-04-28,BANKBARODA.NS,Bank of Baroda,Public,99.35628509521484
2022-04-29,BANKBARODA.NS,Bank of Baroda,Public,96.95182037353516
2022-05-02,BANKBARODA.NS,Bank of Baroda,Public,96.82301330566406
2022-05-04,BANKBARODA.NS,Bank of Baroda,Public,92.872802734375
2022-05-05,BANKBARODA.NS,Bank of Baroda,Public,90.89769744873047
2022-05-06,BANKBARODA.NS,Bank of Baroda,Public,90.12483215332031
2022-05-09,BANKBARODA.NS,Bank of Baroda,Public,88.66497039794922
2022-05-10,BANKBARODA.NS,Bank of Baroda,Public,86.73280334472656
2022-05-11,BANKBARODA.NS,Bank of Baroda,Public,86.94749450683594
2022-05-12,BANKBARODA.NS,Bank of Baroda,Public,82.48204803466797
2022-05-13,BANKBARODA.NS,Bank of Baroda,Public,81.58036041259766
2022-05-16,BANKBARODA.NS,Bank of Baroda,Public,85.74525451660156
2022-05-17,BANKBARODA.NS,Bank of Baroda,Public,87.7203598022461
2022-05-18,BANKBARODA.NS,Bank of Baroda,Public,85.40176391601562
2022-05-19,BANKBARODA.NS,Bank of Baroda,Public,82.69671630859375
2022-05-20,BANKBARODA.NS,Bank of Baroda,Public,85.40176391601562
2022-05-23,BANKBARODA.NS,Bank of Baroda,Public,83.42665100097656
2022-05-24,BANKBARODA.NS,Bank of Baroda,Public,82.2673568725586
2022-05-25,BANKBARODA.NS,Bank of Baroda,Public,80.63574981689453
2022-05-26,BANKBARODA.NS,Bank of Baroda,Public,84.45713806152344
2022-05-27,BANKBARODA.NS,Bank of Baroda,Public,84.71475982666016
2022-05-30,BANKBARODA.NS,Bank of Baroda,Public,87.20511627197266
2022-05-31,BANKBARODA.NS,Bank of Baroda,Public,86.08875274658203
2022-06-01,BANKBARODA.NS,Bank of Baroda,Public,87.46273040771484
2022-06-02,BANKBARODA.NS,Bank of Baroda,Public,89.00846862792969
2022-06-03,BANKBARODA.NS,Bank of Baroda,Public,87.7203598022461
2022-06-06,BANKBARODA.NS,Bank of Baroda,Public,87.63448333740234
2022-06-07,BANKBARODA.NS,Bank of Baroda,Public,87.50566864013672
2022-06-08,BANKBARODA.NS,Bank of Baroda,Public,88.92259216308594
2022-06-09,BANKBARODA.NS,Bank of Baroda,Public,90.21070098876953
2022-06-10,BANKBARODA.NS,Bank of Baroda,Public,90.2536392211914
2022-06-13,BANKBARODA.NS,Bank of Baroda,Public,85.83112335205078
2022-06-14,BANKBARODA.NS,Bank of Baroda,Public,86.34636688232422
2022-06-15,BANKBARODA.NS,Bank of Baroda,Public,85.9599380493164
2022-06-16,BANKBARODA.NS,Bank of Baroda,Public,83.72721862792969
2022-06-17,BANKBARODA.NS,Bank of Baroda,Public,84.0810546875
2022-06-20,BANKBARODA.NS,Bank of Baroda,Public,80.6311264038086
2022-06-21,BANKBARODA.NS,Bank of Baroda,Public,84.96565246582031
2022-06-22,BANKBARODA.NS,Bank of Baroda,Public,84.43489074707031
2022-06-23,BANKBARODA.NS,Bank of Baroda,Public,85.31949615478516
2022-06-24,BANKBARODA.NS,Bank of Baroda,Public,88.41558074951172
2022-06-27,BANKBARODA.NS,Bank of Baroda,Public,88.45980834960938
2022-06-28,BANKBARODA.NS,Bank of Baroda,Public,89.8309326171875
2022-06-29,BANKBARODA.NS,Bank of Baroda,Public,89.47709655761719
2022-06-30,BANKBARODA.NS,Bank of Baroda,Public,86.15985870361328
2022-07-01,BANKBARODA.NS,Bank of Baroda,Public,85.76178741455078
2022-07-04,BANKBARODA.NS,Bank of Baroda,Public,87.08867645263672
2022-07-05,BANKBARODA.NS,Bank of Baroda,Public,87.2656021118164
2022-07-06,BANKBARODA.NS,Bank of Baroda,Public,87.97328186035156
2022-07-07,BANKBARODA.NS,Bank of Baroda,Public,92.88280487060547
2022-07-08,BANKBARODA.NS,Bank of Baroda,Public,93.41355895996094
2022-07-11,BANKBARODA.NS,Bank of Baroda,Public,96.90773010253906
2022-07-12,BANKBARODA.NS,Bank of Baroda,Public,96.64234924316406
2022-07-13,BANKBARODA.NS,Bank of Baroda,Public,95.93466186523438
2022-07-14,BANKBARODA.NS,Bank of Baroda,Public,93.05972290039062
2022-07-15,BANKBARODA.NS,Bank of Baroda,Public,92.04244232177734
2022-07-18,BANKBARODA.NS,Bank of Baroda,Public,95.53660583496094
2022-07-19,BANKBARODA.NS,Bank of Baroda,Public,99.69420623779297
2022-07-20,BANKBARODA.NS,Bank of Baroda,Public,99.11921691894531
2022-07-21,BANKBARODA.NS,Bank of Baroda,Public,100.7999496459961
2022-07-22,BANKBARODA.NS,Bank of Baroda,Public,102.70184326171875
2022-07-25,BANKBARODA.NS,Bank of Baroda,Public,101.90570831298828
2022-07-26,BANKBARODA.NS,Bank of Baroda,Public,103.05567932128906
2022-07-27,BANKBARODA.NS,Bank of Baroda,Public,104.60372924804688
2022-07-28,BANKBARODA.NS,Bank of Baroda,Public,103.63067626953125
2022-07-29,BANKBARODA.NS,Bank of Baroda,Public,102.83453369140625
2022-08-01,BANKBARODA.NS,Bank of Baroda,Public,102.8787612915039
2022-08-02,BANKBARODA.NS,Bank of Baroda,Public,107.69982147216797
2022-08-03,BANKBARODA.NS,Bank of Baroda,Public,107.08061218261719
2022-08-04,BANKBARODA.NS,Bank of Baroda,Public,104.91333770751953
2022-08-05,BANKBARODA.NS,Bank of Baroda,Public,104.29412078857422
2022-08-08,BANKBARODA.NS,Bank of Baroda,Public,104.60372924804688
2022-08-10,BANKBARODA.NS,Bank of Baroda,Public,104.95757293701172
2022-08-11,BANKBARODA.NS,Bank of Baroda,Public,108.98249053955078
2022-08-12,BANKBARODA.NS,Bank of Baroda,Public,108.93827056884766
2022-08-16,BANKBARODA.NS,Bank of Baroda,Public,107.52290344238281
2022-08-17,BANKBARODA.NS,Bank of Baroda,Public,111.99011993408203
2022-08-18,BANKBARODA.NS,Bank of Baroda,Public,109.60169982910156
2022-08-19,BANKBARODA.NS,Bank of Baroda,Public,106.46138763427734
2022-08-22,BANKBARODA.NS,Bank of Baroda,Public,104.60372924804688
2022-08-23,BANKBARODA.NS,Bank of Baroda,Public,109.2036361694336
2022-08-24,BANKBARODA.NS,Bank of Baroda,Public,109.29209899902344
2022-08-25,BANKBARODA.NS,Bank of Baroda,Public,111.37091064453125
2022-08-26,BANKBARODA.NS,Bank of Baroda,Public,113.49394226074219
2022-08-29,BANKBARODA.NS,Bank of Baroda,Public,111.72474670410156
2022-08-30,BANKBARODA.NS,Bank of Baroda,Public,115.74967193603516
2022-09-01,BANKBARODA.NS,Bank of Baroda,Public,118.04962158203125
2022-09-02,BANKBARODA.NS,Bank of Baroda,Public,116.0150375366211
2022-09-05,BANKBARODA.NS,Bank of Baroda,Public,118.4034652709961
2022-09-06,BANKBARODA.NS,Bank of Baroda,Public,118.04962158203125
2022-09-07,BANKBARODA.NS,Bank of Baroda,Public,118.71306610107422
2022-09-08,BANKBARODA.NS,Bank of Baroda,Public,122.38416290283203
2022-09-09,BANKBARODA.NS,Bank of Baroda,Public,122.1187744140625
2022-09-12,BANKBARODA.NS,Bank of Baroda,Public,122.82646942138672
2022-09-13,BANKBARODA.NS,Bank of Baroda,Public,122.64952850341797
2022-09-14,BANKBARODA.NS,Bank of Baroda,Public,124.2417984008789
2022-09-15,BANKBARODA.NS,Bank of Baroda,Public,123.88796997070312
2022-09-16,BANKBARODA.NS,Bank of Baroda,Public,121.41109466552734
2022-09-19,BANKBARODA.NS,Bank of Baroda,Public,124.77256774902344
2022-09-20,BANKBARODA.NS,Bank of Baroda,Public,125.25910949707031
2022-09-21,BANKBARODA.NS,Bank of Baroda,Public,125.03795623779297
2022-09-22,BANKBARODA.NS,Bank of Baroda,Public,122.47260284423828
2022-09-23,BANKBARODA.NS,Bank of Baroda,Public,117.2092514038086
2022-09-26,BANKBARODA.NS,Bank of Baroda,Public,113.36123657226562
2022-09-27,BANKBARODA.NS,Bank of Baroda,Public,113.00741577148438
2022-09-28,BANKBARODA.NS,Bank of Baroda,Public,111.85743713378906
2022-09-29,BANKBARODA.NS,Bank of Baroda,Public,112.74203491210938
2022-09-30,BANKBARODA.NS,Bank of Baroda,Public,117.12078857421875
2022-10-03,BANKBARODA.NS,Bank of Baroda,Public,113.27278900146484
2022-10-04,BANKBARODA.NS,Bank of Baroda,Public,118.3592300415039
2022-10-06,BANKBARODA.NS,Bank of Baroda,Public,119.33228302001953
2022-10-07,BANKBARODA.NS,Bank of Baroda,Public,119.68612670898438
2022-10-10,BANKBARODA.NS,Bank of Baroda,Public,116.9438705444336
2022-10-11,BANKBARODA.NS,Bank of Baroda,Public,114.6439208984375
2022-10-12,BANKBARODA.NS,Bank of Baroda,Public,117.60730743408203
2022-10-13,BANKBARODA.NS,Bank of Baroda,Public,114.99775695800781
2022-10-14,BANKBARODA.NS,Bank of Baroda,Public,115.39582061767578
2022-10-17,BANKBARODA.NS,Bank of Baroda,Public,120.43804168701172
2022-10-18,BANKBARODA.NS,Bank of Baroda,Public,124.4187240600586
2022-10-19,BANKBARODA.NS,Bank of Baroda,Public,121.89762115478516
2022-10-20,BANKBARODA.NS,Bank of Baroda,Public,124.46295166015625
2022-10-21,BANKBARODA.NS,Bank of Baroda,Public,126.98405456542969
2022-10-24,BANKBARODA.NS,Bank of Baroda,Public,127.78020477294922
2022-10-25,BANKBARODA.NS,Bank of Baroda,Public,131.23013305664062
2022-10-27,BANKBARODA.NS,Bank of Baroda,Public,132.42433166503906
2022-10-28,BANKBARODA.NS,Bank of Baroda,Public,130.0359344482422
2022-10-31,BANKBARODA.NS,Bank of Baroda,Public,130.6551513671875
2022-11-01,BANKBARODA.NS,Bank of Baroda,Public,130.6551513671875
2022-11-02,BANKBARODA.NS,Bank of Baroda,Public,130.0801544189453
2022-11-03,BANKBARODA.NS,Bank of Baroda,Public,131.05320739746094
2022-11-04,BANKBARODA.NS,Bank of Baroda,Public,127.86866760253906
2022-11-07,BANKBARODA.NS,Bank of Baroda,Public,140.07611083984375
2022-11-09,BANKBARODA.NS,Bank of Baroda,Public,147.10865783691406
2022-11-10,BANKBARODA.NS,Bank of Baroda,Public,146.3567657470703
2022-11-11,BANKBARODA.NS,Bank of Baroda,Public,143.083740234375
2022-11-14,BANKBARODA.NS,Bank of Baroda,Public,144.98562622070312
2022-11-15,BANKBARODA.NS,Bank of Baroda,Public,144.145263671875
2022-11-16,BANKBARODA.NS,Bank of Baroda,Public,144.45489501953125
2022-11-17,BANKBARODA.NS,Bank of Baroda,Public,144.8087158203125
2022-11-18,BANKBARODA.NS,Bank of Baroda,Public,144.2779541015625
2022-11-21,BANKBARODA.NS,Bank of Baroda,Public,143.2164306640625
2022-11-22,BANKBARODA.NS,Bank of Baroda,Public,147.50672912597656
2022-11-23,BANKBARODA.NS,Bank of Baroda,Public,149.36441040039062
2022-11-24,BANKBARODA.NS,Bank of Baroda,Public,150.73550415039062
2022-11-25,BANKBARODA.NS,Bank of Baroda,Public,148.47979736328125
2022-11-28,BANKBARODA.NS,Bank of Baroda,Public,148.47979736328125
2022-11-29,BANKBARODA.NS,Bank of Baroda,Public,148.43556213378906
2022-11-30,BANKBARODA.NS,Bank of Baroda,Public,147.06443786621094
2022-12-01,BANKBARODA.NS,Bank of Baroda,Public,151.9297332763672
2022-12-02,BANKBARODA.NS,Bank of Baroda,Public,151.44320678710938
2022-12-05,BANKBARODA.NS,Bank of Baroda,Public,152.10665893554688
2022-12-06,BANKBARODA.NS,Bank of Baroda,Public,154.27391052246094
2022-12-07,BANKBARODA.NS,Bank of Baroda,Public,156.13157653808594
2022-12-08,BANKBARODA.NS,Bank of Baroda,Public,166.52560424804688
2022-12-09,BANKBARODA.NS,Bank of Baroda,Public,166.83522033691406
2022-12-12,BANKBARODA.NS,Bank of Baroda,Public,168.1178741455078
2022-12-13,BANKBARODA.NS,Bank of Baroda,Public,170.72744750976562
2022-12-14,BANKBARODA.NS,Bank of Baroda,Public,169.53323364257812
2022-12-15,BANKBARODA.NS,Bank of Baroda,Public,163.25257873535156
2022-12-16,BANKBARODA.NS,Bank of Baroda,Public,160.9968719482422
2022-12-19,BANKBARODA.NS,Bank of Baroda,Public,161.39492797851562
2022-12-20,BANKBARODA.NS,Bank of Baroda,Public,162.45645141601562
2022-12-21,BANKBARODA.NS,Bank of Baroda,Public,157.06039428710938
2022-12-22,BANKBARODA.NS,Bank of Baroda,Public,156.22003173828125
2022-12-23,BANKBARODA.NS,Bank of Baroda,Public,149.5413055419922
2022-12-26,BANKBARODA.NS,Bank of Baroda,Public,156.66233825683594
2022-12-27,BANKBARODA.NS,Bank of Baroda,Public,157.10462951660156
2022-12-28,BANKBARODA.NS,Bank of Baroda,Public,160.81993103027344
2022-12-29,BANKBARODA.NS,Bank of Baroda,Public,163.96026611328125
2022-12-30,BANKBARODA.NS,Bank of Baroda,Public,164.26986694335938
2023-01-02,BANKBARODA.NS,Bank of Baroda,Public,164.7563934326172
2023-01-03,BANKBARODA.NS,Bank of Baroda,Public,165.86215209960938
2023-01-04,BANKBARODA.NS,Bank of Baroda,Public,161.6160888671875
2023-01-05,BANKBARODA.NS,Bank of Baroda,Public,162.81028747558594
2023-01-06,BANKBARODA.NS,Bank of Baroda,Public,162.10263061523438
2023-01-09,BANKBARODA.NS,Bank of Baroda,Public,163.78334045410156
2023-01-10,BANKBARODA.NS,Bank of Baroda,Public,159.8468780517578
2023-01-11,BANKBARODA.NS,Bank of Baroda,Public,160.33340454101562
2023-01-12,BANKBARODA.NS,Bank of Baroda,Public,160.73147583007812
2023-01-13,BANKBARODA.NS,Bank of Baroda,Public,163.56216430664062
2023-01-16,BANKBARODA.NS,Bank of Baroda,Public,164.35833740234375
2023-01-17,BANKBARODA.NS,Bank of Baroda,Public,160.81993103027344
2023-01-18,BANKBARODA.NS,Bank of Baroda,Public,157.6796112060547
2023-01-19,BANKBARODA.NS,Bank of Baroda,Public,157.3699951171875
2023-01-20,BANKBARODA.NS,Bank of Baroda,Public,158.65267944335938
2023-01-23,BANKBARODA.NS,Bank of Baroda,Public,159.71420288085938
2023-01-24,BANKBARODA.NS,Bank of Baroda,Public,157.4142303466797
2023-01-25,BANKBARODA.NS,Bank of Baroda,Public,150.1605224609375
2023-01-27,BANKBARODA.NS,Bank of Baroda,Public,139.10305786132812
2023-01-30,BANKBARODA.NS,Bank of Baroda,Public,140.5626220703125
2023-01-31,BANKBARODA.NS,Bank of Baroda,Public,148.47979736328125
2023-02-01,BANKBARODA.NS,Bank of Baroda,Public,136.7588653564453
2023-02-02,BANKBARODA.NS,Bank of Baroda,Public,136.2723388671875
2023-02-03,BANKBARODA.NS,Bank of Baroda,Public,144.7202606201172
2023-02-06,BANKBARODA.NS,Bank of Baroda,Public,148.52401733398438
2023-02-07,BANKBARODA.NS,Bank of Baroda,Public,149.09901428222656
2023-02-08,BANKBARODA.NS,Bank of Baroda,Public,148.61248779296875
2023-02-09,BANKBARODA.NS,Bank of Baroda,Public,149.8951416015625
2023-02-10,BANKBARODA.NS,Bank of Baroda,Public,149.76246643066406
2023-02-13,BANKBARODA.NS,Bank of Baroda,Public,146.1356201171875
2023-02-14,BANKBARODA.NS,Bank of Baroda,Public,149.32017517089844
2023-02-15,BANKBARODA.NS,Bank of Baroda,Public,149.98361206054688
2023-02-16,BANKBARODA.NS,Bank of Baroda,Public,150.4701385498047
2023-02-17,BANKBARODA.NS,Bank of Baroda,Public,147.5509796142578
2023-02-20,BANKBARODA.NS,Bank of Baroda,Public,145.2952423095703
2023-02-21,BANKBARODA.NS,Bank of Baroda,Public,141.44723510742188
2023-02-22,BANKBARODA.NS,Bank of Baroda,Public,138.97036743164062
2023-02-23,BANKBARODA.NS,Bank of Baroda,Public,137.55502319335938
2023-02-24,BANKBARODA.NS,Bank of Baroda,Public,136.7588653564453
2023-02-27,BANKBARODA.NS,Bank of Baroda,Public,140.65110778808594
2023-02-28,BANKBARODA.NS,Bank of Baroda,Public,140.65110778808594
2023-03-01,BANKBARODA.NS,Bank of Baroda,Public,145.42794799804688
2023-03-02,BANKBARODA.NS,Bank of Baroda,Public,145.6490936279297
2023-03-03,BANKBARODA.NS,Bank of Baroda,Public,152.947021484375
2023-03-06,BANKBARODA.NS,Bank of Baroda,Public,153.1239471435547
2023-03-08,BANKBARODA.NS,Bank of Baroda,Public,153.92007446289062
2023-03-09,BANKBARODA.NS,Bank of Baroda,Public,151.7528076171875
2023-03-10,BANKBARODA.NS,Bank of Baroda,Public,148.43556213378906
2023-03-13,BANKBARODA.NS,Bank of Baroda,Public,144.98562622070312
2023-03-14,BANKBARODA.NS,Bank of Baroda,Public,143.65872192382812
2023-03-15,BANKBARODA.NS,Bank of Baroda,Public,140.82801818847656
2023-03-16,BANKBARODA.NS,Bank of Baroda,Public,141.31454467773438
2023-03-17,BANKBARODA.NS,Bank of Baroda,Public,141.57992553710938
2023-03-20,BANKBARODA.NS,Bank of Baroda,Public,140.42994689941406
2023-03-21,BANKBARODA.NS,Bank of Baroda,Public,144.23373413085938
2023-03-22,BANKBARODA.NS,Bank of Baroda,Public,148.08172607421875
2023-03-23,BANKBARODA.NS,Bank of Baroda,Public,143.9241180419922
2023-03-24,BANKBARODA.NS,Bank of Baroda,Public,141.35877990722656
2023-03-27,BANKBARODA.NS,Bank of Baroda,Public,142.64144897460938
2023-03-28,BANKBARODA.NS,Bank of Baroda,Public,142.19915771484375
2023-03-29,BANKBARODA.NS,Bank of Baroda,Public,145.47216796875
2023-03-31,BANKBARODA.NS,Bank of Baroda,Public,149.36441040039062
2023-04-03,BANKBARODA.NS,Bank of Baroda,Public,149.6739959716797
2023-04-05,BANKBARODA.NS,Bank of Baroda,Public,147.72787475585938
2023-04-06,BANKBARODA.NS,Bank of Baroda,Public,147.63941955566406
2023-04-10,BANKBARODA.NS,Bank of Baroda,Public,147.02020263671875
2023-04-11,BANKBARODA.NS,Bank of Baroda,Public,151.13360595703125
2023-04-12,BANKBARODA.NS,Bank of Baroda,Public,150.73550415039062
2023-04-13,BANKBARODA.NS,Bank of Baroda,Public,151.6201171875
2023-04-17,BANKBARODA.NS,Bank of Baroda,Public,155.99888610839844
2023-04-18,BANKBARODA.NS,Bank of Baroda,Public,157.3699951171875
2023-04-19,BANKBARODA.NS,Bank of Baroda,Public,156.79501342773438
2023-04-20,BANKBARODA.NS,Bank of Baroda,Public,157.23731994628906
2023-04-21,BANKBARODA.NS,Bank of Baroda,Public,156.0873260498047
2023-04-24,BANKBARODA.NS,Bank of Baroda,Public,159.4045867919922
2023-04-25,BANKBARODA.NS,Bank of Baroda,Public,162.85450744628906
2023-04-26,BANKBARODA.NS,Bank of Baroda,Public,162.36798095703125
2023-04-27,BANKBARODA.NS,Bank of Baroda,Public,164.31410217285156
2023-04-28,BANKBARODA.NS,Bank of Baroda,Public,166.0832977294922
2023-05-02,BANKBARODA.NS,Bank of Baroda,Public,166.39292907714844
2023-05-03,BANKBARODA.NS,Bank of Baroda,Public,163.25257873535156
2023-05-04,BANKBARODA.NS,Bank of Baroda,Public,163.8275604248047
2023-05-05,BANKBARODA.NS,Bank of Baroda,Public,162.2353057861328
2023-05-08,BANKBARODA.NS,Bank of Baroda,Public,161.88145446777344
2023-05-09,BANKBARODA.NS,Bank of Baroda,Public,157.32579040527344
2023-05-10,BANKBARODA.NS,Bank of Baroda,Public,157.85653686523438
2023-05-11,BANKBARODA.NS,Bank of Baroda,Public,157.90077209472656
2023-05-12,BANKBARODA.NS,Bank of Baroda,Public,158.1219024658203
2023-05-15,BANKBARODA.NS,Bank of Baroda,Public,162.6333770751953
2023-05-16,BANKBARODA.NS,Bank of Baroda,Public,164.97755432128906
2023-05-17,BANKBARODA.NS,Bank of Baroda,Public,164.44677734375
2023-05-18,BANKBARODA.NS,Bank of Baroda,Public,159.5372772216797
2023-05-19,BANKBARODA.NS,Bank of Baroda,Public,160.9084014892578
2023-05-22,BANKBARODA.NS,Bank of Baroda,Public,160.156494140625
2023-05-23,BANKBARODA.NS,Bank of Baroda,Public,162.1468505859375
2023-05-24,BANKBARODA.NS,Bank of Baroda,Public,161.5718536376953
2023-05-25,BANKBARODA.NS,Bank of Baroda,Public,160.81993103027344
2023-05-26,BANKBARODA.NS,Bank of Baroda,Public,162.36798095703125
2023-05-29,BANKBARODA.NS,Bank of Baroda,Public,162.54490661621094
2023-05-30,BANKBARODA.NS,Bank of Baroda,Public,162.45645141601562
2023-05-31,BANKBARODA.NS,Bank of Baroda,Public,163.65066528320312
2023-06-01,BANKBARODA.NS,Bank of Baroda,Public,163.51795959472656
2023-06-02,BANKBARODA.NS,Bank of Baroda,Public,165.19869995117188
2023-06-05,BANKBARODA.NS,Bank of Baroda,Public,164.22564697265625
2023-06-06,BANKBARODA.NS,Bank of Baroda,Public,163.91603088378906
2023-06-07,BANKBARODA.NS,Bank of Baroda,Public,165.77369689941406
2023-06-08,BANKBARODA.NS,Bank of Baroda,Public,165.8179168701172
2023-06-09,BANKBARODA.NS,Bank of Baroda,Public,163.51795959472656
2023-06-12,BANKBARODA.NS,Bank of Baroda,Public,165.4198455810547
2023-06-13,BANKBARODA.NS,Bank of Baroda,Public,165.6409912109375
2023-06-14,BANKBARODA.NS,Bank of Baroda,Public,165.8179168701172
2023-06-15,BANKBARODA.NS,Bank of Baroda,Public,162.2353057861328
2023-06-16,BANKBARODA.NS,Bank of Baroda,Public,166.39292907714844
2023-06-19,BANKBARODA.NS,Bank of Baroda,Public,171.39088439941406
2023-06-20,BANKBARODA.NS,Bank of Baroda,Public,172.45240783691406
2023-06-21,BANKBARODA.NS,Bank of Baroda,Public,175.2388916015625
2023-06-22,BANKBARODA.NS,Bank of Baroda,Public,170.99281311035156
2023-06-23,BANKBARODA.NS,Bank of Baroda,Public,170.01976013183594
2023-06-26,BANKBARODA.NS,Bank of Baroda,Public,168.73709106445312
2023-06-27,BANKBARODA.NS,Bank of Baroda,Public,168.91400146484375
2023-06-28,BANKBARODA.NS,Bank of Baroda,Public,168.0736541748047
2023-06-30,BANKBARODA.NS,Bank of Baroda,Public,173.40280151367188
2023-07-03,BANKBARODA.NS,Bank of Baroda,Public,181.373779296875
2023-07-04,BANKBARODA.NS,Bank of Baroda,Public,184.3344268798828
2023-07-05,BANKBARODA.NS,Bank of Baroda,Public,186.93067932128906
2023-07-06,BANKBARODA.NS,Bank of Baroda,Public,187.15841674804688
2023-07-07,BANKBARODA.NS,Bank of Baroda,Public,190.39236450195312
2023-07-10,BANKBARODA.NS,Bank of Baroda,Public,185.29092407226562
2023-07-11,BANKBARODA.NS,Bank of Baroda,Public,186.61184692382812
2023-07-12,BANKBARODA.NS,Bank of Baroda,Public,186.47520446777344
2023-07-13,BANKBARODA.NS,Bank of Baroda,Public,179.4607391357422
2023-07-14,BANKBARODA.NS,Bank of Baroda,Public,180.73609924316406
2023-07-17,BANKBARODA.NS,Bank of Baroda,Public,183.56011962890625
2023-07-18,BANKBARODA.NS,Bank of Baroda,Public,180.32615661621094
2023-07-19,BANKBARODA.NS,Bank of Baroda,Public,182.19366455078125
2023-07-20,BANKBARODA.NS,Bank of Baroda,Public,181.3282470703125
2023-07-21,BANKBARODA.NS,Bank of Baroda,Public,179.0963592529297
2023-07-24,BANKBARODA.NS,Bank of Baroda,Public,180.69056701660156
2023-07-25,BANKBARODA.NS,Bank of Baroda,Public,178.68641662597656
2023-07-26,BANKBARODA.NS,Bank of Baroda,Public,180.1439666748047
2023-07-27,BANKBARODA.NS,Bank of Baroda,Public,181.51043701171875
2023-07-28,BANKBARODA.NS,Bank of Baroda,Public,183.1957244873047
2023-07-31,BANKBARODA.NS,Bank of Baroda,Public,184.19776916503906
2023-08-01,BANKBARODA.NS,Bank of Baroda,Public,183.1957244873047
2023-08-02,BANKBARODA.NS,Bank of Baroda,Public,177.41107177734375
2023-08-03,BANKBARODA.NS,Bank of Baroda,Public,176.09017944335938
2023-08-04,BANKBARODA.NS,Bank of Baroda,Public,174.31378173828125
2023-08-07,BANKBARODA.NS,Bank of Baroda,Public,172.5373992919922
2023-08-08,BANKBARODA.NS,Bank of Baroda,Public,177.50218200683594
2023-08-09,BANKBARODA.NS,Bank of Baroda,Public,176.7733917236328
2023-08-10,BANKBARODA.NS,Bank of Baroda,Public,174.81478881835938
2023-08-11,BANKBARODA.NS,Bank of Baroda,Public,175.49803161621094
2023-08-14,BANKBARODA.NS,Bank of Baroda,Public,171.9452667236328
2023-08-16,BANKBARODA.NS,Bank of Baroda,Public,170.12332153320312
2023-08-17,BANKBARODA.NS,Bank of Baroda,Public,172.99285888671875
2023-08-18,BANKBARODA.NS,Bank of Baroda,Public,174.63259887695312
2023-08-21,BANKBARODA.NS,Bank of Baroda,Public,173.90383911132812
2023-08-22,BANKBARODA.NS,Bank of Baroda,Public,173.31170654296875
2023-08-23,BANKBARODA.NS,Bank of Baroda,Public,176.13571166992188
2023-08-24,BANKBARODA.NS,Bank of Baroda,Public,174.76925659179688
2023-08-25,BANKBARODA.NS,Bank of Baroda,Public,172.85621643066406
2023-08-28,BANKBARODA.NS,Bank of Baroda,Public,173.22061157226562
2023-08-29,BANKBARODA.NS,Bank of Baroda,Public,174.13157653808594
2023-08-30,BANKBARODA.NS,Bank of Baroda,Public,174.58706665039062
2023-08-31,BANKBARODA.NS,Bank of Baroda,Public,170.48770141601562
2023-09-01,BANKBARODA.NS,Bank of Baroda,Public,173.6305694580078
2023-09-04,BANKBARODA.NS,Bank of Baroda,Public,178.0487518310547
2023-09-05,BANKBARODA.NS,Bank of Baroda,Public,178.36756896972656
2023-09-06,BANKBARODA.NS,Bank of Baroda,Public,177.63880920410156
2023-09-07,BANKBARODA.NS,Bank of Baroda,Public,178.7775115966797
2023-09-08,BANKBARODA.NS,Bank of Baroda,Public,180.1895294189453
2023-09-11,BANKBARODA.NS,Bank of Baroda,Public,184.74435424804688
2023-09-12,BANKBARODA.NS,Bank of Baroda,Public,182.14810180664062
2023-09-13,BANKBARODA.NS,Bank of Baroda,Public,190.0735321044922
2023-09-14,BANKBARODA.NS,Bank of Baroda,Public,193.03416442871094
2023-09-15,BANKBARODA.NS,Bank of Baroda,Public,192.0321044921875
2023-09-18,BANKBARODA.NS,Bank of Baroda,Public,197.9989471435547
2023-09-20,BANKBARODA.NS,Bank of Baroda,Public,194.4461669921875
2023-09-21,BANKBARODA.NS,Bank of Baroda,Public,188.7070770263672
2023-09-22,BANKBARODA.NS,Bank of Baroda,Public,196.17701721191406
2023-09-25,BANKBARODA.NS,Bank of Baroda,Public,198.04449462890625
2023-09-26,BANKBARODA.NS,Bank of Baroda,Public,194.62835693359375
2023-09-27,BANKBARODA.NS,Bank of Baroda,Public,195.72152709960938
2023-09-28,BANKBARODA.NS,Bank of Baroda,Public,191.89544677734375
2023-09-29,BANKBARODA.NS,Bank of Baroda,Public,194.9016571044922
2023-10-03,BANKBARODA.NS,Bank of Baroda,Public,198.45443725585938
2023-10-04,BANKBARODA.NS,Bank of Baroda,Public,193.48963928222656
2023-10-05,BANKBARODA.NS,Bank of Baroda,Public,193.62631225585938
2023-10-06,BANKBARODA.NS,Bank of Baroda,Public,196.1314697265625
2023-10-09,BANKBARODA.NS,Bank of Baroda,Public,192.8975372314453
2023-10-10,BANKBARODA.NS,Bank of Baroda,Public,195.22048950195312
2023-10-11,BANKBARODA.NS,Bank of Baroda,Public,188.75262451171875
2023-10-12,BANKBARODA.NS,Bank of Baroda,Public,189.253662109375
2023-10-13,BANKBARODA.NS,Bank of Baroda,Public,185.38204956054688
2023-10-16,BANKBARODA.NS,Bank of Baroda,Public,187.47726440429688
2023-10-17,BANKBARODA.NS,Bank of Baroda,Public,188.88926696777344
2023-10-18,BANKBARODA.NS,Bank of Baroda,Public,185.5186767578125
2023-10-19,BANKBARODA.NS,Bank of Baroda,Public,186.8851318359375
2023-10-20,BANKBARODA.NS,Bank of Baroda,Public,184.28887939453125
2023-10-23,BANKBARODA.NS,Bank of Baroda,Public,177.82098388671875
2023-10-25,BANKBARODA.NS,Bank of Baroda,Public,177.4566192626953
2023-10-26,BANKBARODA.NS,Bank of Baroda,Public,172.30963134765625
2023-10-27,BANKBARODA.NS,Bank of Baroda,Public,179.3240966796875
2023-10-30,BANKBARODA.NS,Bank of Baroda,Public,180.5994415283203
2023-10-31,BANKBARODA.NS,Bank of Baroda,Public,178.73196411132812
2023-11-01,BANKBARODA.NS,Bank of Baroda,Public,178.0942840576172
2023-11-02,BANKBARODA.NS,Bank of Baroda,Public,182.1025390625
2023-11-03,BANKBARODA.NS,Bank of Baroda,Public,185.65533447265625
2023-11-06,BANKBARODA.NS,Bank of Baroda,Public,178.18539428710938
2023-11-07,BANKBARODA.NS,Bank of Baroda,Public,174.22267150878906
2023-11-08,BANKBARODA.NS,Bank of Baroda,Public,175.36138916015625
2023-11-09,BANKBARODA.NS,Bank of Baroda,Public,175.81687927246094
2023-11-10,BANKBARODA.NS,Bank of Baroda,Public,177.50218200683594
2023-11-13,BANKBARODA.NS,Bank of Baroda,Public,179.18743896484375
2023-11-15,BANKBARODA.NS,Bank of Baroda,Public,180.09841918945312
2023-11-16,BANKBARODA.NS,Bank of Baroda,Public,180.69056701660156
2023-11-17,BANKBARODA.NS,Bank of Baroda,Public,179.278564453125
2023-11-20,BANKBARODA.NS,Bank of Baroda,Public,180.0528564453125
2023-11-21,BANKBARODA.NS,Bank of Baroda,Public,178.32205200195312
2023-11-22,BANKBARODA.NS,Bank of Baroda,Public,177.31996154785156
2023-11-23,BANKBARODA.NS,Bank of Baroda,Public,177.0466766357422
2023-11-24,BANKBARODA.NS,Bank of Baroda,Public,175.90797424316406
2023-11-28,BANKBARODA.NS,Bank of Baroda,Public,179.05081176757812
2023-11-29,BANKBARODA.NS,Bank of Baroda,Public,179.82513427734375
2023-11-30,BANKBARODA.NS,Bank of Baroda,Public,179.55184936523438
2023-12-01,BANKBARODA.NS,Bank of Baroda,Public,183.87893676757812
2023-12-04,BANKBARODA.NS,Bank of Baroda,Public,190.43792724609375
2023-12-05,BANKBARODA.NS,Bank of Baroda,Public,192.07766723632812
2023-12-06,BANKBARODA.NS,Bank of Baroda,Public,190.89340209960938
2023-12-07,BANKBARODA.NS,Bank of Baroda,Public,192.35093688964844
2023-12-08,BANKBARODA.NS,Bank of Baroda,Public,193.12527465820312
2023-12-11,BANKBARODA.NS,Bank of Baroda,Public,196.0403594970703
2023-12-12,BANKBARODA.NS,Bank of Baroda,Public,196.86024475097656
2023-12-13,BANKBARODA.NS,Bank of Baroda,Public,201.36953735351562
2023-12-14,BANKBARODA.NS,Bank of Baroda,Public,200.50411987304688
2023-12-15,BANKBARODA.NS,Bank of Baroda,Public,204.69456481933594
2023-12-18,BANKBARODA.NS,Bank of Baroda,Public,204.33016967773438
2023-12-19,BANKBARODA.NS,Bank of Baroda,Public,205.9699249267578
2023-12-20,BANKBARODA.NS,Bank of Baroda,Public,199.7753448486328
2023-12-21,BANKBARODA.NS,Bank of Baroda,Public,204.8312225341797
2023-12-22,BANKBARODA.NS,Bank of Baroda,Public,203.6925048828125
2023-12-26,BANKBARODA.NS,Bank of Baroda,Public,205.28671264648438
2023-12-27,BANKBARODA.NS,Bank of Baroda,Public,211.3446502685547
2023-12-28,BANKBARODA.NS,Bank of Baroda,Public,212.2100372314453
2023-12-29,BANKBARODA.NS,Bank of Baroda,Public,210.52476501464844
2024-01-01,BANKBARODA.NS,Bank of Baroda,Public,212.93882751464844
2024-01-02,BANKBARODA.NS,Bank of Baroda,Public,210.16036987304688
2024-01-03,BANKBARODA.NS,Bank of Baroda,Public,212.1189727783203
2024-01-04,BANKBARODA.NS,Bank of Baroda,Public,216.58270263671875
2024-01-05,BANKBARODA.NS,Bank of Baroda,Public,213.75869750976562
2024-01-08,BANKBARODA.NS,Bank of Baroda,Public,203.55584716796875
2024-01-09,BANKBARODA.NS,Bank of Baroda,Public,203.328125
2024-01-10,BANKBARODA.NS,Bank of Baroda,Public,203.92022705078125
2024-01-11,BANKBARODA.NS,Bank of Baroda,Public,205.92437744140625
2024-01-12,BANKBARODA.NS,Bank of Baroda,Public,209.4315948486328
2024-01-15,BANKBARODA.NS,Bank of Baroda,Public,210.52476501464844
2024-01-16,BANKBARODA.NS,Bank of Baroda,Public,210.66140747070312
2024-01-17,BANKBARODA.NS,Bank of Baroda,Public,205.42333984375
2024-01-18,BANKBARODA.NS,Bank of Baroda,Public,207.42747497558594
2024-01-19,BANKBARODA.NS,Bank of Baroda,Public,210.1148223876953
2024-01-23,BANKBARODA.NS,Bank of Baroda,Public,202.59933471679688
2024-01-24,BANKBARODA.NS,Bank of Baroda,Public,208.2928924560547
2024-01-25,BANKBARODA.NS,Bank of Baroda,Public,206.83534240722656
2024-01-29,BANKBARODA.NS,Bank of Baroda,Public,213.39431762695312
2024-01-30,BANKBARODA.NS,Bank of Baroda,Public,216.3094024658203
2024-01-31,BANKBARODA.NS,Bank of Baroda,Public,225.55575561523438
2024-02-01,BANKBARODA.NS,Bank of Baroda,Public,233.16232299804688
2024-02-02,BANKBARODA.NS,Bank of Baroda,Public,232.52462768554688
2024-02-05,BANKBARODA.NS,Bank of Baroda,Public,234.52877807617188
2024-02-06,BANKBARODA.NS,Bank of Baroda,Public,228.01535034179688
2024-02-07,BANKBARODA.NS,Bank of Baroda,Public,222.86837768554688
2024-02-08,BANKBARODA.NS,Bank of Baroda,Public,230.5660858154297
2024-02-09,BANKBARODA.NS,Bank of Baroda,Public,240.04013061523438
2024-02-12,BANKBARODA.NS,Bank of Baroda,Public,232.0236053466797
2024-02-13,BANKBARODA.NS,Bank of Baroda,Public,236.48736572265625
2024-02-14,BANKBARODA.NS,Bank of Baroda,Public,243.957275390625
2024-02-15,BANKBARODA.NS,Bank of Baroda,Public,251.15394592285156
2024-02-16,BANKBARODA.NS,Bank of Baroda,Public,251.1083984375
2024-02-19,BANKBARODA.NS,Bank of Baroda,Public,246.59913635253906
2024-02-20,BANKBARODA.NS,Bank of Baroda,Public,248.9220733642578
2024-02-21,BANKBARODA.NS,Bank of Baroda,Public,250.6073760986328
2024-02-22,BANKBARODA.NS,Bank of Baroda,Public,251.06285095214844
2024-02-23,BANKBARODA.NS,Bank of Baroda,Public,244.913818359375
2024-02-26,BANKBARODA.NS,Bank of Baroda,Public,245.5514678955078
2024-02-27,BANKBARODA.NS,Bank of Baroda,Public,246.28028869628906
2024-02-28,BANKBARODA.NS,Bank of Baroda,Public,238.44595336914062
2024-02-29,BANKBARODA.NS,Bank of Baroda,Public,241.8165283203125
2024-03-01,BANKBARODA.NS,Bank of Baroda,Public,247.009033203125
2024-03-04,BANKBARODA.NS,Bank of Baroda,Public,248.87652587890625
2024-03-05,BANKBARODA.NS,Bank of Baroda,Public,253.3402557373047
2024-03-06,BANKBARODA.NS,Bank of Baroda,Public,257.3940734863281
2024-03-07,BANKBARODA.NS,Bank of Baroda,Public,256.6653137207031
2024-03-11,BANKBARODA.NS,Bank of Baroda,Public,252.7025909423828
2024-03-12,BANKBARODA.NS,Bank of Baroda,Public,247.41897583007812
2024-03-13,BANKBARODA.NS,Bank of Baroda,Public,237.67161560058594
2024-03-14,BANKBARODA.NS,Bank of Baroda,Public,236.1229705810547
2024-03-15,BANKBARODA.NS,Bank of Baroda,Public,231.3859405517578
2024-03-18,BANKBARODA.NS,Bank of Baroda,Public,231.84141540527344
2024-03-19,BANKBARODA.NS,Bank of Baroda,Public,226.9221954345703
2024-03-20,BANKBARODA.NS,Bank of Baroda,Public,227.6054229736328
2024-03-21,BANKBARODA.NS,Bank of Baroda,Public,232.93458557128906
2024-03-22,BANKBARODA.NS,Bank of Baroda,Public,236.66954040527344
2024-03-26,BANKBARODA.NS,Bank of Baroda,Public,238.2637481689453
2024-03-27,BANKBARODA.NS,Bank of Baroda,Public,235.71302795410156
2024-03-28,BANKBARODA.NS,Bank of Baroda,Public,240.54115295410156
2024-04-01,BANKBARODA.NS,Bank of Baroda,Public,243.00079345703125
2024-04-02,BANKBARODA.NS,Bank of Baroda,Public,247.14569091796875
2024-04-03,BANKBARODA.NS,Bank of Baroda,Public,249.83302307128906
2024-04-04,BANKBARODA.NS,Bank of Baroda,Public,245.4604034423828
2024-04-05,BANKBARODA.NS,Bank of Baroda,Public,244.95936584472656
2024-04-08,BANKBARODA.NS,Bank of Baroda,Public,243.77511596679688
2024-04-09,BANKBARODA.NS,Bank of Baroda,Public,241.862060546875
2024-04-10,BANKBARODA.NS,Bank of Baroda,Public,246.69020080566406
2024-04-12,BANKBARODA.NS,Bank of Baroda,Public,244.09396362304688
2024-04-15,BANKBARODA.NS,Bank of Baroda,Public,238.12709045410156
2024-04-16,BANKBARODA.NS,Bank of Baroda,Public,232.0236053466797
2024-04-18,BANKBARODA.NS,Bank of Baroda,Public,235.94078063964844
2024-04-19,BANKBARODA.NS,Bank of Baroda,Public,234.07330322265625
2024-04-22,BANKBARODA.NS,Bank of Baroda,Public,238.03599548339844
2024-04-23,BANKBARODA.NS,Bank of Baroda,Public,236.98837280273438
2024-04-24,BANKBARODA.NS,Bank of Baroda,Public,236.03187561035156
2024-04-25,BANKBARODA.NS,Bank of Baroda,Public,244.73162841796875
2024-04-26,BANKBARODA.NS,Bank of Baroda,Public,244.18504333496094
2024-04-29,BANKBARODA.NS,Bank of Baroda,Public,248.32994079589844
2024-04-30,BANKBARODA.NS,Bank of Baroda,Public,256.43756103515625
2024-05-02,BANKBARODA.NS,Bank of Baroda,Public,254.52450561523438
2024-05-03,BANKBARODA.NS,Bank of Baroda,Public,251.1995086669922
2024-05-06,BANKBARODA.NS,Bank of Baroda,Public,242.04428100585938
2024-05-07,BANKBARODA.NS,Bank of Baroda,Public,235.98631286621094
2024-05-08,BANKBARODA.NS,Bank of Baroda,Public,239.12916564941406
2024-05-09,BANKBARODA.NS,Bank of Baroda,Public,239.26580810546875
2024-05-10,BANKBARODA.NS,Bank of Baroda,Public,232.16026306152344
2024-05-13,BANKBARODA.NS,Bank of Baroda,Public,235.98631286621094
2024-05-14,BANKBARODA.NS,Bank of Baroda,Public,237.62608337402344
2024-05-15,BANKBARODA.NS,Bank of Baroda,Public,240.40451049804688
2024-05-16,BANKBARODA.NS,Bank of Baroda,Public,239.49354553222656
2024-05-17,BANKBARODA.NS,Bank of Baroda,Public,238.12709045410156
2024-05-21,BANKBARODA.NS,Bank of Baroda,Public,241.862060546875
2024-05-22,BANKBARODA.NS,Bank of Baroda,Public,239.90350341796875
2024-05-23,BANKBARODA.NS,Bank of Baroda,Public,245.27821350097656
2024-05-24,BANKBARODA.NS,Bank of Baroda,Public,245.00491333007812
2024-05-27,BANKBARODA.NS,Bank of Baroda,Public,246.4624481201172
2024-05-28,BANKBARODA.NS,Bank of Baroda,Public,240.76890563964844
2024-05-29,BANKBARODA.NS,Bank of Baroda,Public,239.94903564453125
2024-05-30,BANKBARODA.NS,Bank of Baroda,Public,239.447998046875
2024-05-31,BANKBARODA.NS,Bank of Baroda,Public,241.3154754638672
2024-06-03,BANKBARODA.NS,Bank of Baroda,Public,270.5120544433594
2024-06-04,BANKBARODA.NS,Bank of Baroda,Public,226.1478729248047
2024-06-05,BANKBARODA.NS,Bank of Baroda,Public,236.85174560546875
2024-06-06,BANKBARODA.NS,Bank of Baroda,Public,244.95936584472656
2024-06-07,BANKBARODA.NS,Bank of Baroda,Public,246.69020080566406
2024-06-10,BANKBARODA.NS,Bank of Baroda,Public,251.7916259765625
2024-06-11,BANKBARODA.NS,Bank of Baroda,Public,250.3340606689453
2024-06-12,BANKBARODA.NS,Bank of Baroda,Public,258.16839599609375
2024-06-13,BANKBARODA.NS,Bank of Baroda,Public,257.5307312011719
2024-06-14,BANKBARODA.NS,Bank of Baroda,Public,260.7646484375
2024-06-18,BANKBARODA.NS,Bank of Baroda,Public,261.7211608886719
2024-06-19,BANKBARODA.NS,Bank of Baroda,Public,258.6694641113281
2024-06-20,BANKBARODA.NS,Bank of Baroda,Public,259.80816650390625
2024-06-21,BANKBARODA.NS,Bank of Baroda,Public,254.47900390625
2024-06-24,BANKBARODA.NS,Bank of Baroda,Public,255.61767578125
2024-06-25,BANKBARODA.NS,Bank of Baroda,Public,255.6632537841797
2024-06-26,BANKBARODA.NS,Bank of Baroda,Public,255.93653869628906
2024-06-27,BANKBARODA.NS,Bank of Baroda,Public,254.93447875976562
2024-06-28,BANKBARODA.NS,Bank of Baroda,Public,257.8841247558594
2024-07-01,BANKBARODA.NS,Bank of Baroda,Public,254.84083557128906
2024-07-02,BANKBARODA.NS,Bank of Baroda,Public,248.1455841064453
2024-07-03,BANKBARODA.NS,Bank of Baroda,Public,250.8143310546875
2024-07-04,BANKBARODA.NS,Bank of Baroda,Public,252.96803283691406
2024-07-05,BANKBARODA.NS,Bank of Baroda,Public,256.3858947753906
2024-07-08,BANKBARODA.NS,Bank of Baroda,Public,245.6641387939453
2024-07-09,BANKBARODA.NS,Bank of Baroda,Public,245.05548095703125
2024-07-10,BANKBARODA.NS,Bank of Baroda,Public,240.23300170898438
2024-07-11,BANKBARODA.NS,Bank of Baroda,Public,240.3734893798828
2024-07-12,BANKBARODA.NS,Bank of Baroda,Public,234.6614532470703
2024-07-15,BANKBARODA.NS,Bank of Baroda,Public,242.10580444335938
2024-07-16,BANKBARODA.NS,Bank of Baroda,Public,241.77809143066406
2024-07-18,BANKBARODA.NS,Bank of Baroda,Public,239.20297241210938
2024-07-19,BANKBARODA.NS,Bank of Baroda,Public,234.6614532470703
2024-07-22,BANKBARODA.NS,Bank of Baroda,Public,236.90879821777344
2024-07-23,BANKBARODA.NS,Bank of Baroda,Public,235.129638671875
2024-07-24,BANKBARODA.NS,Bank of Baroda,Public,233.1163787841797
2024-07-25,BANKBARODA.NS,Bank of Baroda,Public,229.745361328125
2024-07-26,BANKBARODA.NS,Bank of Baroda,Public,233.8186798095703
2024-07-29,BANKBARODA.NS,Bank of Baroda,Public,239.6243438720703
2024-07-30,BANKBARODA.NS,Bank of Baroda,Public,239.95208740234375
2024-07-31,BANKBARODA.NS,Bank of Baroda,Public,237.5174560546875
2024-08-01,BANKBARODA.NS,Bank of Baroda,Public,235.27011108398438
2024-08-02,BANKBARODA.NS,Bank of Baroda,Public,228.20030212402344
2024-08-05,BANKBARODA.NS,Bank of Baroda,Public,224.6887969970703
2024-08-06,BANKBARODA.NS,Bank of Baroda,Public,224.26742553710938
2024-08-07,BANKBARODA.NS,Bank of Baroda,Public,227.91937255859375
2024-08-08,BANKBARODA.NS,Bank of Baroda,Public,225.99977111816406
2024-08-09,BANKBARODA.NS,Bank of Baroda,Public,230.21356201171875
2024-08-12,BANKBARODA.NS,Bank of Baroda,Public,229.27716064453125
2024-08-13,BANKBARODA.NS,Bank of Baroda,Public,226.3743133544922
2024-08-14,BANKBARODA.NS,Bank of Baroda,Public,224.22059631347656
2024-08-16,BANKBARODA.NS,Bank of Baroda,Public,227.96620178222656
2024-08-19,BANKBARODA.NS,Bank of Baroda,Public,231.6181640625
2024-08-20,BANKBARODA.NS,Bank of Baroda,Public,238.17294311523438
2024-08-21,BANKBARODA.NS,Bank of Baroda,Public,237.28335571289062
2024-08-22,BANKBARODA.NS,Bank of Baroda,Public,237.9388427734375
2024-08-23,BANKBARODA.NS,Bank of Baroda,Public,236.44061279296875
2024-08-26,BANKBARODA.NS,Bank of Baroda,Public,235.41055297851562
2024-08-27,BANKBARODA.NS,Bank of Baroda,Public,235.22328186035156
2024-08-28,BANKBARODA.NS,Bank of Baroda,Public,233.9591522216797
2024-08-29,BANKBARODA.NS,Bank of Baroda,Public,233.91233825683594
2024-08-30,BANKBARODA.NS,Bank of Baroda,Public,234.19325256347656
2024-09-02,BANKBARODA.NS,Bank of Baroda,Public,237.75155639648438
2024-09-03,BANKBARODA.NS,Bank of Baroda,Public,234.7550811767578
2024-09-04,BANKBARODA.NS,Bank of Baroda,Public,228.0130157470703
2024-09-05,BANKBARODA.NS,Bank of Baroda,Public,228.34075927734375
2024-09-06,BANKBARODA.NS,Bank of Baroda,Public,220.84957885742188
2024-09-09,BANKBARODA.NS,Bank of Baroda,Public,220.5686492919922
2024-09-10,BANKBARODA.NS,Bank of Baroda,Public,220.7091064453125
2024-09-11,BANKBARODA.NS,Bank of Baroda,Public,217.99356079101562
2024-09-12,BANKBARODA.NS,Bank of Baroda,Public,222.02008056640625
2024-09-13,BANKBARODA.NS,Bank of Baroda,Public,224.22059631347656
2024-09-16,BANKBARODA.NS,Bank of Baroda,Public,223.93968200683594
2024-09-17,BANKBARODA.NS,Bank of Baroda,Public,224.26742553710938
2024-09-18,BANKBARODA.NS,Bank of Baroda,Public,222.76918029785156
2024-09-19,BANKBARODA.NS,Bank of Baroda,Public,220.84957885742188
2024-09-20,BANKBARODA.NS,Bank of Baroda,Public,220.52183532714844
2024-09-23,BANKBARODA.NS,Bank of Baroda,Public,228.9494171142578
2024-09-24,BANKBARODA.NS,Bank of Baroda,Public,228.10665893554688
2024-09-25,BANKBARODA.NS,Bank of Baroda,Public,227.73208618164062
2024-09-26,BANKBARODA.NS,Bank of Baroda,Public,229.55807495117188
2024-09-27,BANKBARODA.NS,Bank of Baroda,Public,233.7250518798828
2024-09-30,BANKBARODA.NS,Bank of Baroda,Public,232.03953552246094
2024-10-01,BANKBARODA.NS,Bank of Baroda,Public,233.0789337158203
2024-10-03,BANKBARODA.NS,Bank of Baroda,Public,229.47378540039062
2024-10-04,BANKBARODA.NS,Bank of Baroda,Public,234.65208435058594
2024-10-07,BANKBARODA.NS,Bank of Baroda,Public,227.23580932617188
2024-10-08,BANKBARODA.NS,Bank of Baroda,Public,231.51515197753906
2024-10-09,BANKBARODA.NS,Bank of Baroda,Public,230.65365600585938
2024-10-10,BANKBARODA.NS,Bank of Baroda,Public,230.4008331298828
2024-10-11,BANKBARODA.NS,Bank of Baroda,Public,227.00169372558594
2024-10-14,BANKBARODA.NS,Bank of Baroda,Public,228.99623107910156
2024-10-15,BANKBARODA.NS,Bank of Baroda,Public,228.3032989501953
2024-10-16,BANKBARODA.NS,Bank of Baroda,Public,228.6216583251953
2024-10-17,BANKBARODA.NS,Bank of Baroda,Public,226.5709686279297
2024-10-18,BANKBARODA.NS,Bank of Baroda,Public,232.19871520996094
2024-10-21,BANKBARODA.NS,Bank of Baroda,Public,230.13864135742188
2024-10-22,BANKBARODA.NS,Bank of Baroda,Public,218.78948974609375
2024-10-23,BANKBARODA.NS,Bank of Baroda,Public,222.82537841796875
2024-10-24,BANKBARODA.NS,Bank of Baroda,Public,229.20225524902344
2024-10-25,BANKBARODA.NS,Bank of Baroda,Public,224.28614807128906
2024-10-28,BANKBARODA.NS,Bank of Baroda,Public,234.0247039794922
2024-10-29,BANKBARODA.NS,Bank of Baroda,Public,238.3695831298828
2024-10-30,BANKBARODA.NS,Bank of Baroda,Public,235.4854736328125
2024-10-31,BANKBARODA.NS,Bank of Baroda,Public,234.99855041503906
2024-11-01,BANKBARODA.NS,Bank of Baroda,Public,237.5642852783203
2024-11-04,BANKBARODA.NS,Bank of Baroda,Public,236.5810546875
2024-11-05,BANKBARODA.NS,Bank of Baroda,Public,241.4971466064453
2024-11-06,BANKBARODA.NS,Bank of Baroda,Public,245.8513946533203
2024-11-07,BANKBARODA.NS,Bank of Baroda,Public,246.0386962890625
2024-11-08,BANKBARODA.NS,Bank of Baroda,Public,240.27984619140625
2024-11-11,BANKBARODA.NS,Bank of Baroda,Public,241.9185333251953
2024-11-12,BANKBARODA.NS,Bank of Baroda,Public,236.6278839111328
2024-11-13,BANKBARODA.NS,Bank of Baroda,Public,227.82574462890625
2024-11-14,BANKBARODA.NS,Bank of Baroda,Public,226.1402130126953
2024-11-18,BANKBARODA.NS,Bank of Baroda,Public,226.04656982421875
2024-11-19,BANKBARODA.NS,Bank of Baroda,Public,222.1136932373047
2024-11-21,BANKBARODA.NS,Bank of Baroda,Public,213.967041015625
2024-11-22,BANKBARODA.NS,Bank of Baroda,Public,220.99002075195312
2024-11-25,BANKBARODA.NS,Bank of Baroda,Public,231.38404846191406
2024-11-26,BANKBARODA.NS,Bank of Baroda,Public,231.75860595703125
2024-11-27,BANKBARODA.NS,Bank of Baroda,Public,230.775390625
2024-11-28,BANKBARODA.NS,Bank of Baroda,Public,233.1632080078125
2024-11-29,BANKBARODA.NS,Bank of Baroda,Public,230.7285614013672
2024-12-02,BANKBARODA.NS,Bank of Baroda,Public,230.73794555664062
2024-12-03,BANKBARODA.NS,Bank of Baroda,Public,238.3602294921875
2024-12-04,BANKBARODA.NS,Bank of Baroda,Public,243.99734497070312
2024-12-05,BANKBARODA.NS,Bank of Baroda,Public,243.4448699951172
2024-12-06,BANKBARODA.NS,Bank of Baroda,Public,247.77102661132812
2024-12-09,BANKBARODA.NS,Bank of Baroda,Public,246.2072296142578
2024-12-10,BANKBARODA.NS,Bank of Baroda,Public,246.2072296142578
2024-12-11,BANKBARODA.NS,Bank of Baroda,Public,244.1846160888672
2024-12-12,BANKBARODA.NS,Bank of Baroda,Public,242.7144775390625
2024-12-13,BANKBARODA.NS,Bank of Baroda,Public,241.5814208984375
2024-12-16,BANKBARODA.NS,Bank of Baroda,Public,242.60208129882812
2024-12-17,BANKBARODA.NS,Bank of Baroda,Public,239.70863342285156
2024-12-18,BANKBARODA.NS,Bank of Baroda,Public,234.72698974609375
2024-12-19,BANKBARODA.NS,Bank of Baroda,Public,232.51708984375
2024-12-20,BANKBARODA.NS,Bank of Baroda,Public,225.28810119628906
2024-12-23,BANKBARODA.NS,Bank of Baroda,Public,230.58810424804688
2024-12-24,BANKBARODA.NS,Bank of Baroda,Public,229.37078857421875
2024-12-26,BANKBARODA.NS,Bank of Baroda,Public,230.99075317382812
2024-12-27,BANKBARODA.NS,Bank of Baroda,Public,229.4082489013672
2024-12-30,BANKBARODA.NS,Bank of Baroda,Public,225.67202758789062
2024-12-31,BANKBARODA.NS,Bank of Baroda,Public,225.25064086914062
2025-01-01,BANKBARODA.NS,Bank of Baroda,Public,225.87802124023438
2025-01-02,BANKBARODA.NS,Bank of Baroda,Public,225.78439331054688
2025-01-03,BANKBARODA.NS,Bank of Baroda,Public,226.27130126953125
2025-01-06,BANKBARODA.NS,Bank of Baroda,Public,213.46139526367188
2025-01-07,BANKBARODA.NS,Bank of Baroda,Public,217.67518615722656
2025-01-08,BANKBARODA.NS,Bank of Baroda,Public,218.13400268554688
2025-01-09,BANKBARODA.NS,Bank of Baroda,Public,216.34547424316406
2025-01-10,BANKBARODA.NS,Bank of Baroda,Public,211.06419372558594
2025-01-13,BANKBARODA.NS,Bank of Baroda,Public,203.84457397460938
2025-01-14,BANKBARODA.NS,Bank of Baroda,Public,209.49105834960938
2025-01-15,BANKBARODA.NS,Bank of Baroda,Public,207.89918518066406
2025-01-16,BANKBARODA.NS,Bank of Baroda,Public,214.29478454589844
2025-01-17,BANKBARODA.NS,Bank of Baroda,Public,213.49884033203125
2025-01-20,BANKBARODA.NS,Bank of Baroda,Public,217.3568115234375
2025-01-21,BANKBARODA.NS,Bank of Baroda,Public,215.00645446777344
2025-01-22,BANKBARODA.NS,Bank of Baroda,Public,213.85467529296875
2025-01-23,BANKBARODA.NS,Bank of Baroda,Public,214.58506774902344
2025-01-24,BANKBARODA.NS,Bank of Baroda,Public,210.88629150390625
2025-01-27,BANKBARODA.NS,Bank of Baroda,Public,205.65182495117188
2025-01-28,BANKBARODA.NS,Bank of Baroda,Public,207.6557159423828
2025-01-29,BANKBARODA.NS,Bank of Baroda,Public,208.4329071044922
2025-01-30,BANKBARODA.NS,Bank of Baroda,Public,208.24563598632812
2025-01-31,BANKBARODA.NS,Bank of Baroda,Public,199.81805419921875
2025-02-01,BANKBARODA.NS,Bank of Baroda,Public,197.43023681640625
2025-02-03,BANKBARODA.NS,Bank of Baroda,Public,194.7615203857422
2025-02-04,BANKBARODA.NS,Bank of Baroda,Public,199.34986877441406
2025-02-05,BANKBARODA.NS,Bank of Baroda,Public,206.02639770507812
2025-02-06,BANKBARODA.NS,Bank of Baroda,Public,205.73609924316406
2025-02-07,BANKBARODA.NS,Bank of Baroda,Public,202.5617218017578
2025-02-10,BANKBARODA.NS,Bank of Baroda,Public,201.54103088378906
2025-02-11,BANKBARODA.NS,Bank of Baroda,Public,197.37405395507812
2025-02-12,BANKBARODA.NS,Bank of Baroda,Public,199.02210998535156
2025-02-13,BANKBARODA.NS,Bank of Baroda,Public,197.39279174804688
2025-02-14,BANKBARODA.NS,Bank of Baroda,Public,192.11151123046875
2025-02-17,BANKBARODA.NS,Bank of Baroda,Public,193.79702758789062
2025-02-18,BANKBARODA.NS,Bank of Baroda,Public,192.9823455810547
2025-02-19,BANKBARODA.NS,Bank of Baroda,Public,195.60426330566406
2025-02-20,BANKBARODA.NS,Bank of Baroda,Public,199.9866180419922
2025-02-21,BANKBARODA.NS,Bank of Baroda,Public,196.89649963378906
2025-02-24,BANKBARODA.NS,Bank of Baroda,Public,195.36080932617188
2025-02-25,BANKBARODA.NS,Bank of Baroda,Public,191.74630737304688
2025-02-27,BANKBARODA.NS,Bank of Baroda,Public,190.25743103027344
2025-02-28,BANKBARODA.NS,Bank of Baroda,Public,184.5360565185547
2025-03-03,BANKBARODA.NS,Bank of Baroda,Public,183.44981384277344
2025-03-04,BANKBARODA.NS,Bank of Baroda,Public,183.45916748046875
2025-03-05,BANKBARODA.NS,Bank of Baroda,Public,192.16769409179688
2025-03-06,BANKBARODA.NS,Bank of Baroda,Public,193.9842987060547
2025-03-07,BANKBARODA.NS,Bank of Baroda,Public,192.80442810058594
2025-03-10,BANKBARODA.NS,Bank of Baroda,Public,191.05337524414062
2025-03-11,BANKBARODA.NS,Bank of Baroda,Public,189.67686462402344
2025-03-12,BANKBARODA.NS,Bank of Baroda,Public,189.52703857421875
2025-03-13,BANKBARODA.NS,Bank of Baroda,Public,192.4486083984375
2025-03-17,BANKBARODA.NS,Bank of Baroda,Public,192.6546173095703
2025-03-18,BANKBARODA.NS,Bank of Baroda,Public,192.6546173095703
2025-03-19,BANKBARODA.NS,Bank of Baroda,Public,200.16452026367188
2025-03-20,BANKBARODA.NS,Bank of Baroda,Public,201.934326171875
2025-03-21,BANKBARODA.NS,Bank of Baroda,Public,202.9175262451172
2025-03-24,BANKBARODA.NS,Bank of Baroda,Public,210.193359375
2025-03-25,BANKBARODA.NS,Bank of Baroda,Public,208.8824005126953
2025-03-26,BANKBARODA.NS,Bank of Baroda,Public,206.32601928710938
2025-03-27,BANKBARODA.NS,Bank of Baroda,Public,216.28929138183594
2025-03-28,BANKBARODA.NS,Bank of Baroda,Public,213.99513244628906
2025-04-01,BANKBARODA.NS,Bank of Baroda,Public,214.0419464111328
2025-04-02,BANKBARODA.NS,Bank of Baroda,Public,216.79495239257812
2025-04-03,BANKBARODA.NS,Bank of Baroda,Public,221.7204132080078
2025-04-04,BANKBARODA.NS,Bank of Baroda,Public,219.41688537597656
2025-04-07,BANKBARODA.NS,Bank of Baroda,Public,214.7723388671875
2025-04-08,BANKBARODA.NS,Bank of Baroda,Public,220.8402099609375
2025-04-09,BANKBARODA.NS,Bank of Baroda,Public,215.56829833984375
2025-04-11,BANKBARODA.NS,Bank of Baroda,Public,217.71263122558594
2025-04-15,BANKBARODA.NS,Bank of Baroda,Public,220.00680541992188
2025-04-16,BANKBARODA.NS,Bank of Baroda,Public,225.47537231445312
2025-04-17,BANKBARODA.NS,Bank of Baroda,Public,227.3668975830078
2025-04-21,BANKBARODA.NS,Bank of Baroda,Public,233.55648803710938
2025-04-22,BANKBARODA.NS,Bank of Baroda,Public,236.39378356933594
2025-04-23,BANKBARODA.NS,Bank of Baroda,Public,235.47610473632812
2025-04-24,BANKBARODA.NS,Bank of Baroda,Public,235.98175048828125
2025-04-25,BANKBARODA.NS,Bank of Baroda,Public,231.09375
2025-04-28,BANKBARODA.NS,Bank of Baroda,Public,236.48741149902344
2025-04-29,BANKBARODA.NS,Bank of Baroda,Public,237.1148223876953
2025-04-30,BANKBARODA.NS,Bank of Baroda,Public,234.0340576171875
2025-05-02,BANKBARODA.NS,Bank of Baroda,Public,231.84288024902344
2025-05-05,BANKBARODA.NS,Bank of Baroda,Public,233.28494262695312
2025-05-06,BANKBARODA.NS,Bank of Baroda,Public,209.66896057128906
2025-05-07,BANKBARODA.NS,Bank of Baroda,Public,210.221435546875
2025-05-08,BANKBARODA.NS,Bank of Baroda,Public,203.4512939453125
2025-05-09,BANKBARODA.NS,Bank of Baroda,Public,206.09193420410156
2025-05-12,BANKBARODA.NS,Bank of Baroda,Public,212.4219970703125
2025-05-13,BANKBARODA.NS,Bank of Baroda,Public,217.9467315673828
2025-05-14,BANKBARODA.NS,Bank of Baroda,Public,218.71458435058594
2025-05-15,BANKBARODA.NS,Bank of Baroda,Public,219.4730682373047
2025-05-16,BANKBARODA.NS,Bank of Baroda,Public,221.8515167236328
2025-05-19,BANKBARODA.NS,Bank of Baroda,Public,224.71688842773438
2025-05-20,BANKBARODA.NS,Bank of Baroda,Public,221.39266967773438
2025-05-21,BANKBARODA.NS,Bank of Baroda,Public,225.95294189453125
2025-05-22,BANKBARODA.NS,Bank of Baroda,Public,225.88739013671875
2025-05-23,BANKBARODA.NS,Bank of Baroda,Public,227.582275390625
2025-05-26,BANKBARODA.NS,Bank of Baroda,Public,226.15895080566406
2025-05-27,BANKBARODA.NS,Bank of Baroda,Public,226.1495819091797
2025-05-28,BANKBARODA.NS,Bank of Baroda,Public,227.57290649414062
2025-05-29,BANKBARODA.NS,Bank of Baroda,Public,227.76956176757812
2025-05-30,BANKBARODA.NS,Bank of Baroda,Public,233.67822265625
2025-06-02,BANKBARODA.NS,Bank of Baroda,Public,238.56622314453125
2025-06-03,BANKBARODA.NS,Bank of Baroda,Public,237.52682495117188
2025-06-04,BANKBARODA.NS,Bank of Baroda,Public,238.41641235351562
2025-06-05,BANKBARODA.NS,Bank of Baroda,Public,234.69891357421875
2025-06-06,BANKBARODA.NS,Bank of Baroda,Public,238.46701049804688
2025-06-09,BANKBARODA.NS,Bank of Baroda,Public,240.24937438964844
2025-06-10,BANKBARODA.NS,Bank of Baroda,Public,239.19351196289062
2025-06-11,BANKBARODA.NS,Bank of Baroda,Public,234.989501953125
2025-06-12,BANKBARODA.NS,Bank of Baroda,Public,233.11996459960938
2025-06-13,BANKBARODA.NS,Bank of Baroda,Public,231.72508239746094
2025-06-16,BANKBARODA.NS,Bank of Baroda,Public,233.0812225341797
2025-06-17,BANKBARODA.NS,Bank of Baroda,Public,230.58204650878906
2025-06-18,BANKBARODA.NS,Bank of Baroda,Public,229.09999084472656
2025-06-19,BANKBARODA.NS,Bank of Baroda,Public,224.40194702148438
2025-06-20,BANKBARODA.NS,Bank of Baroda,Public,226.8139190673828
2025-06-23,BANKBARODA.NS,Bank of Baroda,Public,226.52333068847656
2025-06-24,BANKBARODA.NS,Bank of Baroda,Public,230.36895751953125
2025-06-25,BANKBARODA.NS,Bank of Baroda,Public,231.57009887695312
2025-06-26,BANKBARODA.NS,Bank of Baroda,Public,231.84132385253906
2025-06-27,BANKBARODA.NS,Bank of Baroda,Public,233.76898193359375
2025-06-30,BANKBARODA.NS,Bank of Baroda,Public,240.98556518554688
2025-07-01,BANKBARODA.NS,Bank of Baroda,Public,239.78440856933594
2025-07-02,BANKBARODA.NS,Bank of Baroda,Public,235.43508911132812
2025-07-03,BANKBARODA.NS,Bank of Baroda,Public,234.72796630859375
2025-07-04,BANKBARODA.NS,Bank of Baroda,Public,233.2362060546875
2025-07-07,BANKBARODA.NS,Bank of Baroda,Public,233.53648376464844
2025-07-08,BANKBARODA.NS,Bank of Baroda,Public,232.24815368652344
2025-07-09,BANKBARODA.NS,Bank of Baroda,Public,233.5752410888672
2025-07-10,BANKBARODA.NS,Bank of Baroda,Public,231.3569793701172
2025-07-11,BANKBARODA.NS,Bank of Baroda,Public,230.0008544921875
2025-07-14,BANKBARODA.NS,Bank of Baroda,Public,233.371826171875
2025-07-15,BANKBARODA.NS,Bank of Baroda,Public,236.66529846191406
2025-07-16,BANKBARODA.NS,Bank of Baroda,Public,241.2761688232422
2025-07-17,BANKBARODA.NS,Bank of Baroda,Public,238.79637145996094
2025-07-18,BANKBARODA.NS,Bank of Baroda,Public,237.0430908203125
2025-07-21,BANKBARODA.NS,Bank of Baroda,Public,235.76443481445312
2025-07-22,BANKBARODA.NS,Bank of Baroda,Public,231.9769287109375
2025-07-23,BANKBARODA.NS,Bank of Baroda,Public,235.4544677734375
2025-07-24,BANKBARODA.NS,Bank of Baroda,Public,239.12571716308594
2025-07-25,BANKBARODA.NS,Bank of Baroda,Public,235.8225555419922
2025-07-28,BANKBARODA.NS,Bank of Baroda,Public,232.8099822998047
2025-07-29,BANKBARODA.NS,Bank of Baroda,Public,234.66983032226562
2025-07-30,BANKBARODA.NS,Bank of Baroda,Public,232.16098022460938
2025-07-31,BANKBARODA.NS,Bank of Baroda,Public,230.41737365722656
2025-08-01,BANKBARODA.NS,Bank of Baroda,Public,227.7632293701172
2025-08-04,BANKBARODA.NS,Bank of Baroda,Public,233.61398315429688
2025-08-05,BANKBARODA.NS,Bank of Baroda,Public,233.1102752685547
2025-08-06,BANKBARODA.NS,Bank of Baroda,Public,234.17581176757812
2025-08-07,BANKBARODA.NS,Bank of Baroda,Public,234.46641540527344
2025-08-08,BANKBARODA.NS,Bank of Baroda,Public,231.72508239746094
2025-08-11,BANKBARODA.NS,Bank of Baroda,Public,236.32626342773438
2025-08-12,BANKBARODA.NS,Bank of Baroda,Public,235.46414184570312
2025-08-13,BANKBARODA.NS,Bank of Baroda,Public,234.2339324951172
2025-08-14,BANKBARODA.NS,Bank of Baroda,Public,235.1638641357422
2025-08-18,BANKBARODA.NS,Bank of Baroda,Public,235.1638641357422
2025-08-19,BANKBARODA.NS,Bank of Baroda,Public,239.3097686767578
2025-08-20,BANKBARODA.NS,Bank of Baroda,Public,237.207763671875
2025-08-21,BANKBARODA.NS,Bank of Baroda,Public,235.73538208007812
2025-08-22,BANKBARODA.NS,Bank of Baroda,Public,232.70343017578125
2025-08-25,BANKBARODA.NS,Bank of Baroda,Public,233.5268096923828
2025-08-26,BANKBARODA.NS,Bank of Baroda,Public,227.77291870117188
2025-08-28,BANKBARODA.NS,Bank of Baroda,Public,225.9324493408203
2025-08-29,BANKBARODA.NS,Bank of Baroda,Public,225.53529357910156
2025-09-01,BANKBARODA.NS,Bank of Baroda,Public,227.07546997070312
2025-09-02,BANKBARODA.NS,Bank of Baroda,Public,229.25497436523438
2025-09-03,BANKBARODA.NS,Bank of Baroda,Public,230.9501495361328
2025-09-04,BANKBARODA.NS,Bank of Baroda,Public,226.61050415039062
2025-09-05,BANKBARODA.NS,Bank of Baroda,Public,226.92047119140625
2025-09-08,BANKBARODA.NS,Bank of Baroda,Public,227.28857421875
2025-09-09,BANKBARODA.NS,Bank of Baroda,Public,227.14328002929688
2025-09-10,BANKBARODA.NS,Bank of Baroda,Public,230.55299377441406
2025-09-11,BANKBARODA.NS,Bank of Baroda,Public,230.8048553466797
2025-09-12,BANKBARODA.NS,Bank of Baroda,Public,230.0395965576172
2025-09-15,BANKBARODA.NS,Bank of Baroda,Public,231.56040954589844
2025-09-16,BANKBARODA.NS,Bank of Baroda,Public,233.04248046875
2025-09-17,BANKBARODA.NS,Bank of Baroda,Public,238.1861114501953
2025-09-18,BANKBARODA.NS,Bank of Baroda,Public,241.15023803710938
2025-09-19,BANKBARODA.NS,Bank of Baroda,Public,244.1821746826172
2025-09-22,BANKBARODA.NS,Bank of Baroda,Public,243.27162170410156
2025-09-23,BANKBARODA.NS,Bank of Baroda,Public,245.296142578125
2025-09-24,BANKBARODA.NS,Bank of Baroda,Public,246.40042114257812
2025-09-25,BANKBARODA.NS,Bank of Baroda,Public,244.89898681640625
2025-09-26,BANKBARODA.NS,Bank of Baroda,Public,240.6658935546875
2025-09-29,BANKBARODA.NS,Bank of Baroda,Public,246.03233337402344
2025-09-30,BANKBARODA.NS,Bank of Baroda,Public,250.43978881835938
2025-10-01,BANKBARODA.NS,Bank of Baroda,Public,251.46656799316406
2025-10-03,BANKBARODA.NS,Bank of Baroda,Public,255.68028259277344
2025-10-06,BANKBARODA.NS,Bank of Baroda,Public,258.24725341796875
2025-10-07,BANKBARODA.NS,Bank of Baroda,Public,253.6460723876953
2025-10-08,BANKBARODA.NS,Bank of Baroda,Public,253.6945037841797
2025-10-09,BANKBARODA.NS,Bank of Baroda,Public,255.87400817871094
2025-10-10,BANKBARODA.NS,Bank of Baroda,Public,258.5863037109375
2025-10-13,BANKBARODA.NS,Bank of Baroda,Public,259.70025634765625
2025-10-14,BANKBARODA.NS,Bank of Baroda,Public,255.68028259277344
2025-10-15,BANKBARODA.NS,Bank of Baroda,Public,259.9908447265625
2025-10-16,BANKBARODA.NS,Bank of Baroda,Public,257.81134033203125
2025-10-17,BANKBARODA.NS,Bank of Baroda,Public,256.2130432128906
2025-10-20,BANKBARODA.NS,Bank of Baroda,Public,262.9453125
2025-10-21,BANKBARODA.NS,Bank of Baroda,Public,261.7344665527344
2025-10-23,BANKBARODA.NS,Bank of Baroda,Public,258.537841796875
2025-10-24,BANKBARODA.NS,Bank of Baroda,Public,257.85980224609375
2025-10-27,BANKBARODA.NS,Bank of Baroda,Public,265.07635498046875
2025-10-28,BANKBARODA.NS,Bank of Baroda,Public,268.2729797363281
2025-10-29,BANKBARODA.NS,Bank of Baroda,Public,265.9966125488281
2025-10-30,BANKBARODA.NS,Bank of Baroda,Public,264.2045593261719
2025-10-31,BANKBARODA.NS,Bank of Baroda,Public,269.67755126953125
2025-11-03,BANKBARODA.NS,Bank of Baroda,Public,282.0765380859375
2025-11-04,BANKBARODA.NS,Bank of Baroda,Public,279.0736389160156
2025-11-06,BANKBARODA.NS,Bank of Baroda,Public,277.37847900390625
2025-11-07,BANKBARODA.NS,Bank of Baroda,Public,279.9938659667969
2025-11-10,BANKBARODA.NS,Bank of Baroda,Public,278.6861877441406
2025-11-11,BANKBARODA.NS,Bank of Baroda,Public,276.8941345214844
2025-11-12,BANKBARODA.NS,Bank of Baroda,Public,276.0707702636719
2025-11-13,BANKBARODA.NS,Bank of Baroda,Public,274.3755798339844
2025-11-14,BANKBARODA.NS,Bank of Baroda,Public,277.76593017578125
2025-11-17,BANKBARODA.NS,Bank of Baroda,Public,278.9283447265625
2025-11-18,BANKBARODA.NS,Bank of Baroda,Public,279.4126892089844
2025-11-19,BANKBARODA.NS,Bank of Baroda,Public,284.1107177734375
2025-11-20,BANKBARODA.NS,Bank of Baroda,Public,279.21893310546875
2025-11-21,BANKBARODA.NS,Bank of Baroda,Public,275.2474060058594
2025-11-24,BANKBARODA.NS,Bank of Baroda,Public,273.06787109375
2025-11-25,BANKBARODA.NS,Bank of Baroda,Public,278.2502746582031
2025-11-26,BANKBARODA.NS,Bank of Baroda,Public,279.3642272949219
2025-11-27,BANKBARODA.NS,Bank of Baroda,Public,278.8799133300781
2025-11-28,BANKBARODA.NS,Bank of Baroda,Public,280.7203674316406
2025-12-01,BANKBARODA.NS,Bank of Baroda,Public,286.29022216796875
2025-12-02,BANKBARODA.NS,Bank of Baroda,Public,287.5979309082031
2025-12-03,BANKBARODA.NS,Bank of Baroda,Public,278.00811767578125
2025-12-04,BANKBARODA.NS,Bank of Baroda,Public,279.1705322265625
2025-12-05,BANKBARODA.NS,Bank of Baroda,Public,283.4326477050781
2025-12-08,BANKBARODA.NS,Bank of Baroda,Public,276.2645263671875
2025-12-09,BANKBARODA.NS,Bank of Baroda,Public,280.7688293457031
2025-12-10,BANKBARODA.NS,Bank of Baroda,Public,277.1363220214844
2025-12-11,BANKBARODA.NS,Bank of Baroda,Public,276.0707702636719
2025-12-12,BANKBARODA.NS,Bank of Baroda,Public,275.53802490234375
2025-12-15,BANKBARODA.NS,Bank of Baroda,Public,276.1676330566406
2025-12-16,BANKBARODA.NS,Bank of Baroda,Public,273.9881286621094
2025-12-17,BANKBARODA.NS,Bank of Baroda,Public,278.5893249511719
2025-12-18,BANKBARODA.NS,Bank of Baroda,Public,279.0736389160156
2025-12-19,BANKBARODA.NS,Bank of Baroda,Public,282.8998718261719
2025-12-22,BANKBARODA.NS,Bank of Baroda,Public,284.7887878417969
2025-12-23,BANKBARODA.NS,Bank of Baroda,Public,283.3357849121094
2025-12-24,BANKBARODA.NS,Bank of Baroda,Public,281.4468688964844
2025-12-26,BANKBARODA.NS,Bank of Baroda,Public,279.1705322265625
2025-12-29,BANKBARODA.NS,Bank of Baroda,Public,278.5893249511719
2025-12-30,BANKBARODA.NS,Bank of Baroda,Public,283.82012939453125
2025-12-31,BANKBARODA.NS,Bank of Baroda,Public,286.6292419433594
2026-01-01,BANKBARODA.NS,Bank of Baroda,Public,291.3273010253906
2026-01-02,BANKBARODA.NS,Bank of Baroda,Public,295.4925842285156
2026-01-05,BANKBARODA.NS,Bank of Baroda,Public,297.2362060546875
2026-01-06,BANKBARODA.NS,Bank of Baroda,Public,295.4925842285156
2026-01-07,BANKBARODA.NS,Bank of Baroda,Public,298.5923156738281
2026-01-08,BANKBARODA.NS,Bank of Baroda,Public,290.1648864746094
2026-01-09,BANKBARODA.NS,Bank of Baroda,Public,291.2304382324219
2026-01-12,BANKBARODA.NS,Bank of Baroda,Public,292.7319030761719
2026-01-13,BANKBARODA.NS,Bank of Baroda,Public,292.3928527832031
2026-01-14,BANKBARODA.NS,Bank of Baroda,Public,298.0595703125
2026-01-15,BANKBARODA.NS,Bank of Baroda,Public,298.0595703125
2026-01-16,BANKBARODA.NS,Bank of Baroda,Public,298.5923156738281
2026-01-19,BANKBARODA.NS,Bank of Baroda,Public,297.52679443359375
2026-01-20,BANKBARODA.NS,Bank of Baroda,Public,292.5865783691406
2026-01-21,BANKBARODA.NS,Bank of Baroda,Public,289.6805725097656
2026-01-22,BANKBARODA.NS,Bank of Baroda,Public,295.7347412109375
2026-01-23,BANKBARODA.NS,Bank of Baroda,Public,286.8714294433594
2026-01-27,BANKBARODA.NS,Bank of Baroda,Public,292.53814697265625
2026-01-28,BANKBARODA.NS,Bank of Baroda,Public,296.6065673828125
2026-01-29,BANKBARODA.NS,Bank of Baroda,Public,292.97406005859375
2026-01-30,BANKBARODA.NS,Bank of Baroda,Public,290.01959228515625
2026-02-02,BANKBARODA.NS,Bank of Baroda,Public,268.9026184082031
2026-02-03,BANKBARODA.NS,Bank of Baroda,Public,276.4582214355469
2026-02-04,BANKBARODA.NS,Bank of Baroda,Public,281.73748779296875
2026-02-05,BANKBARODA.NS,Bank of Baroda,Public,281.35003662109375
2026-02-06,BANKBARODA.NS,Bank of Baroda,Public,280.1391906738281
2026-02-09,BANKBARODA.NS,Bank of Baroda,Public,281.4953308105469
2026-02-10,BANKBARODA.NS,Bank of Baroda,Public,281.2531433105469
2026-02-11,BANKBARODA.NS,Bank of Baroda,Public,282.0765380859375
2026-02-12,BANKBARODA.NS,Bank of Baroda,Public,280.7688293457031
2026-02-13,BANKBARODA.NS,Bank of Baroda,Public,278.44403076171875
2026-02-16,BANKBARODA.NS,Bank of Baroda,Public,283.38421630859375
2026-02-17,BANKBARODA.NS,Bank of Baroda,Public,293.7489929199219
2026-02-18,BANKBARODA.NS,Bank of Baroda,Public,295.5894470214844
2026-02-19,BANKBARODA.NS,Bank of Baroda,Public,294.9114074707031
2026-02-20,BANKBARODA.NS,Bank of Baroda,Public,299.36724853515625
2026-02-23,BANKBARODA.NS,Bank of Baroda,Public,303.5325622558594
2026-02-24,BANKBARODA.NS,Bank of Baroda,Public,303.2903747558594
2026-02-25,BANKBARODA.NS,Bank of Baroda,Public,305.9542236328125
2026-02-26,BANKBARODA.NS,Bank of Baroda,Public,314.2847900390625
2026-02-27,BANKBARODA.NS,Bank of Baroda,Public,311.86309814453125
2026-03-02,BANKBARODA.NS,Bank of Baroda,Public,305.3245849609375
2026-03-04,BANKBARODA.NS,Bank of Baroda,Public,289.9227294921875
2026-03-05,BANKBARODA.NS,Bank of Baroda,Public,292.3928527832031
2026-03-06,BANKBARODA.NS,Bank of Baroda,Public,286.09649658203125
2026-03-09,BANKBARODA.NS,Bank of Baroda,Public,279.02520751953125
2026-03-10,BANKBARODA.NS,Bank of Baroda,Public,285.1762390136719
2026-03-11,BANKBARODA.NS,Bank of Baroda,Public,280.23602294921875
2026-03-12,BANKBARODA.NS,Bank of Baroda,Public,280.1391906738281
2026-03-13,BANKBARODA.NS,Bank of Baroda,Public,272.2445068359375
2026-03-16,BANKBARODA.NS,Bank of Baroda,Public,271.1789855957031
2026-03-17,BANKBARODA.NS,Bank of Baroda,Public,274.3755798339844
2026-03-18,BANKBARODA.NS,Bank of Baroda,Public,274.2787170410156
2026-03-19,BANKBARODA.NS,Bank of Baroda,Public,264.05926513671875
2026-03-20,BANKBARODA.NS,Bank of Baroda,Public,271.1789855957031
2026-03-23,BANKBARODA.NS,Bank of Baroda,Public,257.5691833496094
2026-03-24,BANKBARODA.NS,Bank of Baroda,Public,262.0250549316406
2026-03-25,BANKBARODA.NS,Bank of Baroda,Public,264.1561584472656
2026-03-27,BANKBARODA.NS,Bank of Baroda,Public,252.14462280273438
2026-03-30,BANKBARODA.NS,Bank of Baroda,Public,239.84254455566406
2026-04-01,BANKBARODA.NS,Bank of Baroda,Public,244.1337432861328
2026-04-02,BANKBARODA.NS,Bank of Baroda,Public,241.74111938476562
2026-04-06,BANKBARODA.NS,Bank of Baroda,Public,251.62156677246094
2026-04-07,BANKBARODA.NS,Bank of Baroda,Public,250.01356506347656
2026-04-08,BANKBARODA.NS,Bank of Baroda,Public,267.3333740234375
2026-04-09,BANKBARODA.NS,Bank of Baroda,Public,265.64788818359375
2026-04-10,BANKBARODA.NS,Bank of Baroda,Public,267.53680419921875
2026-04-13,BANKBARODA.NS,Bank of Baroda,Public,267.0815124511719
2026-04-15,BANKBARODA.NS,Bank of Baroda,Public,270.3265686035156
2026-04-16,BANKBARODA.NS,Bank of Baroda,Public,270.63653564453125
2026-04-17,BANKBARODA.NS,Bank of Baroda,Public,271.65362548828125
2026-04-20,BANKBARODA.NS,Bank of Baroda,Public,272.2057800292969
2026-04-21,BANKBARODA.NS,Bank of Baroda,Public,275.1505126953125
2026-04-22,BANKBARODA.NS,Bank of Baroda,Public,273.9106140136719
2026-04-23,BANKBARODA.NS,Bank of Baroda,Public,267.6820983886719
2026-04-24,BANKBARODA.NS,Bank of Baroda,Public,265.54132080078125
2026-04-27,BANKBARODA.NS,Bank of Baroda,Public,265.40570068359375
2026-04-28,BANKBARODA.NS,Bank of Baroda,Public,259.4386901855469
2026-04-29,BANKBARODA.NS,Bank of Baroda,Public,259.8455505371094
2026-04-30,BANKBARODA.NS,Bank of Baroda,Public,255.20562744140625
2026-05-01,BANKBARODA.NS,Bank of Baroda,Public,255.20562744140625
2026-05-04,BANKBARODA.NS,Bank of Baroda,Public,256.79425048828125
2026-05-05,BANKBARODA.NS,Bank of Baroda,Public,255.1475067138672
2026-05-06,BANKBARODA.NS,Bank of Baroda,Public,261.8313293457031
2026-05-07,BANKBARODA.NS,Bank of Baroda,Public,261.8797607421875
2026-05-08,BANKBARODA.NS,Bank of Baroda,Public,255.6318359375
2026-05-11,BANKBARODA.NS,Bank of Baroda,Public,257.6660461425781
2026-05-12,BANKBARODA.NS,Bank of Baroda,Public,251.80560302734375
2026-05-13,BANKBARODA.NS,Bank of Baroda,Public,253.45233154296875
2026-05-14,BANKBARODA.NS,Bank of Baroda,Public,259.4096374511719
2026-05-15,BANKBARODA.NS,Bank of Baroda,Public,253.2101593017578
2026-05-18,BANKBARODA.NS,Bank of Baroda,Public,251.90245056152344
2026-05-19,BANKBARODA.NS,Bank of Baroda,Public,252.43524169921875
2026-05-20,BANKBARODA.NS,Bank of Baroda,Public,255.2928009033203
2026-05-21,BANKBARODA.NS,Bank of Baroda,Public,254.85691833496094
2026-05-22,BANKBARODA.NS,Bank of Baroda,Public,257.0848388671875
2026-05-25,BANKBARODA.NS,Bank of Baroda,Public,263.7202453613281
2026-05-26,BANKBARODA.NS,Bank of Baroda,Public,262.073486328125
2026-05-27,BANKBARODA.NS,Bank of Baroda,Public,262.4609680175781
2026-05-28,BANKBARODA.NS,Bank of Baroda,Public,262.4609680175781
2026-05-29,BANKBARODA.NS,Bank of Baroda,Public,260.08770751953125
2026-06-01,BANKBARODA.NS,Bank of Baroda,Public,256.0677490234375
2026-06-02,BANKBARODA.NS,Bank of Baroda,Public,257.4722900390625
2026-06-03,BANKBARODA.NS,Bank of Baroda,Public,260.4267578125
2026-06-04,BANKBARODA.NS,Bank of Baroda,Public,262.79998779296875
2026-06-05,BANKBARODA.NS,Bank of Baroda,Public,263.70001220703125
2026-06-08,BANKBARODA.NS,Bank of Baroda,Public,259.25
2026-06-09,BANKBARODA.NS,Bank of Baroda,Public,273.75
2026-06-10,BANKBARODA.NS,Bank of Baroda,Public,269.29998779296875
2026-06-11,BANKBARODA.NS,Bank of Baroda,Public,267.6000061035156
2026-06-12,BANKBARODA.NS,Bank of Baroda,Public,274.75
2026-06-15,BANKBARODA.NS,Bank of Baroda,Public,276.04998779296875
2026-06-16,BANKBARODA.NS,Bank of Baroda,Public,275.3500061035156
2026-06-17,BANKBARODA.NS,Bank of Baroda,Public,281.8500061035156
2026-06-18,BANKBARODA.NS,Bank of Baroda,Public,283.0
2026-06-19,BANKBARODA.NS,Bank of Baroda,Public,281.04998779296875
2026-06-22,BANKBARODA.NS,Bank of Baroda,Public,286.04998779296875
2026-06-23,BANKBARODA.NS,Bank of Baroda,Public,277.79998779296875
2026-06-24,BANKBARODA.NS,Bank of Baroda,Public,279.8999938964844
2026-06-25,BANKBARODA.NS,Bank of Baroda,Public,279.1499938964844
2026-06-26,BANKBARODA.NS,Bank of Baroda,Public,279.1499938964844
2026-06-29,BANKBARODA.NS,Bank of Baroda,Public,272.79998779296875
2026-06-30,BANKBARODA.NS,Bank of Baroda,Public,272.3999938964844
2026-07-01,BANKBARODA.NS,Bank of Baroda,Public,271.6499938964844
2026-07-02,BANKBARODA.NS,Bank of Baroda,Public,260.25
2026-07-03,BANKBARODA.NS,Bank of Baroda,Public,252.1999969482422
2026-07-06,BANKBARODA.NS,Bank of Baroda,Public,249.9499969482422
2026-07-07,BANKBARODA.NS,Bank of Baroda,Public,247.85000610351562
2026-07-08,BANKBARODA.NS,Bank of Baroda,Public,240.4499969482422
2026-07-09,BANKBARODA.NS,Bank of Baroda,Public,244.60000610351562
2026-07-10,BANKBARODA.NS,Bank of Baroda,Public,250.9499969482422
2026-07-13,BANKBARODA.NS,Bank of Baroda,Public,250.64999389648438
2026-07-14,BANKBARODA.NS,Bank of Baroda,Public,246.60000610351562
2026-07-15,BANKBARODA.NS,Bank of Baroda,Public,248.14999389648438
2026-07-16,BANKBARODA.NS,Bank of Baroda,Public,248.3000030517578
2026-07-17,BANKBARODA.NS,Bank of Baroda,Public,246.8000030517578
2026-07-20,BANKBARODA.NS,Bank of Baroda,Public,254.85000610351562
2026-07-21,BANKBARODA.NS,Bank of Baroda,Public,247.6999969482422
2026-07-23,BANKBARODA.NS,Bank of Baroda,Public,243.14999389648438
2026-07-24,BANKBARODA.NS,Bank of Baroda,Public,246.4499969482422
2026-07-27,BANKBARODA.NS,Bank of Baroda,Public,244.0
2026-07-28,BANKBARODA.NS,Bank of Baroda,Public,239.1999969482422
2026-07-29,BANKBARODA.NS,Bank of Baroda,Public,243.35000610351562
2026-07-30,BANKBARODA.NS,Bank of Baroda,Public,241.64999389648438
2026-07-31,BANKBARODA.NS,Bank of Baroda,Public,242.60000610351562
2026-08-03,BANKBARODA.NS,Bank of Baroda,Public,247.25
2026-08-04,BANKBARODA.NS,Bank of Baroda,Public,245.0
2026-08-05,BANKBARODA.NS,Bank of Baroda,Public,245.60000610351562
2026-08-06,BANKBARODA.NS,Bank of Baroda,Public,251.0
2026-08-07,BANKBARODA.NS,Bank of Baroda,Public,250.6999969482422
2026-08-10,BANKBARODA.NS,Bank of Baroda,Public,247.80999755859375
2026-08-11,BANKBARODA.NS,Bank of Baroda,Public,246.1999969482422
2026-08-12,BANKBARODA.NS,Bank of Baroda,Public,251.0
2026-08-13,BANKBARODA.NS,Bank of Baroda,Public,248.0
2026-08-14,BANKBARODA.NS,Bank of Baroda,Public,248.22000122070312
2026-08-17,BANKBARODA.NS,Bank of Baroda,Public,246.5500030517578
2026-08-18,BANKBARODA.NS,Bank of Baroda,Public,244.0
2026-08-19,BANKBARODA.NS,Bank of Baroda,Public,245.0
2026-08-20,BANKBARODA.NS,Bank of Baroda,Public,244.5
2021-08-20,CANBK.NS,Canara Bank,Public,25.864990234375
2021-08-23,CANBK.NS,Canara Bank,Public,25.88191795349121
2021-08-24,CANBK.NS,Canara Bank,Public,26.35588264465332
2021-08-25,CANBK.NS,Canara Bank,Public,25.56875991821289
2021-08-26,CANBK.NS,Canara Bank,Public,25.87345314025879
2021-08-27,CANBK.NS,Canara Bank,Public,25.661861419677734
2021-08-30,CANBK.NS,Canara Bank,Public,26.279708862304688
2021-08-31,CANBK.NS,Canara Bank,Public,26.931411743164062
2021-09-01,CANBK.NS,Canara Bank,Public,27.26149559020996
2021-09-02,CANBK.NS,Canara Bank,Public,26.931411743164062
2021-09-03,CANBK.NS,Canara Bank,Public,27.20224952697754
2021-09-06,CANBK.NS,Canara Bank,Public,27.092222213745117
2021-09-07,CANBK.NS,Canara Bank,Public,26.42359161376953
2021-09-08,CANBK.NS,Canara Bank,Public,26.702892303466797
2021-09-09,CANBK.NS,Canara Bank,Public,26.66057586669922
2021-09-13,CANBK.NS,Canara Bank,Public,26.542083740234375
2021-09-14,CANBK.NS,Canara Bank,Public,26.279708862304688
2021-09-15,CANBK.NS,Canara Bank,Public,27.354597091674805
2021-09-16,CANBK.NS,Canara Bank,Public,28.226354598999023
2021-09-17,CANBK.NS,Canara Bank,Public,27.54926300048828
2021-09-20,CANBK.NS,Canara Bank,Public,26.228925704956055
2021-09-21,CANBK.NS,Canara Bank,Public,26.228925704956055
2021-09-22,CANBK.NS,Canara Bank,Public,26.55055046081543
2021-09-23,CANBK.NS,Canara Bank,Public,27.21917724609375
2021-09-24,CANBK.NS,Canara Bank,Public,26.694429397583008
2021-09-27,CANBK.NS,Canara Bank,Public,27.06683349609375
2021-09-28,CANBK.NS,Canara Bank,Public,27.710073471069336
2021-09-29,CANBK.NS,Canara Bank,Public,28.463340759277344
2021-09-30,CANBK.NS,Canara Bank,Public,29.284313201904297
2021-10-01,CANBK.NS,Canara Bank,Public,29.936016082763672
2021-10-04,CANBK.NS,Canara Bank,Public,30.824703216552734
2021-10-05,CANBK.NS,Canara Bank,Public,30.426912307739258
2021-10-06,CANBK.NS,Canara Bank,Public,29.52975845336914
2021-10-07,CANBK.NS,Canara Bank,Public,29.597471237182617
2021-10-08,CANBK.NS,Canara Bank,Public,30.003726959228516
2021-10-11,CANBK.NS,Canara Bank,Public,29.902162551879883
2021-10-12,CANBK.NS,Canara Bank,Public,31.66260528564453
2021-10-13,CANBK.NS,Canara Bank,Public,31.586429595947266
2021-10-14,CANBK.NS,Canara Bank,Public,32.76288604736328
2021-10-18,CANBK.NS,Canara Bank,Public,33.67695999145508
2021-10-19,CANBK.NS,Canara Bank,Public,32.28045654296875
2021-10-20,CANBK.NS,Canara Bank,Public,33.05911636352539
2021-10-21,CANBK.NS,Canara Bank,Public,33.786991119384766
2021-10-22,CANBK.NS,Canara Bank,Public,33.61771774291992
2021-10-25,CANBK.NS,Canara Bank,Public,34.184783935546875
2021-10-26,CANBK.NS,Canara Bank,Public,32.72902297973633
2021-10-27,CANBK.NS,Canara Bank,Public,33.990116119384766
2021-10-28,CANBK.NS,Canara Bank,Public,33.07604217529297
2021-10-29,CANBK.NS,Canara Bank,Public,36.30916213989258
2021-11-01,CANBK.NS,Canara Bank,Public,36.33455276489258
2021-11-02,CANBK.NS,Canara Bank,Public,37.95957565307617
2021-11-03,CANBK.NS,Canara Bank,Public,38.24734115600586
2021-11-04,CANBK.NS,Canara Bank,Public,38.72977828979492
2021-11-08,CANBK.NS,Canara Bank,Public,41.34505081176758
2021-11-09,CANBK.NS,Canara Bank,Public,41.099605560302734
2021-11-10,CANBK.NS,Canara Bank,Public,39.94007873535156
2021-11-11,CANBK.NS,Canara Bank,Public,39.20374298095703
2021-11-12,CANBK.NS,Canara Bank,Public,39.068321228027344
2021-11-15,CANBK.NS,Canara Bank,Public,38.52664566040039
2021-11-16,CANBK.NS,Canara Bank,Public,37.58717727661133
2021-11-17,CANBK.NS,Canara Bank,Public,37.24863052368164
2021-11-18,CANBK.NS,Canara Bank,Public,37.16399383544922
2021-11-22,CANBK.NS,Canara Bank,Public,35.85212707519531
2021-11-23,CANBK.NS,Canara Bank,Public,36.58000564575195
2021-11-24,CANBK.NS,Canara Bank,Public,36.139892578125
2021-11-25,CANBK.NS,Canara Bank,Public,36.40226745605469
2021-11-26,CANBK.NS,Canara Bank,Public,34.30327224731445
2021-11-29,CANBK.NS,Canara Bank,Public,33.72774124145508
2021-11-30,CANBK.NS,Canara Bank,Public,33.710819244384766
2021-12-01,CANBK.NS,Canara Bank,Public,34.988834381103516
2021-12-02,CANBK.NS,Canara Bank,Public,35.065006256103516
2021-12-03,CANBK.NS,Canara Bank,Public,34.95497131347656
2021-12-06,CANBK.NS,Canara Bank,Public,34.286346435546875
2021-12-07,CANBK.NS,Canara Bank,Public,35.4035530090332
2021-12-08,CANBK.NS,Canara Bank,Public,36.343021392822266
2021-12-09,CANBK.NS,Canara Bank,Public,36.393802642822266
2021-12-10,CANBK.NS,Canara Bank,Public,37.60411071777344
2021-12-13,CANBK.NS,Canara Bank,Public,36.766204833984375
2021-12-14,CANBK.NS,Canara Bank,Public,36.495365142822266
2021-12-15,CANBK.NS,Canara Bank,Public,35.75902557373047
2021-12-16,CANBK.NS,Canara Bank,Public,35.919837951660156
2021-12-17,CANBK.NS,Canara Bank,Public,34.21017074584961
2021-12-20,CANBK.NS,Canara Bank,Public,32.305843353271484
2021-12-21,CANBK.NS,Canara Bank,Public,32.534366607666016
2021-12-22,CANBK.NS,Canara Bank,Public,33.465370178222656
2021-12-23,CANBK.NS,Canara Bank,Public,33.939334869384766
2021-12-24,CANBK.NS,Canara Bank,Public,32.830596923828125
2021-12-27,CANBK.NS,Canara Bank,Public,33.109893798828125
2021-12-28,CANBK.NS,Canara Bank,Public,33.490760803222656
2021-12-29,CANBK.NS,Canara Bank,Public,33.29610061645508
2021-12-30,CANBK.NS,Canara Bank,Public,33.008331298828125
2021-12-31,CANBK.NS,Canara Bank,Public,33.84623336791992
2022-01-03,CANBK.NS,Canara Bank,Public,34.77724075317383
2022-01-04,CANBK.NS,Canara Bank,Public,34.963443756103516
2022-01-05,CANBK.NS,Canara Bank,Public,35.71670913696289
2022-01-06,CANBK.NS,Canara Bank,Public,35.970619201660156
2022-01-07,CANBK.NS,Canara Bank,Public,35.936763763427734
2022-01-10,CANBK.NS,Canara Bank,Public,37.189388275146484
2022-01-11,CANBK.NS,Canara Bank,Public,37.477149963378906
2022-01-12,CANBK.NS,Canara Bank,Public,37.70566940307617
2022-01-13,CANBK.NS,Canara Bank,Public,38.14578628540039
2022-01-14,CANBK.NS,Canara Bank,Public,38.53510665893555
2022-01-17,CANBK.NS,Canara Bank,Public,38.5435791015625
2022-01-18,CANBK.NS,Canara Bank,Public,37.764915466308594
2022-01-19,CANBK.NS,Canara Bank,Public,38.66206741333008
2022-01-20,CANBK.NS,Canara Bank,Public,38.670528411865234
2022-01-21,CANBK.NS,Canara Bank,Public,36.495365142822266
2022-01-24,CANBK.NS,Canara Bank,Public,35.3273811340332
2022-01-25,CANBK.NS,Canara Bank,Public,37.477149963378906
2022-01-27,CANBK.NS,Canara Bank,Public,40.76105499267578
2022-01-28,CANBK.NS,Canara Bank,Public,40.439430236816406
2022-01-31,CANBK.NS,Canara Bank,Public,42.817726135253906
2022-02-01,CANBK.NS,Canara Bank,Public,43.79951858520508
2022-02-02,CANBK.NS,Canara Bank,Public,45.64459991455078
2022-02-03,CANBK.NS,Canara Bank,Public,44.84054946899414
2022-02-04,CANBK.NS,Canara Bank,Public,44.180381774902344
2022-02-07,CANBK.NS,Canara Bank,Public,43.68948745727539
2022-02-08,CANBK.NS,Canara Bank,Public,44.129600524902344
2022-02-09,CANBK.NS,Canara Bank,Public,44.053428649902344
2022-02-10,CANBK.NS,Canara Bank,Public,43.807979583740234
2022-02-11,CANBK.NS,Canara Bank,Public,42.57228088378906
2022-02-14,CANBK.NS,Canara Bank,Public,39.73695373535156
2022-02-15,CANBK.NS,Canara Bank,Public,41.97136306762695
2022-02-16,CANBK.NS,Canara Bank,Public,41.353515625
2022-02-17,CANBK.NS,Canara Bank,Public,40.52407455444336
2022-02-18,CANBK.NS,Canara Bank,Public,40.329410552978516
2022-02-21,CANBK.NS,Canara Bank,Public,39.4322624206543
2022-02-22,CANBK.NS,Canara Bank,Public,39.00907516479492
2022-02-23,CANBK.NS,Canara Bank,Public,38.789024353027344
2022-02-24,CANBK.NS,Canara Bank,Public,35.259666442871094
2022-02-25,CANBK.NS,Canara Bank,Public,36.9777946472168
2022-02-28,CANBK.NS,Canara Bank,Public,37.172454833984375
2022-03-02,CANBK.NS,Canara Bank,Public,36.58846664428711
2022-03-03,CANBK.NS,Canara Bank,Public,36.38533401489258
2022-03-04,CANBK.NS,Canara Bank,Public,35.57282257080078
2022-03-07,CANBK.NS,Canara Bank,Public,33.99858093261719
2022-03-08,CANBK.NS,Canara Bank,Public,35.43740463256836
2022-03-09,CANBK.NS,Canara Bank,Public,35.88597869873047
2022-03-10,CANBK.NS,Canara Bank,Public,36.292240142822266
2022-03-11,CANBK.NS,Canara Bank,Public,36.89316177368164
2022-03-14,CANBK.NS,Canara Bank,Public,37.43483352661133
2022-03-15,CANBK.NS,Canara Bank,Public,37.0539665222168
2022-03-16,CANBK.NS,Canara Bank,Public,37.9849739074707
2022-03-17,CANBK.NS,Canara Bank,Public,38.2642707824707
2022-03-21,CANBK.NS,Canara Bank,Public,38.07807540893555
2022-03-22,CANBK.NS,Canara Bank,Public,38.25580978393555
2022-03-23,CANBK.NS,Canara Bank,Public,38.1373176574707
2022-03-24,CANBK.NS,Canara Bank,Public,38.196563720703125
2022-03-25,CANBK.NS,Canara Bank,Public,38.1373176574707
2022-03-28,CANBK.NS,Canara Bank,Public,38.712852478027344
2022-03-29,CANBK.NS,Canara Bank,Public,38.670528411865234
2022-03-30,CANBK.NS,Canara Bank,Public,38.670528411865234
2022-03-31,CANBK.NS,Canara Bank,Public,38.552040100097656
2022-04-01,CANBK.NS,Canara Bank,Public,40.6171760559082
2022-04-04,CANBK.NS,Canara Bank,Public,40.8456916809082
2022-04-05,CANBK.NS,Canara Bank,Public,41.124996185302734
2022-04-06,CANBK.NS,Canara Bank,Public,41.954429626464844
2022-04-07,CANBK.NS,Canara Bank,Public,41.751312255859375
2022-04-08,CANBK.NS,Canara Bank,Public,42.03907012939453
2022-04-11,CANBK.NS,Canara Bank,Public,41.658206939697266
2022-04-12,CANBK.NS,Canara Bank,Public,40.87108612060547
2022-04-13,CANBK.NS,Canara Bank,Public,41.07421112060547
2022-04-18,CANBK.NS,Canara Bank,Public,39.66078567504883
2022-04-19,CANBK.NS,Canara Bank,Public,39.72002410888672
2022-04-20,CANBK.NS,Canara Bank,Public,39.4576530456543
2022-04-21,CANBK.NS,Canara Bank,Public,40.28709030151367
2022-04-22,CANBK.NS,Canara Bank,Public,39.4830436706543
2022-04-25,CANBK.NS,Canara Bank,Public,38.602821350097656
2022-04-26,CANBK.NS,Canara Bank,Public,39.87237548828125
2022-04-27,CANBK.NS,Canara Bank,Public,39.22066879272461
2022-04-28,CANBK.NS,Canara Bank,Public,39.47457504272461
2022-04-29,CANBK.NS,Canara Bank,Public,38.8736572265625
2022-05-02,CANBK.NS,Canara Bank,Public,38.890586853027344
2022-05-04,CANBK.NS,Canara Bank,Public,37.73106384277344
2022-05-05,CANBK.NS,Canara Bank,Public,38.044219970703125
2022-05-06,CANBK.NS,Canara Bank,Public,37.13014221191406
2022-05-09,CANBK.NS,Canara Bank,Public,34.08321762084961
2022-05-10,CANBK.NS,Canara Bank,Public,33.80391311645508
2022-05-11,CANBK.NS,Canara Bank,Public,34.22710037231445
2022-05-12,CANBK.NS,Canara Bank,Public,32.627464294433594
2022-05-13,CANBK.NS,Canara Bank,Public,32.72056579589844
2022-05-16,CANBK.NS,Canara Bank,Public,33.47383499145508
2022-05-17,CANBK.NS,Canara Bank,Public,34.32019805908203
2022-05-18,CANBK.NS,Canara Bank,Public,33.35533905029297
2022-05-19,CANBK.NS,Canara Bank,Public,31.64567756652832
2022-05-20,CANBK.NS,Canara Bank,Public,32.906768798828125
2022-05-23,CANBK.NS,Canara Bank,Public,32.271995544433594
2022-05-24,CANBK.NS,Canara Bank,Public,32.11964416503906
2022-05-25,CANBK.NS,Canara Bank,Public,31.527185440063477
2022-05-26,CANBK.NS,Canara Bank,Public,33.14375305175781
2022-05-27,CANBK.NS,Canara Bank,Public,33.52461242675781
2022-05-30,CANBK.NS,Canara Bank,Public,35.3781623840332
2022-05-31,CANBK.NS,Canara Bank,Public,34.70106506347656
2022-06-01,CANBK.NS,Canara Bank,Public,35.33584213256836
2022-06-02,CANBK.NS,Canara Bank,Public,36.148353576660156
2022-06-03,CANBK.NS,Canara Bank,Public,35.73363494873047
2022-06-06,CANBK.NS,Canara Bank,Public,35.62360763549805
2022-06-07,CANBK.NS,Canara Bank,Public,35.386627197265625
2022-06-08,CANBK.NS,Canara Bank,Public,35.69977951049805
2022-06-09,CANBK.NS,Canara Bank,Public,35.12424850463867
2022-06-10,CANBK.NS,Canara Bank,Public,35.20042419433594
2022-06-13,CANBK.NS,Canara Bank,Public,33.39765930175781
2022-06-14,CANBK.NS,Canara Bank,Public,33.37227249145508
2022-06-15,CANBK.NS,Canara Bank,Public,32.960914611816406
2022-06-16,CANBK.NS,Canara Bank,Public,31.69183921813965
2022-06-17,CANBK.NS,Canara Bank,Public,31.656829833984375
2022-06-20,CANBK.NS,Canara Bank,Public,30.55405044555664
2022-06-21,CANBK.NS,Canara Bank,Public,31.936901092529297
2022-06-22,CANBK.NS,Canara Bank,Public,31.656829833984375
2022-06-23,CANBK.NS,Canara Bank,Public,31.831876754760742
2022-06-24,CANBK.NS,Canara Bank,Public,32.540809631347656
2022-06-27,CANBK.NS,Canara Bank,Public,32.85588836669922
2022-06-28,CANBK.NS,Canara Bank,Public,32.87339401245117
2022-06-29,CANBK.NS,Canara Bank,Public,32.60206985473633
2022-06-30,CANBK.NS,Canara Bank,Public,31.726850509643555
2022-07-01,CANBK.NS,Canara Bank,Public,32.35700988769531
2022-07-04,CANBK.NS,Canara Bank,Public,32.96966552734375
2022-07-05,CANBK.NS,Canara Bank,Public,33.100948333740234
2022-07-06,CANBK.NS,Canara Bank,Public,33.73986053466797
2022-07-07,CANBK.NS,Canara Bank,Public,36.50556945800781
2022-07-08,CANBK.NS,Canara Bank,Public,36.951934814453125
2022-07-11,CANBK.NS,Canara Bank,Public,37.97594451904297
2022-07-12,CANBK.NS,Canara Bank,Public,37.96719741821289
2022-07-13,CANBK.NS,Canara Bank,Public,38.19474792480469
2022-07-14,CANBK.NS,Canara Bank,Public,36.68061447143555
2022-07-15,CANBK.NS,Canara Bank,Public,36.07671356201172
2022-07-18,CANBK.NS,Canara Bank,Public,37.54708480834961
2022-07-19,CANBK.NS,Canara Bank,Public,39.061222076416016
2022-07-20,CANBK.NS,Canara Bank,Public,38.46607208251953
2022-07-21,CANBK.NS,Canara Bank,Public,39.603858947753906
2022-07-22,CANBK.NS,Canara Bank,Public,40.09398651123047
2022-07-25,CANBK.NS,Canara Bank,Public,39.35004425048828
2022-07-26,CANBK.NS,Canara Bank,Public,38.7899055480957
2022-07-27,CANBK.NS,Canara Bank,Public,39.743896484375
2022-07-28,CANBK.NS,Canara Bank,Public,39.59511184692383
2022-07-29,CANBK.NS,Canara Bank,Public,38.91243362426758
2022-08-01,CANBK.NS,Canara Bank,Public,39.40256118774414
2022-08-02,CANBK.NS,Canara Bank,Public,40.82041931152344
2022-08-03,CANBK.NS,Canara Bank,Public,40.60161590576172
2022-08-04,CANBK.NS,Canara Bank,Public,39.31503677368164
2022-08-05,CANBK.NS,Canara Bank,Public,38.7286376953125
2022-08-08,CANBK.NS,Canara Bank,Public,39.39380645751953
2022-08-10,CANBK.NS,Canara Bank,Public,39.47257614135742
2022-08-11,CANBK.NS,Canara Bank,Public,40.41781997680664
2022-08-12,CANBK.NS,Canara Bank,Public,40.44407653808594
2022-08-16,CANBK.NS,Canara Bank,Public,40.636627197265625
2022-08-17,CANBK.NS,Canara Bank,Public,41.87068557739258
2022-08-18,CANBK.NS,Canara Bank,Public,42.001976013183594
2022-08-19,CANBK.NS,Canara Bank,Public,40.374061584472656
2022-08-22,CANBK.NS,Canara Bank,Public,38.86867141723633
2022-08-23,CANBK.NS,Canara Bank,Public,40.10273742675781
2022-08-24,CANBK.NS,Canara Bank,Public,40.627872467041016
2022-08-25,CANBK.NS,Canara Bank,Public,41.79191970825195
2022-08-26,CANBK.NS,Canara Bank,Public,41.92320251464844
2022-08-29,CANBK.NS,Canara Bank,Public,41.135501861572266
2022-08-30,CANBK.NS,Canara Bank,Public,42.20327377319336
2022-09-01,CANBK.NS,Canara Bank,Public,42.79842758178711
2022-09-02,CANBK.NS,Canara Bank,Public,42.6758918762207
2022-09-05,CANBK.NS,Canara Bank,Public,42.9384651184082
2022-09-06,CANBK.NS,Canara Bank,Public,42.7634162902832
2022-09-07,CANBK.NS,Canara Bank,Public,42.22077941894531
2022-09-08,CANBK.NS,Canara Bank,Public,42.885948181152344
2022-09-09,CANBK.NS,Canara Bank,Public,42.63213348388672
2022-09-12,CANBK.NS,Canara Bank,Public,43.253543853759766
2022-09-13,CANBK.NS,Canara Bank,Public,43.21853256225586
2022-09-14,CANBK.NS,Canara Bank,Public,44.68891143798828
2022-09-15,CANBK.NS,Canara Bank,Public,44.190032958984375
2022-09-16,CANBK.NS,Canara Bank,Public,42.77217102050781
2022-09-19,CANBK.NS,Canara Bank,Public,43.2272834777832
2022-09-20,CANBK.NS,Canara Bank,Public,43.53361511230469
2022-09-21,CANBK.NS,Canara Bank,Public,43.31481170654297
2022-09-22,CANBK.NS,Canara Bank,Public,42.52710723876953
2022-09-23,CANBK.NS,Canara Bank,Public,40.10273742675781
2022-09-26,CANBK.NS,Canara Bank,Public,38.010955810546875
2022-09-27,CANBK.NS,Canara Bank,Public,37.50332260131836
2022-09-28,CANBK.NS,Canara Bank,Public,36.7593879699707
2022-09-29,CANBK.NS,Canara Bank,Public,37.704627990722656
2022-09-30,CANBK.NS,Canara Bank,Public,40.04147720336914
2022-10-03,CANBK.NS,Canara Bank,Public,38.92118453979492
2022-10-04,CANBK.NS,Canara Bank,Public,39.7701530456543
2022-10-06,CANBK.NS,Canara Bank,Public,39.743896484375
2022-10-07,CANBK.NS,Canara Bank,Public,40.09398651123047
2022-10-10,CANBK.NS,Canara Bank,Public,39.84891891479492
2022-10-11,CANBK.NS,Canara Bank,Public,38.982452392578125
2022-10-12,CANBK.NS,Canara Bank,Public,39.56010055541992
2022-10-13,CANBK.NS,Canara Bank,Public,39.122493743896484
2022-10-14,CANBK.NS,Canara Bank,Public,39.691383361816406
2022-10-17,CANBK.NS,Canara Bank,Public,41.55561065673828
2022-10-18,CANBK.NS,Canara Bank,Public,43.804935455322266
2022-10-19,CANBK.NS,Canara Bank,Public,43.58612823486328
2022-10-20,CANBK.NS,Canara Bank,Public,45.319068908691406
2022-10-21,CANBK.NS,Canara Bank,Public,47.00825119018555
2022-10-24,CANBK.NS,Canara Bank,Public,47.349586486816406
2022-10-25,CANBK.NS,Canara Bank,Public,49.747703552246094
2022-10-27,CANBK.NS,Canara Bank,Public,50.69293975830078
2022-10-28,CANBK.NS,Canara Bank,Public,50.38661575317383
2022-10-31,CANBK.NS,Canara Bank,Public,50.83298110961914
2022-11-01,CANBK.NS,Canara Bank,Public,51.11305236816406
2022-11-02,CANBK.NS,Canara Bank,Public,51.00802230834961
2022-11-03,CANBK.NS,Canara Bank,Public,51.646934509277344
2022-11-04,CANBK.NS,Canara Bank,Public,52.005775451660156
2022-11-07,CANBK.NS,Canara Bank,Public,54.16757583618164
2022-11-09,CANBK.NS,Canara Bank,Public,54.981536865234375
2022-11-10,CANBK.NS,Canara Bank,Public,53.72996520996094
2022-11-11,CANBK.NS,Canara Bank,Public,53.292354583740234
2022-11-14,CANBK.NS,Canara Bank,Public,53.248592376708984
2022-11-15,CANBK.NS,Canara Bank,Public,54.14132308959961
2022-11-16,CANBK.NS,Canara Bank,Public,53.747467041015625
2022-11-17,CANBK.NS,Canara Bank,Public,53.7824821472168
2022-11-18,CANBK.NS,Canara Bank,Public,54.16757583618164
2022-11-21,CANBK.NS,Canara Bank,Public,54.95528030395508
2022-11-22,CANBK.NS,Canara Bank,Public,55.786746978759766
2022-11-23,CANBK.NS,Canara Bank,Public,56.880767822265625
2022-11-24,CANBK.NS,Canara Bank,Public,57.510929107666016
2022-11-25,CANBK.NS,Canara Bank,Public,57.213356018066406
2022-11-28,CANBK.NS,Canara Bank,Public,56.74073791503906
2022-11-29,CANBK.NS,Canara Bank,Public,56.32062530517578
2022-11-30,CANBK.NS,Canara Bank,Public,55.08656692504883
2022-12-01,CANBK.NS,Canara Bank,Public,56.171844482421875
2022-12-02,CANBK.NS,Canara Bank,Public,55.86551284790039
2022-12-05,CANBK.NS,Canara Bank,Public,56.45191192626953
2022-12-06,CANBK.NS,Canara Bank,Public,55.77798843383789
2022-12-07,CANBK.NS,Canara Bank,Public,54.94652557373047
2022-12-08,CANBK.NS,Canara Bank,Public,56.78449630737305
2022-12-09,CANBK.NS,Canara Bank,Public,55.5854377746582
2022-12-12,CANBK.NS,Canara Bank,Public,56.1018180847168
2022-12-13,CANBK.NS,Canara Bank,Public,57.152095794677734
2022-12-14,CANBK.NS,Canara Bank,Public,57.3796501159668
2022-12-15,CANBK.NS,Canara Bank,Public,56.1018180847168
2022-12-16,CANBK.NS,Canara Bank,Public,54.438899993896484
2022-12-19,CANBK.NS,Canara Bank,Public,55.655460357666016
2022-12-20,CANBK.NS,Canara Bank,Public,56.39064407348633
2022-12-21,CANBK.NS,Canara Bank,Public,55.06905746459961
2022-12-22,CANBK.NS,Canara Bank,Public,54.58768844604492
2022-12-23,CANBK.NS,Canara Bank,Public,51.034278869628906
2022-12-26,CANBK.NS,Canara Bank,Public,53.318607330322266
2022-12-27,CANBK.NS,Canara Bank,Public,53.747467041015625
2022-12-28,CANBK.NS,Canara Bank,Public,55.331626892089844
2022-12-29,CANBK.NS,Canara Bank,Public,56.21560287475586
2022-12-30,CANBK.NS,Canara Bank,Public,58.34239959716797
2023-01-02,CANBK.NS,Canara Bank,Public,58.84127426147461
2023-01-03,CANBK.NS,Canara Bank,Public,58.95505142211914
2023-01-04,CANBK.NS,Canara Bank,Public,57.22210693359375
2023-01-05,CANBK.NS,Canara Bank,Public,57.3271369934082
2023-01-06,CANBK.NS,Canara Bank,Public,56.09306716918945
2023-01-09,CANBK.NS,Canara Bank,Public,57.178348541259766
2023-01-10,CANBK.NS,Canara Bank,Public,55.54167938232422
2023-01-11,CANBK.NS,Canara Bank,Public,55.664207458496094
2023-01-12,CANBK.NS,Canara Bank,Public,55.51542663574219
2023-01-13,CANBK.NS,Canara Bank,Public,56.81950759887695
2023-01-16,CANBK.NS,Canara Bank,Public,56.548187255859375
2023-01-17,CANBK.NS,Canara Bank,Public,55.944278717041016
2023-01-18,CANBK.NS,Canara Bank,Public,55.55918502807617
2023-01-19,CANBK.NS,Canara Bank,Public,56.04055404663086
2023-01-20,CANBK.NS,Canara Bank,Public,55.830501556396484
2023-01-23,CANBK.NS,Canara Bank,Public,56.548187255859375
2023-01-24,CANBK.NS,Canara Bank,Public,56.04055404663086
2023-01-25,CANBK.NS,Canara Bank,Public,53.572425842285156
2023-01-27,CANBK.NS,Canara Bank,Public,50.93800354003906
2023-01-30,CANBK.NS,Canara Bank,Public,51.139305114746094
2023-01-31,CANBK.NS,Canara Bank,Public,53.204833984375
2023-02-01,CANBK.NS,Canara Bank,Public,49.79146194458008
2023-02-02,CANBK.NS,Canara Bank,Public,49.905242919921875
2023-02-03,CANBK.NS,Canara Bank,Public,51.90074920654297
2023-02-06,CANBK.NS,Canara Bank,Public,51.5769157409668
2023-02-07,CANBK.NS,Canara Bank,Public,51.59442138671875
2023-02-08,CANBK.NS,Canara Bank,Public,51.7519645690918
2023-02-09,CANBK.NS,Canara Bank,Public,51.28809356689453
2023-02-10,CANBK.NS,Canara Bank,Public,51.44563293457031
2023-02-13,CANBK.NS,Canara Bank,Public,49.83522033691406
2023-02-14,CANBK.NS,Canara Bank,Public,50.876739501953125
2023-02-15,CANBK.NS,Canara Bank,Public,51.79572296142578
2023-02-16,CANBK.NS,Canara Bank,Public,51.629432678222656
2023-02-17,CANBK.NS,Canara Bank,Public,51.40187072753906
2023-02-20,CANBK.NS,Canara Bank,Public,50.587913513183594
2023-02-21,CANBK.NS,Canara Bank,Public,48.82872009277344
2023-02-22,CANBK.NS,Canara Bank,Public,47.988502502441406
2023-02-23,CANBK.NS,Canara Bank,Public,47.9272346496582
2023-02-24,CANBK.NS,Canara Bank,Public,47.45461654663086
2023-02-27,CANBK.NS,Canara Bank,Public,48.32984161376953
2023-02-28,CANBK.NS,Canara Bank,Public,48.93374252319336
2023-03-01,CANBK.NS,Canara Bank,Public,50.55290985107422
2023-03-02,CANBK.NS,Canara Bank,Public,50.83298110961914
2023-03-03,CANBK.NS,Canara Bank,Public,53.42363739013672
2023-03-06,CANBK.NS,Canara Bank,Public,53.502410888671875
2023-03-08,CANBK.NS,Canara Bank,Public,54.52642059326172
2023-03-09,CANBK.NS,Canara Bank,Public,54.32511520385742
2023-03-10,CANBK.NS,Canara Bank,Public,52.19832992553711
2023-03-13,CANBK.NS,Canara Bank,Public,50.5091438293457
2023-03-14,CANBK.NS,Canara Bank,Public,50.11529541015625
2023-03-15,CANBK.NS,Canara Bank,Public,49.213809967041016
2023-03-16,CANBK.NS,Canara Bank,Public,49.30133819580078
2023-03-17,CANBK.NS,Canara Bank,Public,49.31884002685547
2023-03-20,CANBK.NS,Canara Bank,Public,48.66242599487305
2023-03-21,CANBK.NS,Canara Bank,Public,49.71268844604492
2023-03-22,CANBK.NS,Canara Bank,Public,49.861480712890625
2023-03-23,CANBK.NS,Canara Bank,Public,49.11753845214844
2023-03-24,CANBK.NS,Canara Bank,Public,47.9272346496582
2023-03-27,CANBK.NS,Canara Bank,Public,48.52238845825195
2023-03-28,CANBK.NS,Canara Bank,Public,48.16354751586914
2023-03-29,CANBK.NS,Canara Bank,Public,49.196311950683594
2023-03-31,CANBK.NS,Canara Bank,Public,49.79146194458008
2023-04-03,CANBK.NS,Canara Bank,Public,50.272830963134766
2023-04-05,CANBK.NS,Canara Bank,Public,49.75645065307617
2023-04-06,CANBK.NS,Canara Bank,Public,49.80896759033203
2023-04-10,CANBK.NS,Canara Bank,Public,49.59016036987305
2023-04-11,CANBK.NS,Canara Bank,Public,50.39537048339844
2023-04-12,CANBK.NS,Canara Bank,Public,50.08028793334961
2023-04-13,CANBK.NS,Canara Bank,Public,50.98176574707031
2023-04-17,CANBK.NS,Canara Bank,Public,52.06704330444336
2023-04-18,CANBK.NS,Canara Bank,Public,52.37337112426758
2023-04-19,CANBK.NS,Canara Bank,Public,51.646934509277344
2023-04-20,CANBK.NS,Canara Bank,Public,51.92700958251953
2023-04-21,CANBK.NS,Canara Bank,Public,51.690696716308594
2023-04-24,CANBK.NS,Canara Bank,Public,53.029788970947266
2023-04-25,CANBK.NS,Canara Bank,Public,53.86124801635742
2023-04-26,CANBK.NS,Canara Bank,Public,54.20259094238281
2023-04-27,CANBK.NS,Canara Bank,Public,54.08881378173828
2023-04-28,CANBK.NS,Canara Bank,Public,55.567935943603516
2023-05-02,CANBK.NS,Canara Bank,Public,56.01430130004883
2023-05-03,CANBK.NS,Canara Bank,Public,55.926780700683594
2023-05-04,CANBK.NS,Canara Bank,Public,56.68821716308594
2023-05-05,CANBK.NS,Canara Bank,Public,55.7604866027832
2023-05-08,CANBK.NS,Canara Bank,Public,54.82399368286133
2023-05-09,CANBK.NS,Canara Bank,Public,53.01228332519531
2023-05-10,CANBK.NS,Canara Bank,Public,52.6534423828125
2023-05-11,CANBK.NS,Canara Bank,Public,52.705955505371094
2023-05-12,CANBK.NS,Canara Bank,Public,51.98827362060547
2023-05-15,CANBK.NS,Canara Bank,Public,53.108558654785156
2023-05-16,CANBK.NS,Canara Bank,Public,53.41488265991211
2023-05-17,CANBK.NS,Canara Bank,Public,52.986026763916016
2023-05-18,CANBK.NS,Canara Bank,Public,51.66443634033203
2023-05-19,CANBK.NS,Canara Bank,Public,52.12831115722656
2023-05-22,CANBK.NS,Canara Bank,Public,52.6796989440918
2023-05-23,CANBK.NS,Canara Bank,Public,52.872249603271484
2023-05-24,CANBK.NS,Canara Bank,Public,52.44338607788086
2023-05-25,CANBK.NS,Canara Bank,Public,52.45214080810547
2023-05-26,CANBK.NS,Canara Bank,Public,53.68620681762695
2023-05-29,CANBK.NS,Canara Bank,Public,53.756221771240234
2023-05-30,CANBK.NS,Canara Bank,Public,53.86124801635742
2023-05-31,CANBK.NS,Canara Bank,Public,54.21133804321289
2023-06-01,CANBK.NS,Canara Bank,Public,54.1588249206543
2023-06-02,CANBK.NS,Canara Bank,Public,54.92027282714844
2023-06-05,CANBK.NS,Canara Bank,Public,54.61394500732422
2023-06-06,CANBK.NS,Canara Bank,Public,54.5701789855957
2023-06-07,CANBK.NS,Canara Bank,Public,55.139076232910156
2023-06-08,CANBK.NS,Canara Bank,Public,54.66645431518555
2023-06-09,CANBK.NS,Canara Bank,Public,54.438899993896484
2023-06-12,CANBK.NS,Canara Bank,Public,55.1215705871582
2023-06-13,CANBK.NS,Canara Bank,Public,55.1215705871582
2023-06-14,CANBK.NS,Canara Bank,Public,55.40364074707031
2023-06-15,CANBK.NS,Canara Bank,Public,54.011497497558594
2023-06-16,CANBK.NS,Canara Bank,Public,55.2762565612793
2023-06-19,CANBK.NS,Canara Bank,Public,55.50373077392578
2023-06-20,CANBK.NS,Canara Bank,Public,55.75849914550781
2023-06-21,CANBK.NS,Canara Bank,Public,55.803993225097656
2023-06-22,CANBK.NS,Canara Bank,Public,54.75761413574219
2023-06-23,CANBK.NS,Canara Bank,Public,53.93870544433594
2023-06-26,CANBK.NS,Canara Bank,Public,53.45646286010742
2023-06-27,CANBK.NS,Canara Bank,Public,53.8750114440918
2023-06-28,CANBK.NS,Canara Bank,Public,53.975101470947266
2023-06-30,CANBK.NS,Canara Bank,Public,54.93049240112305
2023-07-03,CANBK.NS,Canara Bank,Public,57.96044921875
2023-07-04,CANBK.NS,Canara Bank,Public,58.533687591552734
2023-07-05,CANBK.NS,Canara Bank,Public,58.615577697753906
2023-07-06,CANBK.NS,Canara Bank,Public,59.29800033569336
2023-07-07,CANBK.NS,Canara Bank,Public,60.72653579711914
2023-07-10,CANBK.NS,Canara Bank,Public,60.781131744384766
2023-07-11,CANBK.NS,Canara Bank,Public,60.47176742553711
2023-07-12,CANBK.NS,Canara Bank,Public,60.28068923950195
2023-07-13,CANBK.NS,Canara Bank,Public,58.542781829833984
2023-07-14,CANBK.NS,Canara Bank,Public,59.434486389160156
2023-07-17,CANBK.NS,Canara Bank,Public,60.72653579711914
2023-07-18,CANBK.NS,Canara Bank,Public,59.771148681640625
2023-07-19,CANBK.NS,Canara Bank,Public,61.5909423828125
2023-07-20,CANBK.NS,Canara Bank,Public,61.873008728027344
2023-07-21,CANBK.NS,Canara Bank,Public,61.53634262084961
2023-07-24,CANBK.NS,Canara Bank,Public,61.81842041015625
2023-07-25,CANBK.NS,Canara Bank,Public,60.57185363769531
2023-07-26,CANBK.NS,Canara Bank,Public,61.38166046142578
2023-07-27,CANBK.NS,Canara Bank,Public,62.74650955200195
2023-07-28,CANBK.NS,Canara Bank,Public,62.464447021484375
2023-07-31,CANBK.NS,Canara Bank,Public,62.66462326049805
2023-08-01,CANBK.NS,Canara Bank,Public,61.991294860839844
2023-08-02,CANBK.NS,Canara Bank,Public,59.55276870727539
2023-08-03,CANBK.NS,Canara Bank,Public,59.55276870727539
2023-08-04,CANBK.NS,Canara Bank,Public,59.825740814208984
2023-08-07,CANBK.NS,Canara Bank,Public,59.80754852294922
2023-08-08,CANBK.NS,Canara Bank,Public,61.64553451538086
2023-08-09,CANBK.NS,Canara Bank,Public,61.163291931152344
2023-08-10,CANBK.NS,Canara Bank,Public,60.28068923950195
2023-08-11,CANBK.NS,Canara Bank,Public,60.435367584228516
2023-08-14,CANBK.NS,Canara Bank,Public,59.9713249206543
2023-08-16,CANBK.NS,Canara Bank,Public,59.68925857543945
2023-08-17,CANBK.NS,Canara Bank,Public,60.025917053222656
2023-08-18,CANBK.NS,Canara Bank,Public,59.73474884033203
2023-08-21,CANBK.NS,Canara Bank,Public,59.716548919677734
2023-08-22,CANBK.NS,Canara Bank,Public,59.35260009765625
2023-08-23,CANBK.NS,Canara Bank,Public,60.52635955810547
2023-08-24,CANBK.NS,Canara Bank,Public,60.38077926635742
2023-08-25,CANBK.NS,Canara Bank,Public,59.252506256103516
2023-08-28,CANBK.NS,Canara Bank,Public,59.44358444213867
2023-08-29,CANBK.NS,Canara Bank,Public,59.434486389160156
2023-08-30,CANBK.NS,Canara Bank,Public,59.243408203125
2023-08-31,CANBK.NS,Canara Bank,Public,58.30621337890625
2023-09-01,CANBK.NS,Canara Bank,Public,59.762046813964844
2023-09-04,CANBK.NS,Canara Bank,Public,61.24517822265625
2023-09-05,CANBK.NS,Canara Bank,Public,61.5909423828125
2023-09-06,CANBK.NS,Canara Bank,Public,60.81752395629883
2023-09-07,CANBK.NS,Canara Bank,Public,61.627342224121094
2023-09-08,CANBK.NS,Canara Bank,Public,61.709228515625
2023-09-11,CANBK.NS,Canara Bank,Public,65.50350189208984
2023-09-12,CANBK.NS,Canara Bank,Public,63.47442626953125
2023-09-13,CANBK.NS,Canara Bank,Public,66.37699890136719
2023-09-14,CANBK.NS,Canara Bank,Public,66.42249298095703
2023-09-15,CANBK.NS,Canara Bank,Public,66.39519500732422
2023-09-18,CANBK.NS,Canara Bank,Public,67.7418441772461
2023-09-20,CANBK.NS,Canara Bank,Public,67.51436614990234
2023-09-21,CANBK.NS,Canara Bank,Public,66.3224105834961
2023-09-22,CANBK.NS,Canara Bank,Public,69.68903350830078
2023-09-25,CANBK.NS,Canara Bank,Public,68.25139617919922
2023-09-26,CANBK.NS,Canara Bank,Public,67.34149932861328
2023-09-27,CANBK.NS,Canara Bank,Public,68.10580444335938
2023-09-28,CANBK.NS,Canara Bank,Public,68.160400390625
2023-09-29,CANBK.NS,Canara Bank,Public,68.46976470947266
2023-10-03,CANBK.NS,Canara Bank,Public,69.96199035644531
2023-10-04,CANBK.NS,Canara Bank,Public,67.91471862792969
2023-10-05,CANBK.NS,Canara Bank,Public,67.56896209716797
2023-10-06,CANBK.NS,Canara Bank,Public,68.29688262939453
2023-10-09,CANBK.NS,Canara Bank,Public,66.4861831665039
2023-10-10,CANBK.NS,Canara Bank,Public,67.78733825683594
2023-10-11,CANBK.NS,Canara Bank,Public,67.30509185791016
2023-10-12,CANBK.NS,Canara Bank,Public,67.20500946044922
2023-10-13,CANBK.NS,Canara Bank,Public,66.70455932617188
2023-10-16,CANBK.NS,Canara Bank,Public,67.57806396484375
2023-10-17,CANBK.NS,Canara Bank,Public,68.70633697509766
2023-10-18,CANBK.NS,Canara Bank,Public,67.66905975341797
2023-10-19,CANBK.NS,Canara Bank,Public,68.05120849609375
2023-10-20,CANBK.NS,Canara Bank,Public,67.20500946044922
2023-10-23,CANBK.NS,Canara Bank,Public,64.70279693603516
2023-10-25,CANBK.NS,Canara Bank,Public,64.37522888183594
2023-10-26,CANBK.NS,Canara Bank,Public,65.39431762695312
2023-10-27,CANBK.NS,Canara Bank,Public,69.29777526855469
2023-10-30,CANBK.NS,Canara Bank,Public,69.62532806396484
2023-10-31,CANBK.NS,Canara Bank,Public,69.94380187988281
2023-11-01,CANBK.NS,Canara Bank,Public,69.75272369384766
2023-11-02,CANBK.NS,Canara Bank,Public,70.63531494140625
2023-11-03,CANBK.NS,Canara Bank,Public,70.51702880859375
2023-11-06,CANBK.NS,Canara Bank,Public,70.04388427734375
2023-11-07,CANBK.NS,Canara Bank,Public,70.52613067626953
2023-11-08,CANBK.NS,Canara Bank,Public,70.06208801269531
2023-11-09,CANBK.NS,Canara Bank,Public,69.8801040649414
2023-11-10,CANBK.NS,Canara Bank,Public,70.49883270263672
2023-11-13,CANBK.NS,Canara Bank,Public,73.6015853881836
2023-11-15,CANBK.NS,Canara Bank,Public,74.13842010498047
2023-11-16,CANBK.NS,Canara Bank,Public,73.87454986572266
2023-11-17,CANBK.NS,Canara Bank,Public,72.39141845703125
2023-11-20,CANBK.NS,Canara Bank,Public,72.63710021972656
2023-11-21,CANBK.NS,Canara Bank,Public,72.28223419189453
2023-11-22,CANBK.NS,Canara Bank,Public,71.81818389892578
2023-11-23,CANBK.NS,Canara Bank,Public,71.56341552734375
2023-11-24,CANBK.NS,Canara Bank,Public,70.93558502197266
2023-11-28,CANBK.NS,Canara Bank,Public,72.08206176757812
2023-11-29,CANBK.NS,Canara Bank,Public,73.29222106933594
2023-11-30,CANBK.NS,Canara Bank,Public,73.34681701660156
2023-12-01,CANBK.NS,Canara Bank,Public,74.66616821289062
2023-12-04,CANBK.NS,Canara Bank,Public,77.69612121582031
2023-12-05,CANBK.NS,Canara Bank,Public,79.07917022705078
2023-12-06,CANBK.NS,Canara Bank,Public,79.60690307617188
2023-12-07,CANBK.NS,Canara Bank,Public,79.27025604248047
2023-12-08,CANBK.NS,Canara Bank,Public,79.80708312988281
2023-12-11,CANBK.NS,Canara Bank,Public,81.29021453857422
2023-12-12,CANBK.NS,Canara Bank,Public,80.89895629882812
2023-12-13,CANBK.NS,Canara Bank,Public,81.75425720214844
2023-12-14,CANBK.NS,Canara Bank,Public,81.56317901611328
2023-12-15,CANBK.NS,Canara Bank,Public,81.73606872558594
2023-12-18,CANBK.NS,Canara Bank,Public,80.39852142333984
2023-12-19,CANBK.NS,Canara Bank,Public,81.15373992919922
2023-12-20,CANBK.NS,Canara Bank,Public,77.51414489746094
2023-12-21,CANBK.NS,Canara Bank,Public,78.60601806640625
2023-12-22,CANBK.NS,Canara Bank,Public,77.53234100341797
2023-12-26,CANBK.NS,Canara Bank,Public,77.41405487060547
2023-12-27,CANBK.NS,Canara Bank,Public,78.70611572265625
2023-12-28,CANBK.NS,Canara Bank,Public,80.27112579345703
2023-12-29,CANBK.NS,Canara Bank,Public,79.61601257324219
2024-01-01,CANBK.NS,Canara Bank,Public,80.50770568847656
2024-01-02,CANBK.NS,Canara Bank,Public,80.78976440429688
2024-01-03,CANBK.NS,Canara Bank,Public,83.39208221435547
2024-01-04,CANBK.NS,Canara Bank,Public,84.6750259399414
2024-01-05,CANBK.NS,Canara Bank,Public,84.06539916992188
2024-01-08,CANBK.NS,Canara Bank,Public,81.98174285888672
2024-01-09,CANBK.NS,Canara Bank,Public,81.96353912353516
2024-01-10,CANBK.NS,Canara Bank,Public,81.66327667236328
2024-01-11,CANBK.NS,Canara Bank,Public,82.70965576171875
2024-01-12,CANBK.NS,Canara Bank,Public,84.11998748779297
2024-01-15,CANBK.NS,Canara Bank,Public,84.69322967529297
2024-01-16,CANBK.NS,Canara Bank,Public,84.61133575439453
2024-01-17,CANBK.NS,Canara Bank,Public,83.12821197509766
2024-01-18,CANBK.NS,Canara Bank,Public,83.39208221435547
2024-01-19,CANBK.NS,Canara Bank,Public,84.92070770263672
2024-01-23,CANBK.NS,Canara Bank,Public,82.96442413330078
2024-01-24,CANBK.NS,Canara Bank,Public,82.67326354980469
2024-01-25,CANBK.NS,Canara Bank,Public,84.6750259399414
2024-01-29,CANBK.NS,Canara Bank,Public,86.35834503173828
2024-01-30,CANBK.NS,Canara Bank,Public,86.86788177490234
2024-01-31,CANBK.NS,Canara Bank,Public,87.7140884399414
2024-02-01,CANBK.NS,Canara Bank,Public,91.26268768310547
2024-02-02,CANBK.NS,Canara Bank,Public,93.60112762451172
2024-02-05,CANBK.NS,Canara Bank,Public,94.6748046875
2024-02-06,CANBK.NS,Canara Bank,Public,94.89318084716797
2024-02-07,CANBK.NS,Canara Bank,Public,100.47994995117188
2024-02-08,CANBK.NS,Canara Bank,Public,103.591796875
2024-02-09,CANBK.NS,Canara Bank,Public,103.9102554321289
2024-02-12,CANBK.NS,Canara Bank,Public,99.31527709960938
2024-02-13,CANBK.NS,Canara Bank,Public,100.48904418945312
2024-02-14,CANBK.NS,Canara Bank,Public,103.0822525024414
2024-02-15,CANBK.NS,Canara Bank,Public,106.8310317993164
2024-02-16,CANBK.NS,Canara Bank,Public,106.6126480102539
2024-02-19,CANBK.NS,Canara Bank,Public,104.2469253540039
2024-02-20,CANBK.NS,Canara Bank,Public,103.54630279541016
2024-02-21,CANBK.NS,Canara Bank,Public,103.24604034423828
2024-02-22,CANBK.NS,Canara Bank,Public,105.94843292236328
2024-02-23,CANBK.NS,Canara Bank,Public,105.62996673583984
2024-02-26,CANBK.NS,Canara Bank,Public,104.31970977783203
2024-02-27,CANBK.NS,Canara Bank,Public,104.07403564453125
2024-02-28,CANBK.NS,Canara Bank,Public,100.17057800292969
2024-02-29,CANBK.NS,Canara Bank,Public,102.71829986572266
2024-03-01,CANBK.NS,Canara Bank,Public,105.30240631103516
2024-03-04,CANBK.NS,Canara Bank,Public,107.71363067626953
2024-03-05,CANBK.NS,Canara Bank,Public,109.63351440429688
2024-03-06,CANBK.NS,Canara Bank,Public,109.18766021728516
2024-03-07,CANBK.NS,Canara Bank,Public,108.8145980834961
2024-03-11,CANBK.NS,Canara Bank,Public,106.68544006347656
2024-03-12,CANBK.NS,Canara Bank,Public,103.16413879394531
2024-03-13,CANBK.NS,Canara Bank,Public,97.62287139892578
2024-03-14,CANBK.NS,Canara Bank,Public,99.54275512695312
2024-03-15,CANBK.NS,Canara Bank,Public,99.93400573730469
2024-03-18,CANBK.NS,Canara Bank,Public,100.64373016357422
2024-03-19,CANBK.NS,Canara Bank,Public,99.79752349853516
2024-03-20,CANBK.NS,Canara Bank,Public,100.27976989746094
2024-03-21,CANBK.NS,Canara Bank,Public,102.61820220947266
2024-03-22,CANBK.NS,Canara Bank,Public,104.301513671875
2024-03-26,CANBK.NS,Canara Bank,Public,104.06494903564453
2024-03-27,CANBK.NS,Canara Bank,Public,102.68190002441406
2024-03-28,CANBK.NS,Canara Bank,Public,105.73915100097656
2024-04-01,CANBK.NS,Canara Bank,Public,107.19498443603516
2024-04-02,CANBK.NS,Canara Bank,Public,108.22317504882812
2024-04-03,CANBK.NS,Canara Bank,Public,110.4524154663086
2024-04-04,CANBK.NS,Canara Bank,Public,110.53430938720703
2024-04-05,CANBK.NS,Canara Bank,Public,111.9173583984375
2024-04-08,CANBK.NS,Canara Bank,Public,111.45330047607422
2024-04-09,CANBK.NS,Canara Bank,Public,110.67079162597656
2024-04-10,CANBK.NS,Canara Bank,Public,111.53519439697266
2024-04-12,CANBK.NS,Canara Bank,Public,110.25224304199219
2024-04-15,CANBK.NS,Canara Bank,Public,107.93201446533203
2024-04-16,CANBK.NS,Canara Bank,Public,106.28508758544922
2024-04-18,CANBK.NS,Canara Bank,Public,106.17591094970703
2024-04-19,CANBK.NS,Canara Bank,Public,105.32060241699219
2024-04-22,CANBK.NS,Canara Bank,Public,109.1512680053711
2024-04-23,CANBK.NS,Canara Bank,Public,109.47882843017578
2024-04-24,CANBK.NS,Canara Bank,Public,108.63262176513672
2024-04-25,CANBK.NS,Canara Bank,Public,112.25401306152344
2024-04-26,CANBK.NS,Canara Bank,Public,112.39049530029297
2024-04-29,CANBK.NS,Canara Bank,Public,112.98193359375
2024-04-30,CANBK.NS,Canara Bank,Public,113.1821060180664
2024-05-02,CANBK.NS,Canara Bank,Public,114.39228057861328
2024-05-03,CANBK.NS,Canara Bank,Public,113.85543060302734
2024-05-06,CANBK.NS,Canara Bank,Public,107.6954345703125
2024-05-07,CANBK.NS,Canara Bank,Public,104.9566421508789
2024-05-08,CANBK.NS,Canara Bank,Public,101.48993682861328
2024-05-09,CANBK.NS,Canara Bank,Public,99.26978302001953
2024-05-10,CANBK.NS,Canara Bank,Public,99.75202941894531
2024-05-13,CANBK.NS,Canara Bank,Public,99.97041320800781
2024-05-14,CANBK.NS,Canara Bank,Public,103.1004409790039
2024-05-15,CANBK.NS,Canara Bank,Public,108.27777099609375
2024-05-16,CANBK.NS,Canara Bank,Public,103.45530700683594
2024-05-17,CANBK.NS,Canara Bank,Public,103.54630279541016
2024-05-21,CANBK.NS,Canara Bank,Public,105.73004913330078
2024-05-22,CANBK.NS,Canara Bank,Public,105.5480728149414
2024-05-23,CANBK.NS,Canara Bank,Public,107.09489440917969
2024-05-24,CANBK.NS,Canara Bank,Public,106.63994598388672
2024-05-27,CANBK.NS,Canara Bank,Public,106.45797729492188
2024-05-28,CANBK.NS,Canara Bank,Public,105.50257873535156
2024-05-29,CANBK.NS,Canara Bank,Public,106.04851531982422
2024-05-30,CANBK.NS,Canara Bank,Public,104.68367767333984
2024-05-31,CANBK.NS,Canara Bank,Public,107.36787414550781
2024-06-03,CANBK.NS,Canara Bank,Public,116.6943130493164
2024-06-04,CANBK.NS,Canara Bank,Public,99.95220184326172
2024-06-05,CANBK.NS,Canara Bank,Public,104.82015991210938
2024-06-06,CANBK.NS,Canara Bank,Public,107.36787414550781
2024-06-07,CANBK.NS,Canara Bank,Public,108.18678283691406
2024-06-10,CANBK.NS,Canara Bank,Public,110.1248550415039
2024-06-11,CANBK.NS,Canara Bank,Public,110.30683898925781
2024-06-12,CANBK.NS,Canara Bank,Public,111.72628021240234
2024-06-13,CANBK.NS,Canara Bank,Public,110.93466186523438
2024-06-14,CANBK.NS,Canara Bank,Public,112.90662384033203
2024-06-18,CANBK.NS,Canara Bank,Public,113.90663146972656
2024-06-19,CANBK.NS,Canara Bank,Public,113.23373413085938
2024-06-20,CANBK.NS,Canara Bank,Public,113.2711181640625
2024-06-21,CANBK.NS,Canara Bank,Public,111.32719421386719
2024-06-24,CANBK.NS,Canara Bank,Public,110.53279113769531
2024-06-25,CANBK.NS,Canara Bank,Public,110.32718658447266
2024-06-26,CANBK.NS,Canara Bank,Public,110.92532348632812
2024-06-27,CANBK.NS,Canara Bank,Public,110.38326263427734
2024-06-28,CANBK.NS,Canara Bank,Public,111.65428924560547
2024-07-01,CANBK.NS,Canara Bank,Public,110.61691284179688
2024-07-02,CANBK.NS,Canara Bank,Public,108.64494323730469
2024-07-03,CANBK.NS,Canara Bank,Public,109.39260864257812
2024-07-04,CANBK.NS,Canara Bank,Public,109.59821319580078
2024-07-05,CANBK.NS,Canara Bank,Public,110.05615997314453
2024-07-08,CANBK.NS,Canara Bank,Public,107.37391662597656
2024-07-09,CANBK.NS,Canara Bank,Public,108.41130065917969
2024-07-10,CANBK.NS,Canara Bank,Public,107.2524185180664
2024-07-11,CANBK.NS,Canara Bank,Public,106.68232727050781
2024-07-12,CANBK.NS,Canara Bank,Public,105.34587097167969
2024-07-15,CANBK.NS,Canara Bank,Public,109.57952117919922
2024-07-16,CANBK.NS,Canara Bank,Public,108.44868469238281
2024-07-18,CANBK.NS,Canara Bank,Public,108.19634246826172
2024-07-19,CANBK.NS,Canara Bank,Public,105.50475311279297
2024-07-22,CANBK.NS,Canara Bank,Public,107.2524185180664
2024-07-23,CANBK.NS,Canara Bank,Public,105.47672271728516
2024-07-24,CANBK.NS,Canara Bank,Public,105.1028823852539
2024-07-25,CANBK.NS,Canara Bank,Public,104.5701675415039
2024-07-26,CANBK.NS,Canara Bank,Public,106.41130065917969
2024-07-29,CANBK.NS,Canara Bank,Public,108.32719421386719
2024-07-30,CANBK.NS,Canara Bank,Public,108.19634246826172
2024-07-31,CANBK.NS,Canara Bank,Public,107.2056884765625
2024-08-01,CANBK.NS,Canara Bank,Public,105.31784057617188
2024-08-02,CANBK.NS,Canara Bank,Public,103.26176452636719
2024-08-05,CANBK.NS,Canara Bank,Public,98.37391662597656
2024-08-06,CANBK.NS,Canara Bank,Public,98.15895080566406
2024-08-07,CANBK.NS,Canara Bank,Public,101.14026641845703
2024-08-08,CANBK.NS,Canara Bank,Public,100.14026641845703
2024-08-09,CANBK.NS,Canara Bank,Public,103.41129302978516
2024-08-12,CANBK.NS,Canara Bank,Public,102.38326263427734
2024-08-13,CANBK.NS,Canara Bank,Public,99.71035766601562
2024-08-14,CANBK.NS,Canara Bank,Public,98.73839569091797
2024-08-16,CANBK.NS,Canara Bank,Public,100.57952117919922
2024-08-19,CANBK.NS,Canara Bank,Public,102.71036529541016
2024-08-20,CANBK.NS,Canara Bank,Public,104.07484436035156
2024-08-21,CANBK.NS,Canara Bank,Public,104.32717895507812
2024-08-22,CANBK.NS,Canara Bank,Public,104.98139190673828
2024-08-23,CANBK.NS,Canara Bank,Public,104.76643371582031
2024-08-26,CANBK.NS,Canara Bank,Public,104.12158203125
2024-08-27,CANBK.NS,Canara Bank,Public,103.59821319580078
2024-08-28,CANBK.NS,Canara Bank,Public,103.0187759399414
2024-08-29,CANBK.NS,Canara Bank,Public,103.06549835205078
2024-08-30,CANBK.NS,Canara Bank,Public,104.23372650146484
2024-09-02,CANBK.NS,Canara Bank,Public,105.3926010131836
2024-09-03,CANBK.NS,Canara Bank,Public,104.13092041015625
2024-09-04,CANBK.NS,Canara Bank,Public,101.49540710449219
2024-09-05,CANBK.NS,Canara Bank,Public,101.12156677246094
2024-09-06,CANBK.NS,Canara Bank,Public,96.61689758300781
2024-09-09,CANBK.NS,Canara Bank,Public,97.21501922607422
2024-09-10,CANBK.NS,Canara Bank,Public,96.83184814453125
2024-09-11,CANBK.NS,Canara Bank,Public,95.0935287475586
2024-09-12,CANBK.NS,Canara Bank,Public,97.1869888305664
2024-09-13,CANBK.NS,Canara Bank,Public,99.42997741699219
2024-09-16,CANBK.NS,Canara Bank,Public,99.71035766601562
2024-09-17,CANBK.NS,Canara Bank,Public,98.63558959960938
2024-09-18,CANBK.NS,Canara Bank,Public,98.55147552490234
2024-09-19,CANBK.NS,Canara Bank,Public,97.8598861694336
2024-09-20,CANBK.NS,Canara Bank,Public,98.09353637695312
2024-09-23,CANBK.NS,Canara Bank,Public,102.14961242675781
2024-09-24,CANBK.NS,Canara Bank,Public,102.14026641845703
2024-09-25,CANBK.NS,Canara Bank,Public,101.30848693847656
2024-09-26,CANBK.NS,Canara Bank,Public,102.96269989013672
2024-09-27,CANBK.NS,Canara Bank,Public,105.70101928710938
2024-09-30,CANBK.NS,Canara Bank,Public,104.04680633544922
2024-10-01,CANBK.NS,Canara Bank,Public,103.26176452636719
2024-10-03,CANBK.NS,Canara Bank,Public,100.89727020263672
2024-10-04,CANBK.NS,Canara Bank,Public,100.57952117919922
2024-10-07,CANBK.NS,Canara Bank,Public,96.71969604492188
2024-10-08,CANBK.NS,Canara Bank,Public,98.08418273925781
2024-10-09,CANBK.NS,Canara Bank,Public,97.57017517089844
2024-10-10,CANBK.NS,Canara Bank,Public,97.31783294677734
2024-10-11,CANBK.NS,Canara Bank,Public,97.25241088867188
2024-10-14,CANBK.NS,Canara Bank,Public,97.65428161621094
2024-10-15,CANBK.NS,Canara Bank,Public,97.59821319580078
2024-10-16,CANBK.NS,Canara Bank,Public,97.5421371459961
2024-10-17,CANBK.NS,Canara Bank,Public,95.79447174072266
2024-10-18,CANBK.NS,Canara Bank,Public,97.82250213623047
2024-10-21,CANBK.NS,Canara Bank,Public,96.13092041015625
2024-10-22,CANBK.NS,Canara Bank,Public,90.45801544189453
2024-10-23,CANBK.NS,Canara Bank,Public,91.29913330078125
2024-10-24,CANBK.NS,Canara Bank,Public,91.76642608642578
2024-10-25,CANBK.NS,Canara Bank,Public,88.07483673095703
2024-10-28,CANBK.NS,Canara Bank,Public,94.1028823852539
2024-10-29,CANBK.NS,Canara Bank,Public,96.97203826904297
2024-10-30,CANBK.NS,Canara Bank,Public,96.59820556640625
2024-10-31,CANBK.NS,Canara Bank,Public,95.93465423583984
2024-11-01,CANBK.NS,Canara Bank,Public,97.15895080566406
2024-11-04,CANBK.NS,Canara Bank,Public,95.24307250976562
2024-11-05,CANBK.NS,Canara Bank,Public,96.88792419433594
2024-11-06,CANBK.NS,Canara Bank,Public,98.36456298828125
2024-11-07,CANBK.NS,Canara Bank,Public,98.19633483886719
2024-11-08,CANBK.NS,Canara Bank,Public,96.90662384033203
2024-11-11,CANBK.NS,Canara Bank,Public,97.09353637695312
2024-11-12,CANBK.NS,Canara Bank,Public,94.8598861694336
2024-11-13,CANBK.NS,Canara Bank,Public,91.89727020263672
2024-11-14,CANBK.NS,Canara Bank,Public,91.11222076416016
2024-11-18,CANBK.NS,Canara Bank,Public,91.757080078125
2024-11-19,CANBK.NS,Canara Bank,Public,91.4112777709961
2024-11-21,CANBK.NS,Canara Bank,Public,88.28044128417969
2024-11-22,CANBK.NS,Canara Bank,Public,90.66361999511719
2024-11-25,CANBK.NS,Canara Bank,Public,94.37390899658203
2024-11-26,CANBK.NS,Canara Bank,Public,95.13092041015625
2024-11-27,CANBK.NS,Canara Bank,Public,94.91596221923828
2024-11-28,CANBK.NS,Canara Bank,Public,96.16829681396484
2024-11-29,CANBK.NS,Canara Bank,Public,95.3365249633789
2024-12-02,CANBK.NS,Canara Bank,Public,95.05615234375
2024-12-03,CANBK.NS,Canara Bank,Public,98.2430648803711
2024-12-04,CANBK.NS,Canara Bank,Public,101.52344512939453
2024-12-05,CANBK.NS,Canara Bank,Public,101.09353637695312
2024-12-06,CANBK.NS,Canara Bank,Public,102.16830444335938
2024-12-09,CANBK.NS,Canara Bank,Public,101.8598861694336
2024-12-10,CANBK.NS,Canara Bank,Public,102.50475311279297
2024-12-11,CANBK.NS,Canara Bank,Public,101.6355972290039
2024-12-12,CANBK.NS,Canara Bank,Public,100.46736907958984
2024-12-13,CANBK.NS,Canara Bank,Public,99.60755920410156
2024-12-16,CANBK.NS,Canara Bank,Public,100.31783294677734
2024-12-17,CANBK.NS,Canara Bank,Public,98.28045654296875
2024-12-18,CANBK.NS,Canara Bank,Public,96.43932342529297
2024-12-19,CANBK.NS,Canara Bank,Public,96.16829681396484
2024-12-20,CANBK.NS,Canara Bank,Public,93.0935287475586
2024-12-23,CANBK.NS,Canara Bank,Public,94.46736907958984
2024-12-24,CANBK.NS,Canara Bank,Public,93.97203826904297
2024-12-26,CANBK.NS,Canara Bank,Public,94.42063903808594
2024-12-27,CANBK.NS,Canara Bank,Public,93.79446411132812
2024-12-30,CANBK.NS,Canara Bank,Public,92.93465423583984
2024-12-31,CANBK.NS,Canara Bank,Public,93.5701675415039
2025-01-01,CANBK.NS,Canara Bank,Public,93.81314849853516
2025-01-02,CANBK.NS,Canara Bank,Public,94.48605346679688
2025-01-03,CANBK.NS,Canara Bank,Public,94.81315612792969
2025-01-06,CANBK.NS,Canara Bank,Public,90.96269226074219
2025-01-07,CANBK.NS,Canara Bank,Public,91.46736145019531
2025-01-08,CANBK.NS,Canara Bank,Public,90.78511810302734
2025-01-09,CANBK.NS,Canara Bank,Public,89.47669982910156
2025-01-10,CANBK.NS,Canara Bank,Public,86.757080078125
2025-01-13,CANBK.NS,Canara Bank,Public,82.72903442382812
2025-01-14,CANBK.NS,Canara Bank,Public,87.1215591430664
2025-01-15,CANBK.NS,Canara Bank,Public,88.49539947509766
2025-01-16,CANBK.NS,Canara Bank,Public,90.96269226074219
2025-01-17,CANBK.NS,Canara Bank,Public,91.4767074584961
2025-01-20,CANBK.NS,Canara Bank,Public,94.42997741699219
2025-01-21,CANBK.NS,Canara Bank,Public,92.96269226074219
2025-01-22,CANBK.NS,Canara Bank,Public,91.4206314086914
2025-01-23,CANBK.NS,Canara Bank,Public,91.72904968261719
2025-01-24,CANBK.NS,Canara Bank,Public,90.4206314086914
2025-01-27,CANBK.NS,Canara Bank,Public,85.91595458984375
2025-01-28,CANBK.NS,Canara Bank,Public,85.81314849853516
2025-01-29,CANBK.NS,Canara Bank,Public,85.91595458984375
2025-01-30,CANBK.NS,Canara Bank,Public,84.96269226074219
2025-01-31,CANBK.NS,Canara Bank,Public,87.16828918457031
2025-02-01,CANBK.NS,Canara Bank,Public,86.56082153320312
2025-02-03,CANBK.NS,Canara Bank,Public,84.68231201171875
2025-02-04,CANBK.NS,Canara Bank,Public,86.76641845703125
2025-02-05,CANBK.NS,Canara Bank,Public,89.5608139038086
2025-02-06,CANBK.NS,Canara Bank,Public,88.6542739868164
2025-02-07,CANBK.NS,Canara Bank,Public,87.90660858154297
2025-02-10,CANBK.NS,Canara Bank,Public,87.0748291015625
2025-02-11,CANBK.NS,Canara Bank,Public,84.19631958007812
2025-02-12,CANBK.NS,Canara Bank,Public,84.61688995361328
2025-02-13,CANBK.NS,Canara Bank,Public,82.91595458984375
2025-02-14,CANBK.NS,Canara Bank,Public,80.01875305175781
2025-02-17,CANBK.NS,Canara Bank,Public,79.52342224121094
2025-02-18,CANBK.NS,Canara Bank,Public,79.11221313476562
2025-02-19,CANBK.NS,Canara Bank,Public,79.96267700195312
2025-02-20,CANBK.NS,Canara Bank,Public,82.29912567138672
2025-02-21,CANBK.NS,Canara Bank,Public,81.61688995361328
2025-02-24,CANBK.NS,Canara Bank,Public,81.2617416381836
2025-02-25,CANBK.NS,Canara Bank,Public,79.4580078125
2025-02-27,CANBK.NS,Canara Bank,Public,78.00006103515625
2025-02-28,CANBK.NS,Canara Bank,Public,75.60753631591797
2025-03-03,CANBK.NS,Canara Bank,Public,76.09351348876953
2025-03-04,CANBK.NS,Canara Bank,Public,76.57950592041016
2025-03-05,CANBK.NS,Canara Bank,Public,79.4580078125
2025-03-06,CANBK.NS,Canara Bank,Public,79.76641082763672
2025-03-07,CANBK.NS,Canara Bank,Public,79.4580078125
2025-03-10,CANBK.NS,Canara Bank,Public,77.09351348876953
2025-03-11,CANBK.NS,Canara Bank,Public,77.83183288574219
2025-03-12,CANBK.NS,Canara Bank,Public,77.06547546386719
2025-03-13,CANBK.NS,Canara Bank,Public,77.47669219970703
2025-03-17,CANBK.NS,Canara Bank,Public,77.09351348876953
2025-03-18,CANBK.NS,Canara Bank,Public,77.09351348876953
2025-03-19,CANBK.NS,Canara Bank,Public,79.9720230102539
2025-03-20,CANBK.NS,Canara Bank,Public,80.22435760498047
2025-03-21,CANBK.NS,Canara Bank,Public,81.81314849853516
2025-03-24,CANBK.NS,Canara Bank,Public,85.34586334228516
2025-03-25,CANBK.NS,Canara Bank,Public,82.67295837402344
2025-03-26,CANBK.NS,Canara Bank,Public,81.53277587890625
2025-03-27,CANBK.NS,Canara Bank,Public,83.78511047363281
2025-03-28,CANBK.NS,Canara Bank,Public,83.1776351928711
2025-04-01,CANBK.NS,Canara Bank,Public,84.11221313476562
2025-04-02,CANBK.NS,Canara Bank,Public,85.14025115966797
2025-04-03,CANBK.NS,Canara Bank,Public,88.20567321777344
2025-04-04,CANBK.NS,Canara Bank,Public,84.47669982910156
2025-04-07,CANBK.NS,Canara Bank,Public,81.40193176269531
2025-04-08,CANBK.NS,Canara Bank,Public,83.57950592041016
2025-04-09,CANBK.NS,Canara Bank,Public,82.63558197021484
2025-04-11,CANBK.NS,Canara Bank,Public,84.61688995361328
2025-04-15,CANBK.NS,Canara Bank,Public,86.62623596191406
2025-04-16,CANBK.NS,Canara Bank,Public,88.5047378540039
2025-04-17,CANBK.NS,Canara Bank,Public,89.73838806152344
2025-04-21,CANBK.NS,Canara Bank,Public,92.5234375
2025-04-22,CANBK.NS,Canara Bank,Public,94.07484436035156
2025-04-23,CANBK.NS,Canara Bank,Public,92.9439926147461
2025-04-24,CANBK.NS,Canara Bank,Public,92.88792419433594
2025-04-25,CANBK.NS,Canara Bank,Public,90.21502685546875
2025-04-28,CANBK.NS,Canara Bank,Public,92.00941467285156
2025-04-29,CANBK.NS,Canara Bank,Public,92.83184814453125
2025-04-30,CANBK.NS,Canara Bank,Public,91.07483673095703
2025-05-02,CANBK.NS,Canara Bank,Public,90.33651733398438
2025-05-05,CANBK.NS,Canara Bank,Public,90.8038101196289
2025-05-06,CANBK.NS,Canara Bank,Public,86.33651733398438
2025-05-07,CANBK.NS,Canara Bank,Public,87.54212188720703
2025-05-08,CANBK.NS,Canara Bank,Public,89.13091278076172
2025-05-09,CANBK.NS,Canara Bank,Public,91.25240325927734
2025-05-12,CANBK.NS,Canara Bank,Public,94.26175689697266
2025-05-13,CANBK.NS,Canara Bank,Public,97.92530822753906
2025-05-14,CANBK.NS,Canara Bank,Public,98.75708770751953
2025-05-15,CANBK.NS,Canara Bank,Public,98.28045654296875
2025-05-16,CANBK.NS,Canara Bank,Public,100.71035766601562
2025-05-19,CANBK.NS,Canara Bank,Public,100.89727020263672
2025-05-20,CANBK.NS,Canara Bank,Public,100.03746032714844
2025-05-21,CANBK.NS,Canara Bank,Public,100.78511810302734
2025-05-22,CANBK.NS,Canara Bank,Public,99.85054016113281
2025-05-23,CANBK.NS,Canara Bank,Public,100.19634246826172
2025-05-26,CANBK.NS,Canara Bank,Public,100.44867706298828
2025-05-27,CANBK.NS,Canara Bank,Public,101.3365249633789
2025-05-28,CANBK.NS,Canara Bank,Public,103.68232727050781
2025-05-29,CANBK.NS,Canara Bank,Public,103.48606872558594
2025-05-30,CANBK.NS,Canara Bank,Public,107.2524185180664
2025-06-02,CANBK.NS,Canara Bank,Public,109.19634246826172
2025-06-03,CANBK.NS,Canara Bank,Public,108.32719421386719
2025-06-04,CANBK.NS,Canara Bank,Public,109.64494323730469
2025-06-05,CANBK.NS,Canara Bank,Public,108.76644134521484
2025-06-06,CANBK.NS,Canara Bank,Public,108.14026641845703
2025-06-09,CANBK.NS,Canara Bank,Public,109.99073791503906
2025-06-10,CANBK.NS,Canara Bank,Public,110.05615997314453
2025-06-11,CANBK.NS,Canara Bank,Public,109.42999267578125
2025-06-12,CANBK.NS,Canara Bank,Public,108.0748519897461
2025-06-13,CANBK.NS,Canara Bank,Public,107.90059661865234
2025-06-16,CANBK.NS,Canara Bank,Public,107.6876220703125
2025-06-17,CANBK.NS,Canara Bank,Public,105.74181365966797
2025-06-18,CANBK.NS,Canara Bank,Public,104.76406860351562
2025-06-19,CANBK.NS,Canara Bank,Public,101.5404052734375
2025-06-20,CANBK.NS,Canara Bank,Public,103.79600524902344
2025-06-23,CANBK.NS,Canara Bank,Public,104.37683868408203
2025-06-24,CANBK.NS,Canara Bank,Public,107.07774353027344
2025-06-25,CANBK.NS,Canara Bank,Public,107.17455291748047
2025-06-26,CANBK.NS,Canara Bank,Public,107.52305603027344
2025-06-27,CANBK.NS,Canara Bank,Public,107.4359359741211
2025-06-30,CANBK.NS,Canara Bank,Public,110.5531005859375
2025-07-01,CANBK.NS,Canara Bank,Public,111.73413848876953
2025-07-02,CANBK.NS,Canara Bank,Public,110.58214569091797
2025-07-03,CANBK.NS,Canara Bank,Public,110.5143814086914
2025-07-04,CANBK.NS,Canara Bank,Public,110.7176742553711
2025-07-07,CANBK.NS,Canara Bank,Public,110.65958404541016
2025-07-08,CANBK.NS,Canara Bank,Public,110.1077880859375
2025-07-09,CANBK.NS,Canara Bank,Public,110.32076263427734
2025-07-10,CANBK.NS,Canara Bank,Public,108.8009033203125
2025-07-11,CANBK.NS,Canara Bank,Public,108.34590911865234
2025-07-14,CANBK.NS,Canara Bank,Public,110.04002380371094
2025-07-15,CANBK.NS,Canara Bank,Public,111.20170593261719
2025-07-16,CANBK.NS,Canara Bank,Public,113.292724609375
2025-07-17,CANBK.NS,Canara Bank,Public,111.84062957763672
2025-07-18,CANBK.NS,Canara Bank,Public,110.79511260986328
2025-07-21,CANBK.NS,Canara Bank,Public,108.45240020751953
2025-07-22,CANBK.NS,Canara Bank,Public,104.59950256347656
2025-07-23,CANBK.NS,Canara Bank,Public,104.35748291015625
2025-07-24,CANBK.NS,Canara Bank,Public,109.88513946533203
2025-07-25,CANBK.NS,Canara Bank,Public,107.22295379638672
2025-07-28,CANBK.NS,Canara Bank,Public,106.8841323852539
2025-07-29,CANBK.NS,Canara Bank,Public,106.57434844970703
2025-07-30,CANBK.NS,Canara Bank,Public,104.74470520019531
2025-07-31,CANBK.NS,Canara Bank,Public,103.82504272460938
2025-08-01,CANBK.NS,Canara Bank,Public,102.50847625732422
2025-08-04,CANBK.NS,Canara Bank,Public,104.30907440185547
2025-08-05,CANBK.NS,Canara Bank,Public,104.02833557128906
2025-08-06,CANBK.NS,Canara Bank,Public,105.29650115966797
2025-08-07,CANBK.NS,Canara Bank,Public,105.32554626464844
2025-08-08,CANBK.NS,Canara Bank,Public,104.4446029663086
2025-08-11,CANBK.NS,Canara Bank,Public,105.98383331298828
2025-08-12,CANBK.NS,Canara Bank,Public,106.05159759521484
2025-08-13,CANBK.NS,Canara Bank,Public,105.50947570800781
2025-08-14,CANBK.NS,Canara Bank,Public,105.77085876464844
2025-08-18,CANBK.NS,Canara Bank,Public,105.84829711914062
2025-08-19,CANBK.NS,Canara Bank,Public,108.10388946533203
2025-08-20,CANBK.NS,Canara Bank,Public,108.69441223144531
2025-08-21,CANBK.NS,Canara Bank,Public,107.52305603027344
2025-08-22,CANBK.NS,Canara Bank,Public,106.41946411132812
2025-08-25,CANBK.NS,Canara Bank,Public,105.34490966796875
2025-08-26,CANBK.NS,Canara Bank,Public,102.62464141845703
2025-08-28,CANBK.NS,Canara Bank,Public,101.28871154785156
2025-08-29,CANBK.NS,Canara Bank,Public,100.5142593383789
2025-09-01,CANBK.NS,Canara Bank,Public,101.78242492675781
2025-09-02,CANBK.NS,Canara Bank,Public,102.76985931396484
2025-09-03,CANBK.NS,Canara Bank,Public,104.87055969238281
2025-09-04,CANBK.NS,Canara Bank,Public,102.6924057006836
2025-09-05,CANBK.NS,Canara Bank,Public,103.71855926513672
2025-09-08,CANBK.NS,Canara Bank,Public,104.65757751464844
2025-09-09,CANBK.NS,Canara Bank,Public,104.58981323242188
2025-09-10,CANBK.NS,Canara Bank,Public,107.1067886352539
2025-09-11,CANBK.NS,Canara Bank,Public,108.49111938476562
2025-09-12,CANBK.NS,Canara Bank,Public,107.41656494140625
2025-09-15,CANBK.NS,Canara Bank,Public,108.91706848144531
2025-09-16,CANBK.NS,Canara Bank,Public,109.61408233642578
2025-09-17,CANBK.NS,Canara Bank,Public,112.53763580322266
2025-09-18,CANBK.NS,Canara Bank,Public,111.7244644165039
2025-09-19,CANBK.NS,Canara Bank,Public,113.99942016601562
2025-09-22,CANBK.NS,Canara Bank,Public,115.07396697998047
2025-09-23,CANBK.NS,Canara Bank,Public,118.00720977783203
2025-09-24,CANBK.NS,Canara Bank,Public,118.98495483398438
2025-09-25,CANBK.NS,Canara Bank,Public,117.56189727783203
2025-09-26,CANBK.NS,Canara Bank,Public,114.30919647216797
2025-09-29,CANBK.NS,Canara Bank,Public,116.63255310058594
2025-09-30,CANBK.NS,Canara Bank,Public,119.75940704345703
2025-10-01,CANBK.NS,Canara Bank,Public,119.80780792236328
2025-10-03,CANBK.NS,Canara Bank,Public,121.87947082519531
2025-10-06,CANBK.NS,Canara Bank,Public,122.71200561523438
2025-10-07,CANBK.NS,Canara Bank,Public,123.97048950195312
2025-10-08,CANBK.NS,Canara Bank,Public,122.01499938964844
2025-10-09,CANBK.NS,Canara Bank,Public,122.1408462524414
2025-10-10,CANBK.NS,Canara Bank,Public,123.32188415527344
2025-10-13,CANBK.NS,Canara Bank,Public,123.56390380859375
2025-10-14,CANBK.NS,Canara Bank,Public,121.22118377685547
2025-10-15,CANBK.NS,Canara Bank,Public,124.30931854248047
2025-10-16,CANBK.NS,Canara Bank,Public,123.30252838134766
2025-10-17,CANBK.NS,Canara Bank,Public,121.48255920410156
2025-10-20,CANBK.NS,Canara Bank,Public,123.51549530029297
2025-10-21,CANBK.NS,Canara Bank,Public,123.06050872802734
2025-10-23,CANBK.NS,Canara Bank,Public,122.20861053466797
2025-10-24,CANBK.NS,Canara Bank,Public,121.68585205078125
2025-10-27,CANBK.NS,Canara Bank,Public,125.0063247680664
2025-10-28,CANBK.NS,Canara Bank,Public,125.82917022705078
2025-10-29,CANBK.NS,Canara Bank,Public,124.65782165527344
2025-10-30,CANBK.NS,Canara Bank,Public,128.646240234375
2025-10-31,CANBK.NS,Canara Bank,Public,132.61532592773438
2025-11-03,CANBK.NS,Canara Bank,Public,135.1419677734375
2025-11-04,CANBK.NS,Canara Bank,Public,135.1419677734375
2025-11-06,CANBK.NS,Canara Bank,Public,134.79347229003906
2025-11-07,CANBK.NS,Canara Bank,Public,136.17779541015625
2025-11-10,CANBK.NS,Canara Bank,Public,136.53598022460938
2025-11-11,CANBK.NS,Canara Bank,Public,136.3714141845703
2025-11-12,CANBK.NS,Canara Bank,Public,138.98519897460938
2025-11-13,CANBK.NS,Canara Bank,Public,138.8690185546875
2025-11-14,CANBK.NS,Canara Bank,Public,141.40536499023438
2025-11-17,CANBK.NS,Canara Bank,Public,144.3579559326172
2025-11-18,CANBK.NS,Canara Bank,Public,144.24179077148438
2025-11-19,CANBK.NS,Canara Bank,Public,145.57772827148438
2025-11-20,CANBK.NS,Canara Bank,Public,143.21563720703125
2025-11-21,CANBK.NS,Canara Bank,Public,141.1149444580078
2025-11-24,CANBK.NS,Canara Bank,Public,141.98619079589844
2025-11-25,CANBK.NS,Canara Bank,Public,143.94168090820312
2025-11-26,CANBK.NS,Canara Bank,Public,145.36474609375
2025-11-27,CANBK.NS,Canara Bank,Public,146.91363525390625
2025-11-28,CANBK.NS,Canara Bank,Public,146.73939514160156
2025-12-01,CANBK.NS,Canara Bank,Public,145.69387817382812
2025-12-02,CANBK.NS,Canara Bank,Public,147.17501831054688
2025-12-03,CANBK.NS,Canara Bank,Public,141.4150390625
2025-12-04,CANBK.NS,Canara Bank,Public,142.68319702148438
2025-12-05,CANBK.NS,Canara Bank,Public,143.89328002929688
2025-12-08,CANBK.NS,Canara Bank,Public,138.27850341796875
2025-12-09,CANBK.NS,Canara Bank,Public,141.5215301513672
2025-12-10,CANBK.NS,Canara Bank,Public,140.91163635253906
2025-12-11,CANBK.NS,Canara Bank,Public,142.11204528808594
2025-12-12,CANBK.NS,Canara Bank,Public,141.94747924804688
2025-12-15,CANBK.NS,Canara Bank,Public,143.55445861816406
2025-12-16,CANBK.NS,Canara Bank,Public,142.47023010253906
2025-12-17,CANBK.NS,Canara Bank,Public,145.41314697265625
2025-12-18,CANBK.NS,Canara Bank,Public,145.0452880859375
2025-12-19,CANBK.NS,Canara Bank,Public,143.835205078125
2025-12-22,CANBK.NS,Canara Bank,Public,145.50027465820312
2025-12-23,CANBK.NS,Canara Bank,Public,145.42282104492188
2025-12-24,CANBK.NS,Canara Bank,Public,144.890380859375
2025-12-26,CANBK.NS,Canara Bank,Public,145.27761840820312
2025-12-29,CANBK.NS,Canara Bank,Public,146.1004638671875
2025-12-30,CANBK.NS,Canara Bank,Public,149.1111602783203
2025-12-31,CANBK.NS,Canara Bank,Public,149.9630584716797
2026-01-01,CANBK.NS,Canara Bank,Public,149.314453125
2026-01-02,CANBK.NS,Canara Bank,Public,149.92433166503906
2026-01-05,CANBK.NS,Canara Bank,Public,149.3047637939453
2026-01-06,CANBK.NS,Canara Bank,Public,148.96595764160156
2026-01-07,CANBK.NS,Canara Bank,Public,148.07533264160156
2026-01-08,CANBK.NS,Canara Bank,Public,145.65516662597656
2026-01-09,CANBK.NS,Canara Bank,Public,145.73260498046875
2026-01-12,CANBK.NS,Canara Bank,Public,145.22921752929688
2026-01-13,CANBK.NS,Canara Bank,Public,146.04238891601562
2026-01-14,CANBK.NS,Canara Bank,Public,148.9756317138672
2026-01-15,CANBK.NS,Canara Bank,Public,148.9756317138672
2026-01-16,CANBK.NS,Canara Bank,Public,152.11216735839844
2026-01-19,CANBK.NS,Canara Bank,Public,151.8507843017578
2026-01-20,CANBK.NS,Canara Bank,Public,148.77232360839844
2026-01-21,CANBK.NS,Canara Bank,Public,145.94557189941406
2026-01-22,CANBK.NS,Canara Bank,Public,149.74038696289062
2026-01-23,CANBK.NS,Canara Bank,Public,146.96205139160156
2026-01-27,CANBK.NS,Canara Bank,Public,149.7791290283203
2026-01-28,CANBK.NS,Canara Bank,Public,152.7026824951172
2026-01-29,CANBK.NS,Canara Bank,Public,145.51963806152344
2026-01-30,CANBK.NS,Canara Bank,Public,142.7122344970703
2026-02-02,CANBK.NS,Canara Bank,Public,141.79258728027344
2026-02-03,CANBK.NS,Canara Bank,Public,142.63479614257812
2026-02-04,CANBK.NS,Canara Bank,Public,142.78968811035156
2026-02-05,CANBK.NS,Canara Bank,Public,143.55445861816406
2026-02-06,CANBK.NS,Canara Bank,Public,142.6057586669922
2026-02-09,CANBK.NS,Canara Bank,Public,143.20594787597656
2026-02-10,CANBK.NS,Canara Bank,Public,142.14108276367188
2026-02-11,CANBK.NS,Canara Bank,Public,140.8632354736328
2026-02-12,CANBK.NS,Canara Bank,Public,140.1855926513672
2026-02-13,CANBK.NS,Canara Bank,Public,137.24267578125
2026-02-16,CANBK.NS,Canara Bank,Public,141.1826934814453
2026-02-17,CANBK.NS,Canara Bank,Public,144.3482666015625
2026-02-18,CANBK.NS,Canara Bank,Public,147.08790588378906
2026-02-19,CANBK.NS,Canara Bank,Public,144.64837646484375
2026-02-20,CANBK.NS,Canara Bank,Public,149.22732543945312
2026-02-23,CANBK.NS,Canara Bank,Public,151.44419860839844
2026-02-24,CANBK.NS,Canara Bank,Public,152.01535034179688
2026-02-25,CANBK.NS,Canara Bank,Public,153.85467529296875
2026-02-26,CANBK.NS,Canara Bank,Public,153.8062744140625
2026-02-27,CANBK.NS,Canara Bank,Public,152.34449768066406
2026-03-02,CANBK.NS,Canara Bank,Public,148.65615844726562
2026-03-04,CANBK.NS,Canara Bank,Public,142.23788452148438
2026-03-05,CANBK.NS,Canara Bank,Public,143.76742553710938
2026-03-06,CANBK.NS,Canara Bank,Public,141.3085479736328
2026-03-09,CANBK.NS,Canara Bank,Public,135.44207763671875
2026-03-10,CANBK.NS,Canara Bank,Public,137.72671508789062
2026-03-11,CANBK.NS,Canara Bank,Public,134.95803833007812
2026-03-12,CANBK.NS,Canara Bank,Public,135.85833740234375
2026-03-13,CANBK.NS,Canara Bank,Public,130.3790740966797
2026-03-16,CANBK.NS,Canara Bank,Public,130.21450805664062
2026-03-17,CANBK.NS,Canara Bank,Public,132.21841430664062
2026-03-18,CANBK.NS,Canara Bank,Public,133.11871337890625
2026-03-19,CANBK.NS,Canara Bank,Public,128.67529296875
2026-03-20,CANBK.NS,Canara Bank,Public,132.0828857421875
2026-03-23,CANBK.NS,Canara Bank,Public,125.4225845336914
2026-03-24,CANBK.NS,Canara Bank,Public,128.89793395996094
2026-03-25,CANBK.NS,Canara Bank,Public,132.17001342773438
2026-03-27,CANBK.NS,Canara Bank,Public,126.28416442871094
2026-03-30,CANBK.NS,Canara Bank,Public,119.50770568847656
2026-04-01,CANBK.NS,Canara Bank,Public,123.2347640991211
2026-04-02,CANBK.NS,Canara Bank,Public,122.98306274414062
2026-04-06,CANBK.NS,Canara Bank,Public,126.34224700927734
2026-04-07,CANBK.NS,Canara Bank,Public,125.37418365478516
2026-04-08,CANBK.NS,Canara Bank,Public,134.7450714111328
2026-04-09,CANBK.NS,Canara Bank,Public,133.5059356689453
2026-04-10,CANBK.NS,Canara Bank,Public,135.6743927001953
2026-04-13,CANBK.NS,Canara Bank,Public,134.33848571777344
2026-04-15,CANBK.NS,Canara Bank,Public,137.18460083007812
2026-04-16,CANBK.NS,Canara Bank,Public,136.52630615234375
2026-04-17,CANBK.NS,Canara Bank,Public,137.82350158691406
2026-04-20,CANBK.NS,Canara Bank,Public,138.18170166015625
2026-04-21,CANBK.NS,Canara Bank,Public,139.6531524658203
2026-04-22,CANBK.NS,Canara Bank,Public,140.59217834472656
2026-04-23,CANBK.NS,Canara Bank,Public,136.3714141845703
2026-04-24,CANBK.NS,Canara Bank,Public,136.35205078125
2026-04-27,CANBK.NS,Canara Bank,Public,136.0325927734375
2026-04-28,CANBK.NS,Canara Bank,Public,132.72181701660156
2026-04-29,CANBK.NS,Canara Bank,Public,132.68307495117188
2026-04-30,CANBK.NS,Canara Bank,Public,130.35003662109375
2026-05-01,CANBK.NS,Canara Bank,Public,130.35003662109375
2026-05-04,CANBK.NS,Canara Bank,Public,130.49525451660156
2026-05-05,CANBK.NS,Canara Bank,Public,130.02090454101562
2026-05-06,CANBK.NS,Canara Bank,Public,133.63177490234375
2026-05-07,CANBK.NS,Canara Bank,Public,131.5891571044922
2026-05-08,CANBK.NS,Canara Bank,Public,130.04994201660156
2026-05-11,CANBK.NS,Canara Bank,Public,125.2967300415039
2026-05-12,CANBK.NS,Canara Bank,Public,125.85821533203125
2026-05-13,CANBK.NS,Canara Bank,Public,125.13216400146484
2026-05-14,CANBK.NS,Canara Bank,Public,126.66171264648438
2026-05-15,CANBK.NS,Canara Bank,Public,123.98017883300781
2026-05-18,CANBK.NS,Canara Bank,Public,120.91140747070312
2026-05-19,CANBK.NS,Canara Bank,Public,122.12149047851562
2026-05-20,CANBK.NS,Canara Bank,Public,123.58326721191406
2026-05-21,CANBK.NS,Canara Bank,Public,123.88336944580078
2026-05-22,CANBK.NS,Canara Bank,Public,124.13505554199219
2026-05-25,CANBK.NS,Canara Bank,Public,129.4303741455078
2026-05-26,CANBK.NS,Canara Bank,Public,128.89793395996094
2026-05-27,CANBK.NS,Canara Bank,Public,129.87570190429688
2026-05-28,CANBK.NS,Canara Bank,Public,129.87570190429688
2026-05-29,CANBK.NS,Canara Bank,Public,126.62299346923828
2026-06-01,CANBK.NS,Canara Bank,Public,123.8736801147461
2026-06-02,CANBK.NS,Canara Bank,Public,124.95791625976562
2026-06-03,CANBK.NS,Canara Bank,Public,127.63946533203125
2026-06-04,CANBK.NS,Canara Bank,Public,128.868896484375
2026-06-05,CANBK.NS,Canara Bank,Public,131.47299194335938
2026-06-08,CANBK.NS,Canara Bank,Public,127.69754791259766
2026-06-09,CANBK.NS,Canara Bank,Public,133.11871337890625
2026-06-10,CANBK.NS,Canara Bank,Public,129.19805908203125
2026-06-11,CANBK.NS,Canara Bank,Public,127.31999969482422
2026-06-12,CANBK.NS,Canara Bank,Public,131.6699981689453
2026-06-15,CANBK.NS,Canara Bank,Public,132.1999969482422
2026-06-16,CANBK.NS,Canara Bank,Public,132.8300018310547
2026-06-17,CANBK.NS,Canara Bank,Public,135.24000549316406
2026-06-18,CANBK.NS,Canara Bank,Public,134.97000122070312
2026-06-19,CANBK.NS,Canara Bank,Public,133.74000549316406
2026-06-22,CANBK.NS,Canara Bank,Public,134.82000732421875
2026-06-23,CANBK.NS,Canara Bank,Public,130.3699951171875
2026-06-24,CANBK.NS,Canara Bank,Public,130.14999389648438
2026-06-25,CANBK.NS,Canara Bank,Public,128.9499969482422
2026-06-26,CANBK.NS,Canara Bank,Public,128.9499969482422
2026-06-29,CANBK.NS,Canara Bank,Public,125.86000061035156
2026-06-30,CANBK.NS,Canara Bank,Public,125.5199966430664
2026-07-01,CANBK.NS,Canara Bank,Public,126.27999877929688
2026-07-02,CANBK.NS,Canara Bank,Public,126.63999938964844
2026-07-03,CANBK.NS,Canara Bank,Public,127.19000244140625
2026-07-06,CANBK.NS,Canara Bank,Public,126.45999908447266
2026-07-07,CANBK.NS,Canara Bank,Public,125.02999877929688
2026-07-08,CANBK.NS,Canara Bank,Public,121.1500015258789
2026-07-09,CANBK.NS,Canara Bank,Public,124.80000305175781
2026-07-10,CANBK.NS,Canara Bank,Public,128.77999877929688
2026-07-13,CANBK.NS,Canara Bank,Public,129.3300018310547
2026-07-14,CANBK.NS,Canara Bank,Public,125.73999786376953
2026-07-15,CANBK.NS,Canara Bank,Public,126.47000122070312
2026-07-16,CANBK.NS,Canara Bank,Public,125.9000015258789
2026-07-17,CANBK.NS,Canara Bank,Public,125.01000213623047
2026-07-20,CANBK.NS,Canara Bank,Public,128.82000732421875
2026-07-21,CANBK.NS,Canara Bank,Public,127.5199966430664
2026-07-23,CANBK.NS,Canara Bank,Public,125.22000122070312
2026-07-24,CANBK.NS,Canara Bank,Public,125.6500015258789
2026-07-27,CANBK.NS,Canara Bank,Public,127.26000213623047
2026-07-28,CANBK.NS,Canara Bank,Public,124.23999786376953
2026-07-29,CANBK.NS,Canara Bank,Public,124.72000122070312
2026-07-30,CANBK.NS,Canara Bank,Public,124.27999877929688
2026-07-31,CANBK.NS,Canara Bank,Public,124.9800033569336
2026-08-03,CANBK.NS,Canara Bank,Public,127.0999984741211
2026-08-04,CANBK.NS,Canara Bank,Public,128.0
2026-08-05,CANBK.NS,Canara Bank,Public,128.91000366210938
2026-08-06,CANBK.NS,Canara Bank,Public,131.6999969482422
2026-08-07,CANBK.NS,Canara Bank,Public,131.9499969482422
2026-08-10,CANBK.NS,Canara Bank,Public,129.0
2026-08-11,CANBK.NS,Canara Bank,Public,130.3000030517578
2026-08-12,CANBK.NS,Canara Bank,Public,132.0
2026-08-13,CANBK.NS,Canara Bank,Public,131.8000030517578
2026-08-14,CANBK.NS,Canara Bank,Public,131.25
2026-08-17,CANBK.NS,Canara Bank,Public,131.10000610351562
2026-08-18,CANBK.NS,Canara Bank,Public,129.10000610351562
2026-08-19,CANBK.NS,Canara Bank,Public,129.0800018310547
2026-08-20,CANBK.NS,Canara Bank,Public,129.60000610351562
2021-08-20,HDFCBANK.NS,HDFC Bank,Private,708.7495727539062
2021-08-23,HDFCBANK.NS,HDFC Bank,Private,713.3583984375
2021-08-24,HDFCBANK.NS,HDFC Bank,Private,729.3839111328125
2021-08-25,HDFCBANK.NS,HDFC Bank,Private,728.70556640625
2021-08-26,HDFCBANK.NS,HDFC Bank,Private,727.4889526367188
2021-08-27,HDFCBANK.NS,HDFC Bank,Private,724.5177612304688
2021-08-30,HDFCBANK.NS,HDFC Bank,Private,733.7821655273438
2021-08-31,HDFCBANK.NS,HDFC Bank,Private,739.93505859375
2021-09-01,HDFCBANK.NS,HDFC Bank,Private,738.8588256835938
2021-09-02,HDFCBANK.NS,HDFC Bank,Private,743.4910888671875
2021-09-03,HDFCBANK.NS,HDFC Bank,Private,737.4317626953125
2021-09-06,HDFCBANK.NS,HDFC Bank,Private,732.5889892578125
2021-09-07,HDFCBANK.NS,HDFC Bank,Private,734.2500610351562
2021-09-08,HDFCBANK.NS,HDFC Bank,Private,737.5955200195312
2021-09-09,HDFCBANK.NS,HDFC Bank,Private,733.9459228515625
2021-09-13,HDFCBANK.NS,HDFC Bank,Private,727.83984375
2021-09-14,HDFCBANK.NS,HDFC Bank,Private,724.5645751953125
2021-09-15,HDFCBANK.NS,HDFC Bank,Private,723.7457275390625
2021-09-16,HDFCBANK.NS,HDFC Bank,Private,729.8984985351562
2021-09-17,HDFCBANK.NS,HDFC Bank,Private,740.2860107421875
2021-09-20,HDFCBANK.NS,HDFC Bank,Private,729.851806640625
2021-09-21,HDFCBANK.NS,HDFC Bank,Private,726.1553955078125
2021-09-22,HDFCBANK.NS,HDFC Bank,Private,717.6162719726562
2021-09-23,HDFCBANK.NS,HDFC Bank,Private,734.6008911132812
2021-09-24,HDFCBANK.NS,HDFC Bank,Private,749.36328125
2021-09-27,HDFCBANK.NS,HDFC Bank,Private,760.3822021484375
2021-09-28,HDFCBANK.NS,HDFC Bank,Private,755.6798095703125
2021-09-29,HDFCBANK.NS,HDFC Bank,Private,745.7603759765625
2021-09-30,HDFCBANK.NS,HDFC Bank,Private,746.2750854492188
2021-10-01,HDFCBANK.NS,HDFC Bank,Private,740.5433349609375
2021-10-04,HDFCBANK.NS,HDFC Bank,Private,741.9703369140625
2021-10-05,HDFCBANK.NS,HDFC Bank,Private,746.5089721679688
2021-10-06,HDFCBANK.NS,HDFC Bank,Private,755.609619140625
2021-10-07,HDFCBANK.NS,HDFC Bank,Private,753.5509033203125
2021-10-08,HDFCBANK.NS,HDFC Bank,Private,749.8778076171875
2021-10-11,HDFCBANK.NS,HDFC Bank,Private,764.4529418945312
2021-10-12,HDFCBANK.NS,HDFC Bank,Private,762.4877319335938
2021-10-13,HDFCBANK.NS,HDFC Bank,Private,767.0731811523438
2021-10-14,HDFCBANK.NS,HDFC Bank,Private,789.5322875976562
2021-10-18,HDFCBANK.NS,HDFC Bank,Private,781.53125
2021-10-19,HDFCBANK.NS,HDFC Bank,Private,790.1405639648438
2021-10-20,HDFCBANK.NS,HDFC Bank,Private,783.1922607421875
2021-10-21,HDFCBANK.NS,HDFC Bank,Private,784.338623046875
2021-10-22,HDFCBANK.NS,HDFC Bank,Private,786.4207763671875
2021-10-25,HDFCBANK.NS,HDFC Bank,Private,775.3081665039062
2021-10-26,HDFCBANK.NS,HDFC Bank,Private,773.3196411132812
2021-10-27,HDFCBANK.NS,HDFC Bank,Private,768.6640625
2021-10-28,HDFCBANK.NS,HDFC Bank,Private,745.6433715820312
2021-10-29,HDFCBANK.NS,HDFC Bank,Private,740.613525390625
2021-11-01,HDFCBANK.NS,HDFC Bank,Private,751.1178588867188
2021-11-02,HDFCBANK.NS,HDFC Bank,Private,751.7963256835938
2021-11-03,HDFCBANK.NS,HDFC Bank,Private,739.9584350585938
2021-11-04,HDFCBANK.NS,HDFC Bank,Private,745.8071899414062
2021-11-08,HDFCBANK.NS,HDFC Bank,Private,748.7548828125
2021-11-09,HDFCBANK.NS,HDFC Bank,Private,735.65380859375
2021-11-10,HDFCBANK.NS,HDFC Bank,Private,727.699462890625
2021-11-11,HDFCBANK.NS,HDFC Bank,Private,724.4476928710938
2021-11-12,HDFCBANK.NS,HDFC Bank,Private,726.646728515625
2021-11-15,HDFCBANK.NS,HDFC Bank,Private,728.6353149414062
2021-11-16,HDFCBANK.NS,HDFC Bank,Private,724.3073120117188
2021-11-17,HDFCBANK.NS,HDFC Bank,Private,716.2593383789062
2021-11-18,HDFCBANK.NS,HDFC Bank,Private,720.2833251953125
2021-11-22,HDFCBANK.NS,HDFC Bank,Private,709.0303344726562
2021-11-23,HDFCBANK.NS,HDFC Bank,Private,709.1239013671875
2021-11-24,HDFCBANK.NS,HDFC Bank,Private,710.293701171875
2021-11-25,HDFCBANK.NS,HDFC Bank,Private,713.989990234375
2021-11-26,HDFCBANK.NS,HDFC Bank,Private,697.1222534179688
2021-11-29,HDFCBANK.NS,HDFC Bank,Private,702.432861328125
2021-11-30,HDFCBANK.NS,HDFC Bank,Private,698.8301391601562
2021-12-01,HDFCBANK.NS,HDFC Bank,Private,704.0238037109375
2021-12-02,HDFCBANK.NS,HDFC Bank,Private,713.8964233398438
2021-12-03,HDFCBANK.NS,HDFC Bank,Private,708.1881713867188
2021-12-06,HDFCBANK.NS,HDFC Bank,Private,703.626220703125
2021-12-07,HDFCBANK.NS,HDFC Bank,Private,713.873046875
2021-12-08,HDFCBANK.NS,HDFC Bank,Private,727.0210571289062
2021-12-09,HDFCBANK.NS,HDFC Bank,Private,714.4111328125
2021-12-10,HDFCBANK.NS,HDFC Bank,Private,712.399169921875
2021-12-13,HDFCBANK.NS,HDFC Bank,Private,707.0652465820312
2021-12-14,HDFCBANK.NS,HDFC Bank,Private,702.9944458007812
2021-12-15,HDFCBANK.NS,HDFC Bank,Private,701.84814453125
2021-12-16,HDFCBANK.NS,HDFC Bank,Private,701.8948364257812
2021-12-17,HDFCBANK.NS,HDFC Bank,Private,689.23828125
2021-12-20,HDFCBANK.NS,HDFC Bank,Private,667.0599365234375
2021-12-21,HDFCBANK.NS,HDFC Bank,Private,674.6163330078125
2021-12-22,HDFCBANK.NS,HDFC Bank,Private,676.2072143554688
2021-12-23,HDFCBANK.NS,HDFC Bank,Private,675.6925659179688
2021-12-24,HDFCBANK.NS,HDFC Bank,Private,673.2594604492188
2021-12-27,HDFCBANK.NS,HDFC Bank,Private,678.8274536132812
2021-12-28,HDFCBANK.NS,HDFC Bank,Private,683.5065307617188
2021-12-29,HDFCBANK.NS,HDFC Bank,Private,680.2545166015625
2021-12-30,HDFCBANK.NS,HDFC Bank,Private,683.833984375
2021-12-31,HDFCBANK.NS,HDFC Bank,Private,692.20947265625
2022-01-03,HDFCBANK.NS,HDFC Bank,Private,711.0422973632812
2022-01-04,HDFCBANK.NS,HDFC Bank,Private,715.20654296875
2022-01-05,HDFCBANK.NS,HDFC Bank,Private,732.1912841796875
2022-01-06,HDFCBANK.NS,HDFC Bank,Private,720.4471435546875
2022-01-07,HDFCBANK.NS,HDFC Bank,Private,725.5003662109375
2022-01-10,HDFCBANK.NS,HDFC Bank,Private,729.5243530273438
2022-01-11,HDFCBANK.NS,HDFC Bank,Private,732.6826782226562
2022-01-12,HDFCBANK.NS,HDFC Bank,Private,728.3546142578125
2022-01-13,HDFCBANK.NS,HDFC Bank,Private,714.9491577148438
2022-01-14,HDFCBANK.NS,HDFC Bank,Private,722.9737548828125
2022-01-17,HDFCBANK.NS,HDFC Bank,Private,711.907958984375
2022-01-18,HDFCBANK.NS,HDFC Bank,Private,715.5341186523438
2022-01-19,HDFCBANK.NS,HDFC Bank,Private,710.4807739257812
2022-01-20,HDFCBANK.NS,HDFC Bank,Private,706.0592651367188
2022-01-21,HDFCBANK.NS,HDFC Bank,Private,711.9547119140625
2022-01-24,HDFCBANK.NS,HDFC Bank,Private,695.6016235351562
2022-01-25,HDFCBANK.NS,HDFC Bank,Private,696.2567749023438
2022-01-27,HDFCBANK.NS,HDFC Bank,Private,690.127197265625
2022-01-28,HDFCBANK.NS,HDFC Bank,Private,684.6527099609375
2022-01-31,HDFCBANK.NS,HDFC Bank,Private,695.1571044921875
2022-02-01,HDFCBANK.NS,HDFC Bank,Private,700.4444580078125
2022-02-02,HDFCBANK.NS,HDFC Bank,Private,716.446533203125
2022-02-03,HDFCBANK.NS,HDFC Bank,Private,709.0303344726562
2022-02-04,HDFCBANK.NS,HDFC Bank,Private,713.0777587890625
2022-02-07,HDFCBANK.NS,HDFC Bank,Private,686.945556640625
2022-02-08,HDFCBANK.NS,HDFC Bank,Private,683.997802734375
2022-02-09,HDFCBANK.NS,HDFC Bank,Private,700.72509765625
2022-02-10,HDFCBANK.NS,HDFC Bank,Private,713.59228515625
2022-02-11,HDFCBANK.NS,HDFC Bank,Private,710.6680297851562
2022-02-14,HDFCBANK.NS,HDFC Bank,Private,689.5422973632812
2022-02-15,HDFCBANK.NS,HDFC Bank,Private,710.1767578125
2022-02-16,HDFCBANK.NS,HDFC Bank,Private,709.217529296875
2022-02-17,HDFCBANK.NS,HDFC Bank,Private,704.889404296875
2022-02-18,HDFCBANK.NS,HDFC Bank,Private,707.6266479492188
2022-02-21,HDFCBANK.NS,HDFC Bank,Private,712.1885986328125
2022-02-22,HDFCBANK.NS,HDFC Bank,Private,706.8545532226562
2022-02-23,HDFCBANK.NS,HDFC Bank,Private,702.2692260742188
2022-02-24,HDFCBANK.NS,HDFC Bank,Private,664.1354370117188
2022-02-25,HDFCBANK.NS,HDFC Bank,Private,681.3073120117188
2022-02-28,HDFCBANK.NS,HDFC Bank,Private,667.340576171875
2022-03-02,HDFCBANK.NS,HDFC Bank,Private,643.0098266601562
2022-03-03,HDFCBANK.NS,HDFC Bank,Private,641.4891967773438
2022-03-04,HDFCBANK.NS,HDFC Bank,Private,639.3836059570312
2022-03-07,HDFCBANK.NS,HDFC Bank,Private,619.8722534179688
2022-03-08,HDFCBANK.NS,HDFC Bank,Private,621.2759399414062
2022-03-09,HDFCBANK.NS,HDFC Bank,Private,641.5593872070312
2022-03-10,HDFCBANK.NS,HDFC Bank,Private,651.6425170898438
2022-03-11,HDFCBANK.NS,HDFC Bank,Private,653.5609130859375
2022-03-14,HDFCBANK.NS,HDFC Bank,Private,674.9674072265625
2022-03-15,HDFCBANK.NS,HDFC Bank,Private,666.2877807617188
2022-03-16,HDFCBANK.NS,HDFC Bank,Private,677.5875854492188
2022-03-17,HDFCBANK.NS,HDFC Bank,Private,692.5135498046875
2022-03-21,HDFCBANK.NS,HDFC Bank,Private,695.5314331054688
2022-03-22,HDFCBANK.NS,HDFC Bank,Private,699.1109008789062
2022-03-23,HDFCBANK.NS,HDFC Bank,Private,692.1392211914062
2022-03-24,HDFCBANK.NS,HDFC Bank,Private,675.0140991210938
2022-03-25,HDFCBANK.NS,HDFC Bank,Private,669.5162963867188
2022-03-28,HDFCBANK.NS,HDFC Bank,Private,670.4053344726562
2022-03-29,HDFCBANK.NS,HDFC Bank,Private,679.29541015625
2022-03-30,HDFCBANK.NS,HDFC Bank,Private,691.0630493164062
2022-03-31,HDFCBANK.NS,HDFC Bank,Private,687.9749145507812
2022-04-01,HDFCBANK.NS,HDFC Bank,Private,704.6554565429688
2022-04-04,HDFCBANK.NS,HDFC Bank,Private,775.214599609375
2022-04-05,HDFCBANK.NS,HDFC Bank,Private,752.4981079101562
2022-04-06,HDFCBANK.NS,HDFC Bank,Private,725.6407470703125
2022-04-07,HDFCBANK.NS,HDFC Bank,Private,709.6854248046875
2022-04-08,HDFCBANK.NS,HDFC Bank,Private,708.7028198242188
2022-04-11,HDFCBANK.NS,HDFC Bank,Private,700.0466918945312
2022-04-12,HDFCBANK.NS,HDFC Bank,Private,698.8067626953125
2022-04-13,HDFCBANK.NS,HDFC Bank,Private,685.4482421875
2022-04-18,HDFCBANK.NS,HDFC Bank,Private,652.9292602539062
2022-04-19,HDFCBANK.NS,HDFC Bank,Private,628.0136108398438
2022-04-20,HDFCBANK.NS,HDFC Bank,Private,633.6752319335938
2022-04-21,HDFCBANK.NS,HDFC Bank,Private,643.0565795898438
2022-04-22,HDFCBANK.NS,HDFC Bank,Private,634.2835083007812
2022-04-25,HDFCBANK.NS,HDFC Bank,Private,639.03271484375
2022-04-26,HDFCBANK.NS,HDFC Bank,Private,641.9805297851562
2022-04-27,HDFCBANK.NS,HDFC Bank,Private,642.2144165039062
2022-04-28,HDFCBANK.NS,HDFC Bank,Private,641.6529541015625
2022-04-29,HDFCBANK.NS,HDFC Bank,Private,647.8525390625
2022-05-02,HDFCBANK.NS,HDFC Bank,Private,656.7893676757812
2022-05-04,HDFCBANK.NS,HDFC Bank,Private,634.4706420898438
2022-05-05,HDFCBANK.NS,HDFC Bank,Private,633.0435180664062
2022-05-06,HDFCBANK.NS,HDFC Bank,Private,616.50341796875
2022-05-09,HDFCBANK.NS,HDFC Bank,Private,617.55615234375
2022-05-10,HDFCBANK.NS,HDFC Bank,Private,627.4755249023438
2022-05-11,HDFCBANK.NS,HDFC Bank,Private,631.0081787109375
2022-05-12,HDFCBANK.NS,HDFC Bank,Private,616.7843627929688
2022-05-13,HDFCBANK.NS,HDFC Bank,Private,611.2462768554688
2022-05-16,HDFCBANK.NS,HDFC Bank,Private,617.754638671875
2022-05-17,HDFCBANK.NS,HDFC Bank,Private,621.9674072265625
2022-05-18,HDFCBANK.NS,HDFC Bank,Private,621.9201049804688
2022-05-19,HDFCBANK.NS,HDFC Bank,Private,609.2109985351562
2022-05-20,HDFCBANK.NS,HDFC Bank,Private,625.2571411132812
2022-05-23,HDFCBANK.NS,HDFC Bank,Private,617.234130859375
2022-05-24,HDFCBANK.NS,HDFC Bank,Private,624.3104248046875
2022-05-25,HDFCBANK.NS,HDFC Bank,Private,628.972900390625
2022-05-26,HDFCBANK.NS,HDFC Bank,Private,646.9124145507812
2022-05-27,HDFCBANK.NS,HDFC Bank,Private,658.9115600585938
2022-05-30,HDFCBANK.NS,HDFC Bank,Private,663.4083251953125
2022-05-31,HDFCBANK.NS,HDFC Bank,Private,657.444091796875
2022-06-01,HDFCBANK.NS,HDFC Bank,Private,660.2369384765625
2022-06-02,HDFCBANK.NS,HDFC Bank,Private,655.6217651367188
2022-06-03,HDFCBANK.NS,HDFC Bank,Private,653.349853515625
2022-06-06,HDFCBANK.NS,HDFC Bank,Private,652.47412109375
2022-06-07,HDFCBANK.NS,HDFC Bank,Private,644.9717407226562
2022-06-08,HDFCBANK.NS,HDFC Bank,Private,647.2437133789062
2022-06-09,HDFCBANK.NS,HDFC Bank,Private,652.119140625
2022-06-10,HDFCBANK.NS,HDFC Bank,Private,639.5283203125
2022-06-13,HDFCBANK.NS,HDFC Bank,Private,627.9315185546875
2022-06-14,HDFCBANK.NS,HDFC Bank,Private,621.020751953125
2022-06-15,HDFCBANK.NS,HDFC Bank,Private,618.8670654296875
2022-06-16,HDFCBANK.NS,HDFC Bank,Private,606.4892578125
2022-06-17,HDFCBANK.NS,HDFC Bank,Private,610.4889526367188
2022-06-20,HDFCBANK.NS,HDFC Bank,Private,625.8251953125
2022-06-21,HDFCBANK.NS,HDFC Bank,Private,632.6412963867188
2022-06-22,HDFCBANK.NS,HDFC Bank,Private,629.6592407226562
2022-06-23,HDFCBANK.NS,HDFC Bank,Private,631.9785766601562
2022-06-24,HDFCBANK.NS,HDFC Bank,Private,640.806396484375
2022-06-27,HDFCBANK.NS,HDFC Bank,Private,641.9660034179688
2022-06-28,HDFCBANK.NS,HDFC Bank,Private,637.0669555664062
2022-06-29,HDFCBANK.NS,HDFC Bank,Private,636.1438598632812
2022-06-30,HDFCBANK.NS,HDFC Bank,Private,638.0609741210938
2022-07-01,HDFCBANK.NS,HDFC Bank,Private,640.7826538085938
2022-07-04,HDFCBANK.NS,HDFC Bank,Private,641.6820068359375
2022-07-05,HDFCBANK.NS,HDFC Bank,Private,640.2383422851562
2022-07-06,HDFCBANK.NS,HDFC Bank,Private,649.0661010742188
2022-07-07,HDFCBANK.NS,HDFC Bank,Private,660.6865844726562
2022-07-08,HDFCBANK.NS,HDFC Bank,Private,661.3018798828125
2022-07-11,HDFCBANK.NS,HDFC Bank,Private,665.5856323242188
2022-07-12,HDFCBANK.NS,HDFC Bank,Private,658.793212890625
2022-07-13,HDFCBANK.NS,HDFC Bank,Private,642.723388671875
2022-07-14,HDFCBANK.NS,HDFC Bank,Private,639.504638671875
2022-07-15,HDFCBANK.NS,HDFC Bank,Private,644.7113647460938
2022-07-18,HDFCBANK.NS,HDFC Bank,Private,637.8480224609375
2022-07-19,HDFCBANK.NS,HDFC Bank,Private,638.0846557617188
2022-07-20,HDFCBANK.NS,HDFC Bank,Private,646.1314086914062
2022-07-21,HDFCBANK.NS,HDFC Bank,Private,644.0960693359375
2022-07-22,HDFCBANK.NS,HDFC Bank,Private,659.12451171875
2022-07-25,HDFCBANK.NS,HDFC Bank,Private,661.0652465820312
2022-07-26,HDFCBANK.NS,HDFC Bank,Private,659.7162475585938
2022-07-27,HDFCBANK.NS,HDFC Bank,Private,664.7572631835938
2022-07-28,HDFCBANK.NS,HDFC Bank,Private,670.650390625
2022-07-29,HDFCBANK.NS,HDFC Bank,Private,678.8627319335938
2022-08-01,HDFCBANK.NS,HDFC Bank,Private,684.5191650390625
2022-08-02,HDFCBANK.NS,HDFC Bank,Private,676.9931030273438
2022-08-03,HDFCBANK.NS,HDFC Bank,Private,678.5787353515625
2022-08-04,HDFCBANK.NS,HDFC Bank,Private,677.7741088867188
2022-08-05,HDFCBANK.NS,HDFC Bank,Private,675.4783935546875
2022-08-08,HDFCBANK.NS,HDFC Bank,Private,692.0453491210938
2022-08-10,HDFCBANK.NS,HDFC Bank,Private,694.0569458007812
2022-08-11,HDFCBANK.NS,HDFC Bank,Private,703.2398071289062
2022-08-12,HDFCBANK.NS,HDFC Bank,Private,702.9794311523438
2022-08-16,HDFCBANK.NS,HDFC Bank,Private,711.0262451171875
2022-08-17,HDFCBANK.NS,HDFC Bank,Private,714.6945190429688
2022-08-18,HDFCBANK.NS,HDFC Bank,Private,715.5465698242188
2022-08-19,HDFCBANK.NS,HDFC Bank,Private,706.71875
2022-08-22,HDFCBANK.NS,HDFC Bank,Private,695.9739379882812
2022-08-23,HDFCBANK.NS,HDFC Bank,Private,693.8202514648438
2022-08-24,HDFCBANK.NS,HDFC Bank,Private,697.1573486328125
2022-08-25,HDFCBANK.NS,HDFC Bank,Private,693.3706665039062
2022-08-26,HDFCBANK.NS,HDFC Bank,Private,693.4889526367188
2022-08-29,HDFCBANK.NS,HDFC Bank,Private,681.3240966796875
2022-08-30,HDFCBANK.NS,HDFC Bank,Private,703.4290771484375
2022-09-01,HDFCBANK.NS,HDFC Bank,Private,696.8260498046875
2022-09-02,HDFCBANK.NS,HDFC Bank,Private,703.1451416015625
2022-09-05,HDFCBANK.NS,HDFC Bank,Private,707.6654663085938
2022-09-06,HDFCBANK.NS,HDFC Bank,Private,704.9674072265625
2022-09-07,HDFCBANK.NS,HDFC Bank,Private,701.6304321289062
2022-09-08,HDFCBANK.NS,HDFC Bank,Private,708.87255859375
2022-09-09,HDFCBANK.NS,HDFC Bank,Private,709.3457641601562
2022-09-12,HDFCBANK.NS,HDFC Bank,Private,706.9555053710938
2022-09-13,HDFCBANK.NS,HDFC Bank,Private,716.2091674804688
2022-09-14,HDFCBANK.NS,HDFC Bank,Private,723.5696411132812
2022-09-15,HDFCBANK.NS,HDFC Bank,Private,719.8065795898438
2022-09-16,HDFCBANK.NS,HDFC Bank,Private,706.5767211914062
2022-09-19,HDFCBANK.NS,HDFC Bank,Private,711.2391967773438
2022-09-20,HDFCBANK.NS,HDFC Bank,Private,719.8065795898438
2022-09-21,HDFCBANK.NS,HDFC Bank,Private,718.6942749023438
2022-09-22,HDFCBANK.NS,HDFC Bank,Private,703.3818359375
2022-09-23,HDFCBANK.NS,HDFC Bank,Private,684.5191650390625
2022-09-26,HDFCBANK.NS,HDFC Bank,Private,675.2890625
2022-09-27,HDFCBANK.NS,HDFC Bank,Private,669.2302856445312
2022-09-28,HDFCBANK.NS,HDFC Bank,Private,657.7281494140625
2022-09-29,HDFCBANK.NS,HDFC Bank,Private,654.3201904296875
2022-09-30,HDFCBANK.NS,HDFC Bank,Private,672.7803344726562
2022-10-03,HDFCBANK.NS,HDFC Bank,Private,668.9226684570312
2022-10-04,HDFCBANK.NS,HDFC Bank,Private,687.7615966796875
2022-10-06,HDFCBANK.NS,HDFC Bank,Private,680.1881103515625
2022-10-07,HDFCBANK.NS,HDFC Bank,Private,677.25341796875
2022-10-10,HDFCBANK.NS,HDFC Bank,Private,669.774658203125
2022-10-11,HDFCBANK.NS,HDFC Bank,Private,662.9822998046875
2022-10-12,HDFCBANK.NS,HDFC Bank,Private,667.3133544921875
2022-10-13,HDFCBANK.NS,HDFC Bank,Private,659.6452026367188
2022-10-14,HDFCBANK.NS,HDFC Bank,Private,681.1348266601562
2022-10-17,HDFCBANK.NS,HDFC Bank,Private,684.7085571289062
2022-10-18,HDFCBANK.NS,HDFC Bank,Private,683.4304809570312
2022-10-19,HDFCBANK.NS,HDFC Bank,Private,690.4359741210938
2022-10-20,HDFCBANK.NS,HDFC Bank,Private,685.7736206054688
2022-10-21,HDFCBANK.NS,HDFC Bank,Private,680.9454345703125
2022-10-24,HDFCBANK.NS,HDFC Bank,Private,691.5718994140625
2022-10-25,HDFCBANK.NS,HDFC Bank,Private,686.7675170898438
2022-10-27,HDFCBANK.NS,HDFC Bank,Private,688.4241943359375
2022-10-28,HDFCBANK.NS,HDFC Bank,Private,690.4595947265625
2022-10-31,HDFCBANK.NS,HDFC Bank,Private,708.446533203125
2022-11-01,HDFCBANK.NS,HDFC Bank,Private,716.2802124023438
2022-11-02,HDFCBANK.NS,HDFC Bank,Private,716.7298583984375
2022-11-03,HDFCBANK.NS,HDFC Bank,Private,713.5822143554688
2022-11-04,HDFCBANK.NS,HDFC Bank,Private,708.6595458984375
2022-11-07,HDFCBANK.NS,HDFC Bank,Private,714.1739501953125
2022-11-09,HDFCBANK.NS,HDFC Bank,Private,713.9608154296875
2022-11-10,HDFCBANK.NS,HDFC Bank,Private,721.7236938476562
2022-11-11,HDFCBANK.NS,HDFC Bank,Private,762.6201782226562
2022-11-14,HDFCBANK.NS,HDFC Bank,Private,764.466064453125
2022-11-15,HDFCBANK.NS,HDFC Bank,Private,766.3358154296875
2022-11-16,HDFCBANK.NS,HDFC Bank,Private,772.9152221679688
2022-11-17,HDFCBANK.NS,HDFC Bank,Private,765.9335327148438
2022-11-18,HDFCBANK.NS,HDFC Bank,Private,763.921875
2022-11-21,HDFCBANK.NS,HDFC Bank,Private,756.0880737304688
2022-11-22,HDFCBANK.NS,HDFC Bank,Private,754.9756469726562
2022-11-23,HDFCBANK.NS,HDFC Bank,Private,756.9400634765625
2022-11-24,HDFCBANK.NS,HDFC Bank,Private,769.2468872070312
2022-11-25,HDFCBANK.NS,HDFC Bank,Private,765.6968383789062
2022-11-28,HDFCBANK.NS,HDFC Bank,Private,757.460693359375
2022-11-29,HDFCBANK.NS,HDFC Bank,Private,756.32470703125
2022-11-30,HDFCBANK.NS,HDFC Bank,Private,761.3421020507812
2022-12-01,HDFCBANK.NS,HDFC Bank,Private,766.572509765625
2022-12-02,HDFCBANK.NS,HDFC Bank,Private,760.7030639648438
2022-12-05,HDFCBANK.NS,HDFC Bank,Private,763.4721069335938
2022-12-06,HDFCBANK.NS,HDFC Bank,Private,762.6201782226562
2022-12-07,HDFCBANK.NS,HDFC Bank,Private,762.2887573242188
2022-12-08,HDFCBANK.NS,HDFC Bank,Private,766.572509765625
2022-12-09,HDFCBANK.NS,HDFC Bank,Private,772.0396118164062
2022-12-12,HDFCBANK.NS,HDFC Bank,Private,778.0509643554688
2022-12-13,HDFCBANK.NS,HDFC Bank,Private,780.2046508789062
2022-12-14,HDFCBANK.NS,HDFC Bank,Private,786.8076782226562
2022-12-15,HDFCBANK.NS,HDFC Bank,Private,772.3946533203125
2022-12-16,HDFCBANK.NS,HDFC Bank,Private,776.1102905273438
2022-12-19,HDFCBANK.NS,HDFC Bank,Private,778.5243530273438
2022-12-20,HDFCBANK.NS,HDFC Bank,Private,773.1519165039062
2022-12-21,HDFCBANK.NS,HDFC Bank,Private,765.6730346679688
2022-12-22,HDFCBANK.NS,HDFC Bank,Private,763.046142578125
2022-12-23,HDFCBANK.NS,HDFC Bank,Private,756.2301025390625
2022-12-26,HDFCBANK.NS,HDFC Bank,Private,771.2821655273438
2022-12-27,HDFCBANK.NS,HDFC Bank,Private,772.0632934570312
2022-12-28,HDFCBANK.NS,HDFC Bank,Private,771.4478149414062
2022-12-29,HDFCBANK.NS,HDFC Bank,Private,776.8912353515625
2022-12-30,HDFCBANK.NS,HDFC Bank,Private,770.6668701171875
2023-01-02,HDFCBANK.NS,HDFC Bank,Private,770.9271850585938
2023-01-03,HDFCBANK.NS,HDFC Bank,Private,775.9682006835938
2023-01-04,HDFCBANK.NS,HDFC Bank,Private,762.0994873046875
2023-01-05,HDFCBANK.NS,HDFC Bank,Private,757.2003784179688
2023-01-06,HDFCBANK.NS,HDFC Bank,Private,754.691650390625
2023-01-09,HDFCBANK.NS,HDFC Bank,Private,756.1590576171875
2023-01-10,HDFCBANK.NS,HDFC Bank,Private,742.3375854492188
2023-01-11,HDFCBANK.NS,HDFC Bank,Private,753.0350341796875
2023-01-12,HDFCBANK.NS,HDFC Bank,Private,757.0584106445312
2023-01-13,HDFCBANK.NS,HDFC Bank,Private,757.6500244140625
2023-01-16,HDFCBANK.NS,HDFC Bank,Private,750.3843383789062
2023-01-17,HDFCBANK.NS,HDFC Bank,Private,761.5551147460938
2023-01-18,HDFCBANK.NS,HDFC Bank,Private,774.9979858398438
2023-01-19,HDFCBANK.NS,HDFC Bank,Private,778.216552734375
2023-01-20,HDFCBANK.NS,HDFC Bank,Private,786.1923828125
2023-01-23,HDFCBANK.NS,HDFC Bank,Private,791.9434814453125
2023-01-24,HDFCBANK.NS,HDFC Bank,Private,802.5462036132812
2023-01-25,HDFCBANK.NS,HDFC Bank,Private,780.3703002929688
2023-01-27,HDFCBANK.NS,HDFC Bank,Private,764.8211669921875
2023-01-30,HDFCBANK.NS,HDFC Bank,Private,764.0402221679688
2023-01-31,HDFCBANK.NS,HDFC Bank,Private,758.9990844726562
2023-02-01,HDFCBANK.NS,HDFC Bank,Private,770.3828735351562
2023-02-02,HDFCBANK.NS,HDFC Bank,Private,758.9280395507812
2023-02-03,HDFCBANK.NS,HDFC Bank,Private,785.1748046875
2023-02-06,HDFCBANK.NS,HDFC Bank,Private,781.8377075195312
2023-02-07,HDFCBANK.NS,HDFC Bank,Private,782.997314453125
2023-02-08,HDFCBANK.NS,HDFC Bank,Private,782.9026489257812
2023-02-09,HDFCBANK.NS,HDFC Bank,Private,781.2697143554688
2023-02-10,HDFCBANK.NS,HDFC Bank,Private,784.3700561523438
2023-02-13,HDFCBANK.NS,HDFC Bank,Private,784.961669921875
2023-02-14,HDFCBANK.NS,HDFC Bank,Private,792.2274780273438
2023-02-15,HDFCBANK.NS,HDFC Bank,Private,790.6182250976562
2023-02-16,HDFCBANK.NS,HDFC Bank,Private,787.7545166015625
2023-02-17,HDFCBANK.NS,HDFC Bank,Private,783.8021240234375
2023-02-20,HDFCBANK.NS,HDFC Bank,Private,776.4415893554688
2023-02-21,HDFCBANK.NS,HDFC Bank,Private,779.3526611328125
2023-02-22,HDFCBANK.NS,HDFC Bank,Private,764.0637817382812
2023-02-23,HDFCBANK.NS,HDFC Bank,Private,758.8807373046875
2023-02-24,HDFCBANK.NS,HDFC Bank,Private,752.1119384765625
2023-02-27,HDFCBANK.NS,HDFC Bank,Private,753.9816284179688
2023-02-28,HDFCBANK.NS,HDFC Bank,Private,757.1530151367188
2023-03-01,HDFCBANK.NS,HDFC Bank,Private,756.41943359375
2023-03-02,HDFCBANK.NS,HDFC Bank,Private,749.9818725585938
2023-03-03,HDFCBANK.NS,HDFC Bank,Private,764.8685302734375
2023-03-06,HDFCBANK.NS,HDFC Bank,Private,770.2645874023438
2023-03-08,HDFCBANK.NS,HDFC Bank,Private,771.8029174804688
2023-03-09,HDFCBANK.NS,HDFC Bank,Private,771.8738403320312
2023-03-10,HDFCBANK.NS,HDFC Bank,Private,751.969970703125
2023-03-13,HDFCBANK.NS,HDFC Bank,Private,742.4559326171875
2023-03-14,HDFCBANK.NS,HDFC Bank,Private,740.4678344726562
2023-03-15,HDFCBANK.NS,HDFC Bank,Private,729.8414306640625
2023-03-16,HDFCBANK.NS,HDFC Bank,Private,734.57470703125
2023-03-17,HDFCBANK.NS,HDFC Bank,Private,744.3966064453125
2023-03-20,HDFCBANK.NS,HDFC Bank,Private,739.2371826171875
2023-03-21,HDFCBANK.NS,HDFC Bank,Private,747.615234375
2023-03-22,HDFCBANK.NS,HDFC Bank,Private,745.8876342773438
2023-03-23,HDFCBANK.NS,HDFC Bank,Private,739.8998413085938
2023-03-24,HDFCBANK.NS,HDFC Bank,Private,738.7164916992188
2023-03-27,HDFCBANK.NS,HDFC Bank,Private,741.9351806640625
2023-03-28,HDFCBANK.NS,HDFC Bank,Private,747.9702758789062
2023-03-29,HDFCBANK.NS,HDFC Bank,Private,751.5676879882812
2023-03-31,HDFCBANK.NS,HDFC Bank,Private,761.86279296875
2023-04-03,HDFCBANK.NS,HDFC Bank,Private,762.3361206054688
2023-04-05,HDFCBANK.NS,HDFC Bank,Private,782.7843017578125
2023-04-06,HDFCBANK.NS,HDFC Bank,Private,788.7484130859375
2023-04-10,HDFCBANK.NS,HDFC Bank,Private,785.0090942382812
2023-04-11,HDFCBANK.NS,HDFC Bank,Private,787.3047485351562
2023-04-12,HDFCBANK.NS,HDFC Bank,Private,797.5289306640625
2023-04-13,HDFCBANK.NS,HDFC Bank,Private,801.1025390625
2023-04-17,HDFCBANK.NS,HDFC Bank,Private,788.8904418945312
2023-04-18,HDFCBANK.NS,HDFC Bank,Private,785.5534057617188
2023-04-19,HDFCBANK.NS,HDFC Bank,Private,788.4407348632812
2023-04-20,HDFCBANK.NS,HDFC Bank,Private,791.3754272460938
2023-04-21,HDFCBANK.NS,HDFC Bank,Private,792.6535034179688
2023-04-24,HDFCBANK.NS,HDFC Bank,Private,799.0672607421875
2023-04-25,HDFCBANK.NS,HDFC Bank,Private,787.7070922851562
2023-04-26,HDFCBANK.NS,HDFC Bank,Private,791.328125
2023-04-27,HDFCBANK.NS,HDFC Bank,Private,795.682861328125
2023-04-28,HDFCBANK.NS,HDFC Bank,Private,798.806884765625
2023-05-02,HDFCBANK.NS,HDFC Bank,Private,798.6411743164062
2023-05-03,HDFCBANK.NS,HDFC Bank,Private,801.4339599609375
2023-05-04,HDFCBANK.NS,HDFC Bank,Private,817.8350830078125
2023-05-05,HDFCBANK.NS,HDFC Bank,Private,769.4835815429688
2023-05-08,HDFCBANK.NS,HDFC Bank,Private,778.3822631835938
2023-05-09,HDFCBANK.NS,HDFC Bank,Private,778.4059448242188
2023-05-10,HDFCBANK.NS,HDFC Bank,Private,782.0032958984375
2023-05-11,HDFCBANK.NS,HDFC Bank,Private,782.5239868164062
2023-05-12,HDFCBANK.NS,HDFC Bank,Private,789.434814453125
2023-05-15,HDFCBANK.NS,HDFC Bank,Private,793.2214965820312
2023-05-16,HDFCBANK.NS,HDFC Bank,Private,788.6732177734375
2023-05-17,HDFCBANK.NS,HDFC Bank,Private,784.4360961914062
2023-05-18,HDFCBANK.NS,HDFC Bank,Private,787.572021484375
2023-05-19,HDFCBANK.NS,HDFC Bank,Private,788.481689453125
2023-05-22,HDFCBANK.NS,HDFC Bank,Private,785.680908203125
2023-05-23,HDFCBANK.NS,HDFC Bank,Private,783.837646484375
2023-05-24,HDFCBANK.NS,HDFC Bank,Private,773.592041015625
2023-05-25,HDFCBANK.NS,HDFC Bank,Private,770.6236572265625
2023-05-26,HDFCBANK.NS,HDFC Bank,Private,773.592041015625
2023-05-29,HDFCBANK.NS,HDFC Bank,Private,783.0237426757812
2023-05-30,HDFCBANK.NS,HDFC Bank,Private,783.6221923828125
2023-05-31,HDFCBANK.NS,HDFC Bank,Private,771.22216796875
2023-06-01,HDFCBANK.NS,HDFC Bank,Private,767.942626953125
2023-06-02,HDFCBANK.NS,HDFC Bank,Private,769.1394653320312
2023-06-05,HDFCBANK.NS,HDFC Bank,Private,768.1340942382812
2023-06-06,HDFCBANK.NS,HDFC Bank,Private,765.740234375
2023-06-07,HDFCBANK.NS,HDFC Bank,Private,769.7139892578125
2023-06-08,HDFCBANK.NS,HDFC Bank,Private,770.1926879882812
2023-06-09,HDFCBANK.NS,HDFC Bank,Private,771.1024780273438
2023-06-12,HDFCBANK.NS,HDFC Bank,Private,766.4105224609375
2023-06-13,HDFCBANK.NS,HDFC Bank,Private,767.7031860351562
2023-06-14,HDFCBANK.NS,HDFC Bank,Private,766.8653564453125
2023-06-15,HDFCBANK.NS,HDFC Bank,Private,757.4336547851562
2023-06-16,HDFCBANK.NS,HDFC Bank,Private,767.3440551757812
2023-06-19,HDFCBANK.NS,HDFC Bank,Private,768.014404296875
2023-06-20,HDFCBANK.NS,HDFC Bank,Private,769.6182861328125
2023-06-21,HDFCBANK.NS,HDFC Bank,Private,783.0716552734375
2023-06-22,HDFCBANK.NS,HDFC Bank,Private,786.9017944335938
2023-06-23,HDFCBANK.NS,HDFC Bank,Private,786.8539428710938
2023-06-26,HDFCBANK.NS,HDFC Bank,Private,783.0476684570312
2023-06-27,HDFCBANK.NS,HDFC Bank,Private,794.0833129882812
2023-06-28,HDFCBANK.NS,HDFC Bank,Private,802.4856567382812
2023-06-30,HDFCBANK.NS,HDFC Bank,Private,814.5745239257812
2023-07-03,HDFCBANK.NS,HDFC Bank,Private,823.3838500976562
2023-07-04,HDFCBANK.NS,HDFC Bank,Private,827.4054565429688
2023-07-05,HDFCBANK.NS,HDFC Bank,Private,801.1211547851562
2023-07-06,HDFCBANK.NS,HDFC Bank,Private,801.93505859375
2023-07-07,HDFCBANK.NS,HDFC Bank,Private,794.945068359375
2023-07-10,HDFCBANK.NS,HDFC Bank,Private,793.0538940429688
2023-07-11,HDFCBANK.NS,HDFC Bank,Private,789.1998901367188
2023-07-12,HDFCBANK.NS,HDFC Bank,Private,781.8028564453125
2023-07-13,HDFCBANK.NS,HDFC Bank,Private,785.7047729492188
2023-07-14,HDFCBANK.NS,HDFC Bank,Private,787.3326416015625
2023-07-17,HDFCBANK.NS,HDFC Bank,Private,803.80224609375
2023-07-18,HDFCBANK.NS,HDFC Bank,Private,803.1319580078125
2023-07-19,HDFCBANK.NS,HDFC Bank,Private,806.7706298828125
2023-07-20,HDFCBANK.NS,HDFC Bank,Private,808.5181274414062
2023-07-21,HDFCBANK.NS,HDFC Bank,Private,802.294189453125
2023-07-24,HDFCBANK.NS,HDFC Bank,Private,803.5628662109375
2023-07-25,HDFCBANK.NS,HDFC Bank,Private,812.2764892578125
2023-07-26,HDFCBANK.NS,HDFC Bank,Private,809.45166015625
2023-07-27,HDFCBANK.NS,HDFC Bank,Private,801.0493774414062
2023-07-28,HDFCBANK.NS,HDFC Bank,Private,786.8539428710938
2023-07-31,HDFCBANK.NS,HDFC Bank,Private,790.5404052734375
2023-08-01,HDFCBANK.NS,HDFC Bank,Private,795.8307495117188
2023-08-02,HDFCBANK.NS,HDFC Bank,Private,785.4176025390625
2023-08-03,HDFCBANK.NS,HDFC Bank,Private,779.7442016601562
2023-08-04,HDFCBANK.NS,HDFC Bank,Private,791.0191040039062
2023-08-07,HDFCBANK.NS,HDFC Bank,Private,790.5643310546875
2023-08-08,HDFCBANK.NS,HDFC Bank,Private,789.9180297851562
2023-08-09,HDFCBANK.NS,HDFC Bank,Private,790.2052612304688
2023-08-10,HDFCBANK.NS,HDFC Bank,Private,783.1912841796875
2023-08-11,HDFCBANK.NS,HDFC Bank,Private,775.0283203125
2023-08-14,HDFCBANK.NS,HDFC Bank,Private,771.24609375
2023-08-16,HDFCBANK.NS,HDFC Bank,Private,768.995849609375
2023-08-17,HDFCBANK.NS,HDFC Bank,Private,764.7348022460938
2023-08-18,HDFCBANK.NS,HDFC Bank,Private,761.598876953125
2023-08-21,HDFCBANK.NS,HDFC Bank,Private,761.0004272460938
2023-08-22,HDFCBANK.NS,HDFC Bank,Private,757.7448120117188
2023-08-23,HDFCBANK.NS,HDFC Bank,Private,759.612060546875
2023-08-24,HDFCBANK.NS,HDFC Bank,Private,756.1170654296875
2023-08-25,HDFCBANK.NS,HDFC Bank,Private,747.594970703125
2023-08-28,HDFCBANK.NS,HDFC Bank,Private,755.3749389648438
2023-08-29,HDFCBANK.NS,HDFC Bank,Private,761.383544921875
2023-08-30,HDFCBANK.NS,HDFC Bank,Private,755.8297729492188
2023-08-31,HDFCBANK.NS,HDFC Bank,Private,752.3587036132812
2023-09-01,HDFCBANK.NS,HDFC Bank,Private,753.9147338867188
2023-09-04,HDFCBANK.NS,HDFC Bank,Private,758.630615234375
2023-09-05,HDFCBANK.NS,HDFC Bank,Private,754.010498046875
2023-09-06,HDFCBANK.NS,HDFC Bank,Private,763.873046875
2023-09-07,HDFCBANK.NS,HDFC Bank,Private,771.22216796875
2023-09-08,HDFCBANK.NS,HDFC Bank,Private,777.2306518554688
2023-09-11,HDFCBANK.NS,HDFC Bank,Private,781.2523803710938
2023-09-12,HDFCBANK.NS,HDFC Bank,Private,783.694091796875
2023-09-13,HDFCBANK.NS,HDFC Bank,Private,787.04541015625
2023-09-14,HDFCBANK.NS,HDFC Bank,Private,786.5665893554688
2023-09-15,HDFCBANK.NS,HDFC Bank,Private,795.5914306640625
2023-09-18,HDFCBANK.NS,HDFC Bank,Private,779.9357299804688
2023-09-20,HDFCBANK.NS,HDFC Bank,Private,748.6482543945312
2023-09-21,HDFCBANK.NS,HDFC Bank,Private,743.6929931640625
2023-09-22,HDFCBANK.NS,HDFC Bank,Private,732.3462524414062
2023-09-25,HDFCBANK.NS,HDFC Bank,Private,732.9925537109375
2023-09-26,HDFCBANK.NS,HDFC Bank,Private,736.1763916015625
2023-09-27,HDFCBANK.NS,HDFC Bank,Private,731.0056762695312
2023-09-28,HDFCBANK.NS,HDFC Bank,Private,729.49755859375
2023-09-29,HDFCBANK.NS,HDFC Bank,Private,730.7423706054688
2023-10-03,HDFCBANK.NS,HDFC Bank,Private,722.0048828125
2023-10-04,HDFCBANK.NS,HDFC Bank,Private,732.29833984375
2023-10-05,HDFCBANK.NS,HDFC Bank,Private,735.2667236328125
2023-10-06,HDFCBANK.NS,HDFC Bank,Private,734.4528198242188
2023-10-09,HDFCBANK.NS,HDFC Bank,Private,725.9307250976562
2023-10-10,HDFCBANK.NS,HDFC Bank,Private,730.0481567382812
2023-10-11,HDFCBANK.NS,HDFC Bank,Private,737.1099853515625
2023-10-12,HDFCBANK.NS,HDFC Bank,Private,742.017333984375
2023-10-13,HDFCBANK.NS,HDFC Bank,Private,735.2667236328125
2023-10-16,HDFCBANK.NS,HDFC Bank,Private,732.3223266601562
2023-10-17,HDFCBANK.NS,HDFC Bank,Private,737.8759765625
2023-10-18,HDFCBANK.NS,HDFC Bank,Private,727.6064453125
2023-10-19,HDFCBANK.NS,HDFC Bank,Private,725.308349609375
2023-10-20,HDFCBANK.NS,HDFC Bank,Private,729.066650390625
2023-10-23,HDFCBANK.NS,HDFC Bank,Private,721.04736328125
2023-10-25,HDFCBANK.NS,HDFC Bank,Private,716.4751586914062
2023-10-26,HDFCBANK.NS,HDFC Bank,Private,700.6278686523438
2023-10-27,HDFCBANK.NS,HDFC Bank,Private,703.3807983398438
2023-10-30,HDFCBANK.NS,HDFC Bank,Private,711.0172119140625
2023-10-31,HDFCBANK.NS,HDFC Bank,Private,706.8997802734375
2023-11-01,HDFCBANK.NS,HDFC Bank,Private,705.942138671875
2023-11-02,HDFCBANK.NS,HDFC Bank,Private,707.0194702148438
2023-11-03,HDFCBANK.NS,HDFC Bank,Private,710.3707885742188
2023-11-06,HDFCBANK.NS,HDFC Bank,Private,715.517578125
2023-11-07,HDFCBANK.NS,HDFC Bank,Private,712.0465087890625
2023-11-08,HDFCBANK.NS,HDFC Bank,Private,714.1052856445312
2023-11-09,HDFCBANK.NS,HDFC Bank,Private,711.280517578125
2023-11-10,HDFCBANK.NS,HDFC Bank,Private,714.081298828125
2023-11-13,HDFCBANK.NS,HDFC Bank,Private,712.7886352539062
2023-11-15,HDFCBANK.NS,HDFC Bank,Private,720.2573852539062
2023-11-16,HDFCBANK.NS,HDFC Bank,Private,722.1484985351562
2023-11-17,HDFCBANK.NS,HDFC Bank,Private,720.5924682617188
2023-11-20,HDFCBANK.NS,HDFC Bank,Private,720.6403198242188
2023-11-21,HDFCBANK.NS,HDFC Bank,Private,726.74462890625
2023-11-22,HDFCBANK.NS,HDFC Bank,Private,724.159423828125
2023-11-23,HDFCBANK.NS,HDFC Bank,Private,728.3485717773438
2023-11-24,HDFCBANK.NS,HDFC Bank,Private,733.5192260742188
2023-11-28,HDFCBANK.NS,HDFC Bank,Private,731.867431640625
2023-11-29,HDFCBANK.NS,HDFC Bank,Private,746.4699096679688
2023-11-30,HDFCBANK.NS,HDFC Bank,Private,746.3023071289062
2023-12-01,HDFCBANK.NS,HDFC Bank,Private,744.6744995117188
2023-12-04,HDFCBANK.NS,HDFC Bank,Private,770.5279541015625
2023-12-05,HDFCBANK.NS,HDFC Bank,Private,777.3742065429688
2023-12-06,HDFCBANK.NS,HDFC Bank,Private,779.3372802734375
2023-12-07,HDFCBANK.NS,HDFC Bank,Private,780.60595703125
2023-12-08,HDFCBANK.NS,HDFC Bank,Private,791.4978637695312
2023-12-11,HDFCBANK.NS,HDFC Bank,Private,790.4447021484375
2023-12-12,HDFCBANK.NS,HDFC Bank,Private,782.5928344726562
2023-12-13,HDFCBANK.NS,HDFC Bank,Private,780.8214111328125
2023-12-14,HDFCBANK.NS,HDFC Bank,Private,790.0376586914062
2023-12-15,HDFCBANK.NS,HDFC Bank,Private,793.1018676757812
2023-12-18,HDFCBANK.NS,HDFC Bank,Private,792.69482421875
2023-12-19,HDFCBANK.NS,HDFC Bank,Private,791.3543090820312
2023-12-20,HDFCBANK.NS,HDFC Bank,Private,793.3171997070312
2023-12-21,HDFCBANK.NS,HDFC Bank,Private,807.53662109375
2023-12-22,HDFCBANK.NS,HDFC Bank,Private,799.9481201171875
2023-12-26,HDFCBANK.NS,HDFC Bank,Private,805.5018310546875
2023-12-27,HDFCBANK.NS,HDFC Bank,Private,815.4841918945312
2023-12-28,HDFCBANK.NS,HDFC Bank,Private,816.417724609375
2023-12-29,HDFCBANK.NS,HDFC Bank,Private,818.3328247070312
2024-01-01,HDFCBANK.NS,HDFC Bank,Private,812.9945678710938
2024-01-02,HDFCBANK.NS,HDFC Bank,Private,813.4733276367188
2024-01-03,HDFCBANK.NS,HDFC Bank,Private,800.9296875
2024-01-04,HDFCBANK.NS,HDFC Bank,Private,809.5235595703125
2024-01-05,HDFCBANK.NS,HDFC Bank,Private,805.3822021484375
2024-01-08,HDFCBANK.NS,HDFC Bank,Private,796.4052734375
2024-01-09,HDFCBANK.NS,HDFC Bank,Private,790.2052612304688
2024-01-10,HDFCBANK.NS,HDFC Bank,Private,792.8145141601562
2024-01-11,HDFCBANK.NS,HDFC Bank,Private,789.4871215820312
2024-01-12,HDFCBANK.NS,HDFC Bank,Private,785.7526245117188
2024-01-15,HDFCBANK.NS,HDFC Bank,Private,800.8817749023438
2024-01-16,HDFCBANK.NS,HDFC Bank,Private,803.9219360351562
2024-01-17,HDFCBANK.NS,HDFC Bank,Private,736.1045532226562
2024-01-18,HDFCBANK.NS,HDFC Bank,Private,711.5198364257812
2024-01-19,HDFCBANK.NS,HDFC Bank,Private,704.0989990234375
2024-01-23,HDFCBANK.NS,HDFC Bank,Private,683.3682861328125
2024-01-24,HDFCBANK.NS,HDFC Bank,Private,697.0371704101562
2024-01-25,HDFCBANK.NS,HDFC Bank,Private,686.9830932617188
2024-01-29,HDFCBANK.NS,HDFC Bank,Private,696.438720703125
2024-01-30,HDFCBANK.NS,HDFC Bank,Private,691.4835205078125
2024-01-31,HDFCBANK.NS,HDFC Bank,Private,700.2210083007812
2024-02-01,HDFCBANK.NS,HDFC Bank,Private,702.040283203125
2024-02-02,HDFCBANK.NS,HDFC Bank,Private,692.369140625
2024-02-05,HDFCBANK.NS,HDFC Bank,Private,691.7467041015625
2024-02-06,HDFCBANK.NS,HDFC Bank,Private,691.3876953125
2024-02-07,HDFCBANK.NS,HDFC Bank,Private,684.6130981445312
2024-02-08,HDFCBANK.NS,HDFC Bank,Private,671.7343139648438
2024-02-09,HDFCBANK.NS,HDFC Bank,Private,671.9976196289062
2024-02-12,HDFCBANK.NS,HDFC Bank,Private,665.4864501953125
2024-02-13,HDFCBANK.NS,HDFC Bank,Private,667.6168823242188
2024-02-14,HDFCBANK.NS,HDFC Bank,Private,662.6378173828125
2024-02-15,HDFCBANK.NS,HDFC Bank,Private,677.0007934570312
2024-02-16,HDFCBANK.NS,HDFC Bank,Private,679.8015747070312
2024-02-19,HDFCBANK.NS,HDFC Bank,Private,678.4609985351562
2024-02-20,HDFCBANK.NS,HDFC Bank,Private,696.2711181640625
2024-02-21,HDFCBANK.NS,HDFC Bank,Private,689.0177612304688
2024-02-22,HDFCBANK.NS,HDFC Bank,Private,679.634033203125
2024-02-23,HDFCBANK.NS,HDFC Bank,Private,680.1366577148438
2024-02-26,HDFCBANK.NS,HDFC Bank,Private,680.9506225585938
2024-02-27,HDFCBANK.NS,HDFC Bank,Private,679.9212646484375
2024-02-28,HDFCBANK.NS,HDFC Bank,Private,674.7744750976562
2024-02-29,HDFCBANK.NS,HDFC Bank,Private,671.90185546875
2024-03-01,HDFCBANK.NS,HDFC Bank,Private,684.9961547851562
2024-03-04,HDFCBANK.NS,HDFC Bank,Private,685.9296875
2024-03-05,HDFCBANK.NS,HDFC Bank,Private,689.8317260742188
2024-03-06,HDFCBANK.NS,HDFC Bank,Private,690.6695556640625
2024-03-07,HDFCBANK.NS,HDFC Bank,Private,692.3452758789062
2024-03-11,HDFCBANK.NS,HDFC Bank,Private,683.5838012695312
2024-03-12,HDFCBANK.NS,HDFC Bank,Private,698.78466796875
2024-03-13,HDFCBANK.NS,HDFC Bank,Private,699.191650390625
2024-03-14,HDFCBANK.NS,HDFC Bank,Private,696.8217163085938
2024-03-15,HDFCBANK.NS,HDFC Bank,Private,695.481201171875
2024-03-18,HDFCBANK.NS,HDFC Bank,Private,692.3212890625
2024-03-19,HDFCBANK.NS,HDFC Bank,Private,693.9012451171875
2024-03-20,HDFCBANK.NS,HDFC Bank,Private,685.1398315429688
2024-03-21,HDFCBANK.NS,HDFC Bank,Private,692.1776123046875
2024-03-22,HDFCBANK.NS,HDFC Bank,Private,690.7892456054688
2024-03-26,HDFCBANK.NS,HDFC Bank,Private,682.4347534179688
2024-03-27,HDFCBANK.NS,HDFC Bank,Private,689.7598266601562
2024-03-28,HDFCBANK.NS,HDFC Bank,Private,693.20703125
2024-04-01,HDFCBANK.NS,HDFC Bank,Private,704.0271606445312
2024-04-02,HDFCBANK.NS,HDFC Bank,Private,708.6472778320312
2024-04-03,HDFCBANK.NS,HDFC Bank,Private,709.6766357421875
2024-04-04,HDFCBANK.NS,HDFC Bank,Private,731.36474609375
2024-04-05,HDFCBANK.NS,HDFC Bank,Private,741.8737182617188
2024-04-08,HDFCBANK.NS,HDFC Bank,Private,740.4613037109375
2024-04-09,HDFCBANK.NS,HDFC Bank,Private,741.39501953125
2024-04-10,HDFCBANK.NS,HDFC Bank,Private,735.5540161132812
2024-04-12,HDFCBANK.NS,HDFC Bank,Private,727.2233276367188
2024-04-15,HDFCBANK.NS,HDFC Bank,Private,715.6133422851562
2024-04-16,HDFCBANK.NS,HDFC Bank,Private,722.5794067382812
2024-04-18,HDFCBANK.NS,HDFC Bank,Private,715.6133422851562
2024-04-19,HDFCBANK.NS,HDFC Bank,Private,733.13623046875
2024-04-22,HDFCBANK.NS,HDFC Bank,Private,723.99169921875
2024-04-23,HDFCBANK.NS,HDFC Bank,Private,721.7894287109375
2024-04-24,HDFCBANK.NS,HDFC Bank,Private,723.7523193359375
2024-04-25,HDFCBANK.NS,HDFC Bank,Private,723.2975463867188
2024-04-26,HDFCBANK.NS,HDFC Bank,Private,722.8427124023438
2024-04-29,HDFCBANK.NS,HDFC Bank,Private,732.2744750976562
2024-04-30,HDFCBANK.NS,HDFC Bank,Private,727.7739868164062
2024-05-02,HDFCBANK.NS,HDFC Bank,Private,733.591064453125
2024-05-03,HDFCBANK.NS,HDFC Bank,Private,727.5346069335938
2024-05-06,HDFCBANK.NS,HDFC Bank,Private,728.994873046875
2024-05-07,HDFCBANK.NS,HDFC Bank,Private,721.09521484375
2024-05-08,HDFCBANK.NS,HDFC Bank,Private,709.8441772460938
2024-05-09,HDFCBANK.NS,HDFC Bank,Private,693.0155029296875
2024-05-10,HDFCBANK.NS,HDFC Bank,Private,697.820068359375
2024-05-13,HDFCBANK.NS,HDFC Bank,Private,706.2400512695312
2024-05-14,HDFCBANK.NS,HDFC Bank,Private,709.0062866210938
2024-05-15,HDFCBANK.NS,HDFC Bank,Private,698.1111450195312
2024-05-16,HDFCBANK.NS,HDFC Bank,Private,708.6665649414062
2024-05-17,HDFCBANK.NS,HDFC Bank,Private,710.5350341796875
2024-05-21,HDFCBANK.NS,HDFC Bank,Private,707.9629516601562
2024-05-22,HDFCBANK.NS,HDFC Bank,Private,708.1570434570312
2024-05-23,HDFCBANK.NS,HDFC Bank,Private,724.3662109375
2024-05-24,HDFCBANK.NS,HDFC Bank,Private,736.3046875
2024-05-27,HDFCBANK.NS,HDFC Bank,Private,741.4004516601562
2024-05-28,HDFCBANK.NS,HDFC Bank,Private,742.75927734375
2024-05-29,HDFCBANK.NS,HDFC Bank,Private,731.9855346679688
2024-05-30,HDFCBANK.NS,HDFC Bank,Private,735.1642456054688
2024-05-31,HDFCBANK.NS,HDFC Bank,Private,743.268798828125
2024-06-03,HDFCBANK.NS,HDFC Bank,Private,762.9965209960938
2024-06-04,HDFCBANK.NS,HDFC Bank,Private,719.780029296875
2024-06-05,HDFCBANK.NS,HDFC Bank,Private,753.0962524414062
2024-06-06,HDFCBANK.NS,HDFC Bank,Private,756.9301147460938
2024-06-07,HDFCBANK.NS,HDFC Bank,Private,763.5545654296875
2024-06-10,HDFCBANK.NS,HDFC Bank,Private,757.7066650390625
2024-06-11,HDFCBANK.NS,HDFC Bank,Private,759.4052734375
2024-06-12,HDFCBANK.NS,HDFC Bank,Private,763.9428100585938
2024-06-13,HDFCBANK.NS,HDFC Bank,Private,767.1458740234375
2024-06-14,HDFCBANK.NS,HDFC Bank,Private,774.9834594726562
2024-06-18,HDFCBANK.NS,HDFC Bank,Private,780.2733764648438
2024-06-19,HDFCBANK.NS,HDFC Bank,Private,804.5628662109375
2024-06-20,HDFCBANK.NS,HDFC Bank,Private,810.143798828125
2024-06-21,HDFCBANK.NS,HDFC Bank,Private,808.396728515625
2024-06-24,HDFCBANK.NS,HDFC Bank,Private,811.6240234375
2024-06-25,HDFCBANK.NS,HDFC Bank,Private,830.5266723632812
2024-06-26,HDFCBANK.NS,HDFC Bank,Private,825.7463989257812
2024-06-27,HDFCBANK.NS,HDFC Bank,Private,823.1500244140625
2024-06-28,HDFCBANK.NS,HDFC Bank,Private,817.156494140625
2024-07-01,HDFCBANK.NS,HDFC Bank,Private,827.5420532226562
2024-07-02,HDFCBANK.NS,HDFC Bank,Private,839.8687744140625
2024-07-03,HDFCBANK.NS,HDFC Bank,Private,858.334716796875
2024-07-04,HDFCBANK.NS,HDFC Bank,Private,838.1945190429688
2024-07-05,HDFCBANK.NS,HDFC Bank,Private,799.8311157226562
2024-07-08,HDFCBANK.NS,HDFC Bank,Private,793.6434936523438
2024-07-09,HDFCBANK.NS,HDFC Bank,Private,794.2015380859375
2024-07-10,HDFCBANK.NS,HDFC Bank,Private,789.1544189453125
2024-07-11,HDFCBANK.NS,HDFC Bank,Private,787.1161499023438
2024-07-12,HDFCBANK.NS,HDFC Bank,Private,787.5043334960938
2024-07-15,HDFCBANK.NS,HDFC Bank,Private,787.2131958007812
2024-07-16,HDFCBANK.NS,HDFC Bank,Private,786.07275390625
2024-07-18,HDFCBANK.NS,HDFC Bank,Private,783.6704711914062
2024-07-19,HDFCBANK.NS,HDFC Bank,Private,780.03076171875
2024-07-22,HDFCBANK.NS,HDFC Bank,Private,797.1376953125
2024-07-23,HDFCBANK.NS,HDFC Bank,Private,785.4176025390625
2024-07-24,HDFCBANK.NS,HDFC Bank,Private,778.4534912109375
2024-07-25,HDFCBANK.NS,HDFC Bank,Private,784.5440673828125
2024-07-26,HDFCBANK.NS,HDFC Bank,Private,785.2962646484375
2024-07-29,HDFCBANK.NS,HDFC Bank,Private,778.9387817382812
2024-07-30,HDFCBANK.NS,HDFC Bank,Private,784.0344848632812
2024-07-31,HDFCBANK.NS,HDFC Bank,Private,784.1314697265625
2024-08-01,HDFCBANK.NS,HDFC Bank,Private,795.3178100585938
2024-08-02,HDFCBANK.NS,HDFC Bank,Private,805.1937255859375
2024-08-05,HDFCBANK.NS,HDFC Bank,Private,784.1314697265625
2024-08-06,HDFCBANK.NS,HDFC Bank,Private,777.0703125
2024-08-07,HDFCBANK.NS,HDFC Bank,Private,787.892578125
2024-08-08,HDFCBANK.NS,HDFC Bank,Private,797.21044921875
2024-08-09,HDFCBANK.NS,HDFC Bank,Private,800.8502197265625
2024-08-12,HDFCBANK.NS,HDFC Bank,Private,805.65478515625
2024-08-13,HDFCBANK.NS,HDFC Bank,Private,778.0408935546875
2024-08-14,HDFCBANK.NS,HDFC Bank,Private,780.2733764648438
2024-08-16,HDFCBANK.NS,HDFC Bank,Private,792.0662841796875
2024-08-19,HDFCBANK.NS,HDFC Bank,Private,791.79931640625
2024-08-20,HDFCBANK.NS,HDFC Bank,Private,794.7839965820312
2024-08-21,HDFCBANK.NS,HDFC Bank,Private,789.0089111328125
2024-08-22,HDFCBANK.NS,HDFC Bank,Private,791.6780395507812
2024-08-23,HDFCBANK.NS,HDFC Bank,Private,788.6448364257812
2024-08-26,HDFCBANK.NS,HDFC Bank,Private,795.8759155273438
2024-08-27,HDFCBANK.NS,HDFC Bank,Private,794.8082275390625
2024-08-28,HDFCBANK.NS,HDFC Bank,Private,794.4927978515625
2024-08-29,HDFCBANK.NS,HDFC Bank,Private,795.1964721679688
2024-08-30,HDFCBANK.NS,HDFC Bank,Private,794.395751953125
2024-09-02,HDFCBANK.NS,HDFC Bank,Private,789.5668334960938
2024-09-03,HDFCBANK.NS,HDFC Bank,Private,794.6141357421875
2024-09-04,HDFCBANK.NS,HDFC Bank,Private,796.773681640625
2024-09-05,HDFCBANK.NS,HDFC Bank,Private,798.5450439453125
2024-09-06,HDFCBANK.NS,HDFC Bank,Private,794.419921875
2024-09-09,HDFCBANK.NS,HDFC Bank,Private,799.0546264648438
2024-09-10,HDFCBANK.NS,HDFC Bank,Private,800.9230346679688
2024-09-11,HDFCBANK.NS,HDFC Bank,Private,797.7928466796875
2024-09-12,HDFCBANK.NS,HDFC Bank,Private,808.8092651367188
2024-09-13,HDFCBANK.NS,HDFC Bank,Private,808.4938354492188
2024-09-16,HDFCBANK.NS,HDFC Bank,Private,810.9202880859375
2024-09-17,HDFCBANK.NS,HDFC Bank,Private,809.876953125
2024-09-18,HDFCBANK.NS,HDFC Bank,Private,822.494873046875
2024-09-19,HDFCBANK.NS,HDFC Bank,Private,829.1435546875
2024-09-20,HDFCBANK.NS,HDFC Bank,Private,845.0130004882812
2024-09-23,HDFCBANK.NS,HDFC Bank,Private,854.0397338867188
2024-09-24,HDFCBANK.NS,HDFC Bank,Private,858.04345703125
2024-09-25,HDFCBANK.NS,HDFC Bank,Private,863.406005859375
2024-09-26,HDFCBANK.NS,HDFC Bank,Private,865.5171508789062
2024-09-27,HDFCBANK.NS,HDFC Bank,Private,850.5697631835938
2024-09-30,HDFCBANK.NS,HDFC Bank,Private,840.572509765625
2024-10-01,HDFCBANK.NS,HDFC Bank,Private,837.7333984375
2024-10-03,HDFCBANK.NS,HDFC Bank,Private,816.282958984375
2024-10-04,HDFCBANK.NS,HDFC Bank,Private,804.4658203125
2024-10-07,HDFCBANK.NS,HDFC Bank,Private,785.1264038085938
2024-10-08,HDFCBANK.NS,HDFC Bank,Private,801.2628173828125
2024-10-09,HDFCBANK.NS,HDFC Bank,Private,792.5758056640625
2024-10-10,HDFCBANK.NS,HDFC Bank,Private,806.7709350585938
2024-10-11,HDFCBANK.NS,HDFC Bank,Private,801.238525390625
2024-10-14,HDFCBANK.NS,HDFC Bank,Private,819.2433471679688
2024-10-15,HDFCBANK.NS,HDFC Bank,Private,817.3021240234375
2024-10-16,HDFCBANK.NS,HDFC Bank,Private,824.9214477539062
2024-10-17,HDFCBANK.NS,HDFC Bank,Private,811.988037109375
2024-10-18,HDFCBANK.NS,HDFC Bank,Private,816.210205078125
2024-10-21,HDFCBANK.NS,HDFC Bank,Private,838.9466552734375
2024-10-22,HDFCBANK.NS,HDFC Bank,Private,832.0796508789062
2024-10-23,HDFCBANK.NS,HDFC Bank,Private,842.3924560546875
2024-10-24,HDFCBANK.NS,HDFC Bank,Private,849.1138305664062
2024-10-25,HDFCBANK.NS,HDFC Bank,Private,846.0806884765625
2024-10-28,HDFCBANK.NS,HDFC Bank,Private,841.6158447265625
2024-10-29,HDFCBANK.NS,HDFC Bank,Private,850.1815185546875
2024-10-30,HDFCBANK.NS,HDFC Bank,Private,841.8099365234375
2024-10-31,HDFCBANK.NS,HDFC Bank,Private,842.3438720703125
2024-11-01,HDFCBANK.NS,HDFC Bank,Private,843.1203002929688
2024-11-04,HDFCBANK.NS,HDFC Bank,Private,831.8612060546875
2024-11-05,HDFCBANK.NS,HDFC Bank,Private,853.0933227539062
2024-11-06,HDFCBANK.NS,HDFC Bank,Private,851.83154296875
2024-11-07,HDFCBANK.NS,HDFC Bank,Private,847.6094360351562
2024-11-08,HDFCBANK.NS,HDFC Bank,Private,851.4432373046875
2024-11-11,HDFCBANK.NS,HDFC Bank,Private,857.1942138671875
2024-11-12,HDFCBANK.NS,HDFC Bank,Private,833.8510131835938
2024-11-13,HDFCBANK.NS,HDFC Bank,Private,815.9674682617188
2024-11-14,HDFCBANK.NS,HDFC Bank,Private,821.5
2024-11-18,HDFCBANK.NS,HDFC Bank,Private,827.4934692382812
2024-11-19,HDFCBANK.NS,HDFC Bank,Private,845.5225830078125
2024-11-21,HDFCBANK.NS,HDFC Bank,Private,845.0130004882812
2024-11-22,HDFCBANK.NS,HDFC Bank,Private,847.1483154296875
2024-11-25,HDFCBANK.NS,HDFC Bank,Private,866.560546875
2024-11-26,HDFCBANK.NS,HDFC Bank,Private,866.5363159179688
2024-11-27,HDFCBANK.NS,HDFC Bank,Private,879.5181884765625
2024-11-28,HDFCBANK.NS,HDFC Bank,Private,870.224609375
2024-11-29,HDFCBANK.NS,HDFC Bank,Private,871.6320190429688
2024-12-02,HDFCBANK.NS,HDFC Bank,Private,875.8298950195312
2024-12-03,HDFCBANK.NS,HDFC Bank,Private,886.3124389648438
2024-12-04,HDFCBANK.NS,HDFC Bank,Private,902.7157592773438
2024-12-05,HDFCBANK.NS,HDFC Bank,Private,905.457763671875
2024-12-06,HDFCBANK.NS,HDFC Bank,Private,900.6531982421875
2024-12-09,HDFCBANK.NS,HDFC Bank,Private,907.5203247070312
2024-12-10,HDFCBANK.NS,HDFC Bank,Private,906.5982055664062
2024-12-11,HDFCBANK.NS,HDFC Bank,Private,904.1716918945312
2024-12-12,HDFCBANK.NS,HDFC Bank,Private,902.3032836914062
2024-12-13,HDFCBANK.NS,HDFC Bank,Private,908.3695678710938
2024-12-16,HDFCBANK.NS,HDFC Bank,Private,905.1907958984375
2024-12-17,HDFCBANK.NS,HDFC Bank,Private,889.6853637695312
2024-12-18,HDFCBANK.NS,HDFC Bank,Private,878.7417602539062
2024-12-19,HDFCBANK.NS,HDFC Bank,Private,870.3944702148438
2024-12-20,HDFCBANK.NS,HDFC Bank,Private,859.7177734375
2024-12-23,HDFCBANK.NS,HDFC Bank,Private,874.0342407226562
2024-12-24,HDFCBANK.NS,HDFC Bank,Private,872.6268920898438
2024-12-26,HDFCBANK.NS,HDFC Bank,Private,869.0598754882812
2024-12-27,HDFCBANK.NS,HDFC Bank,Private,872.69970703125
2024-12-30,HDFCBANK.NS,HDFC Bank,Private,862.82373046875
2024-12-31,HDFCBANK.NS,HDFC Bank,Private,860.3728637695312
2025-01-01,HDFCBANK.NS,HDFC Bank,Private,865.1774291992188
2025-01-02,HDFCBANK.NS,HDFC Bank,Private,870.5158081054688
2025-01-03,HDFCBANK.NS,HDFC Bank,Private,848.8953857421875
2025-01-06,HDFCBANK.NS,HDFC Bank,Private,830.1141357421875
2025-01-07,HDFCBANK.NS,HDFC Bank,Private,831.521484375
2025-01-08,HDFCBANK.NS,HDFC Bank,Private,822.2522583007812
2025-01-09,HDFCBANK.NS,HDFC Bank,Private,809.3916625976562
2025-01-10,HDFCBANK.NS,HDFC Bank,Private,804.0289916992188
2025-01-13,HDFCBANK.NS,HDFC Bank,Private,791.4596557617188
2025-01-14,HDFCBANK.NS,HDFC Bank,Private,799.1031494140625
2025-01-15,HDFCBANK.NS,HDFC Bank,Private,797.38037109375
2025-01-16,HDFCBANK.NS,HDFC Bank,Private,801.7481689453125
2025-01-17,HDFCBANK.NS,HDFC Bank,Private,794.3229370117188
2025-01-20,HDFCBANK.NS,HDFC Bank,Private,801.35986328125
2025-01-21,HDFCBANK.NS,HDFC Bank,Private,797.06494140625
2025-01-22,HDFCBANK.NS,HDFC Bank,Private,808.5423583984375
2025-01-23,HDFCBANK.NS,HDFC Bank,Private,807.9843139648438
2025-01-24,HDFCBANK.NS,HDFC Bank,Private,800.6561889648438
2025-01-27,HDFCBANK.NS,HDFC Bank,Private,790.9500732421875
2025-01-28,HDFCBANK.NS,HDFC Bank,Private,810.6534423828125
2025-01-29,HDFCBANK.NS,HDFC Bank,Private,814.0020141601562
2025-01-30,HDFCBANK.NS,HDFC Bank,Private,820.8933715820312
2025-01-31,HDFCBANK.NS,HDFC Bank,Private,824.4118041992188
2025-02-01,HDFCBANK.NS,HDFC Bank,Private,820.62646484375
2025-02-03,HDFCBANK.NS,HDFC Bank,Private,814.3417358398438
2025-02-04,HDFCBANK.NS,HDFC Bank,Private,835.161376953125
2025-02-05,HDFCBANK.NS,HDFC Bank,Private,843.363037109375
2025-02-06,HDFCBANK.NS,HDFC Bank,Private,846.299072265625
2025-02-07,HDFCBANK.NS,HDFC Bank,Private,840.9122314453125
2025-02-10,HDFCBANK.NS,HDFC Bank,Private,832.6619262695312
2025-02-11,HDFCBANK.NS,HDFC Bank,Private,825.6978759765625
2025-02-12,HDFCBANK.NS,HDFC Bank,Private,828.3184814453125
2025-02-13,HDFCBANK.NS,HDFC Bank,Private,823.9022216796875
2025-02-14,HDFCBANK.NS,HDFC Bank,Private,822.5191040039062
2025-02-17,HDFCBANK.NS,HDFC Bank,Private,833.4384765625
2025-02-18,HDFCBANK.NS,HDFC Bank,Private,836.2047119140625
2025-02-19,HDFCBANK.NS,HDFC Bank,Private,838.21875
2025-02-20,HDFCBANK.NS,HDFC Bank,Private,818.7579956054688
2025-02-21,HDFCBANK.NS,HDFC Bank,Private,821.378662109375
2025-02-24,HDFCBANK.NS,HDFC Bank,Private,813.9049072265625
2025-02-25,HDFCBANK.NS,HDFC Bank,Private,816.4528198242188
2025-02-27,HDFCBANK.NS,HDFC Bank,Private,825.3582153320312
2025-02-28,HDFCBANK.NS,HDFC Bank,Private,840.7423706054688
2025-03-03,HDFCBANK.NS,HDFC Bank,Private,825.7706909179688
2025-03-04,HDFCBANK.NS,HDFC Bank,Private,829.8715209960938
2025-03-05,HDFCBANK.NS,HDFC Bank,Private,820.1654052734375
2025-03-06,HDFCBANK.NS,HDFC Bank,Private,820.7477416992188
2025-03-07,HDFCBANK.NS,HDFC Bank,Private,819.8013916015625
2025-03-10,HDFCBANK.NS,HDFC Bank,Private,818.9521484375
2025-03-11,HDFCBANK.NS,HDFC Bank,Private,817.9815673828125
2025-03-12,HDFCBANK.NS,HDFC Bank,Private,830.4295654296875
2025-03-13,HDFCBANK.NS,HDFC Bank,Private,828.2214965820312
2025-03-17,HDFCBANK.NS,HDFC Bank,Private,830.0656127929688
2025-03-18,HDFCBANK.NS,HDFC Bank,Private,830.0656127929688
2025-03-19,HDFCBANK.NS,HDFC Bank,Private,846.42041015625
2025-03-20,HDFCBANK.NS,HDFC Bank,Private,858.3831787109375
2025-03-21,HDFCBANK.NS,HDFC Bank,Private,859.15966796875
2025-03-24,HDFCBANK.NS,HDFC Bank,Private,873.5489501953125
2025-03-25,HDFCBANK.NS,HDFC Bank,Private,883.958740234375
2025-03-26,HDFCBANK.NS,HDFC Bank,Private,876.7277221679688
2025-03-27,HDFCBANK.NS,HDFC Bank,Private,885.8514404296875
2025-03-28,HDFCBANK.NS,HDFC Bank,Private,887.2345581054688
2025-04-01,HDFCBANK.NS,HDFC Bank,Private,857.9464111328125
2025-04-02,HDFCBANK.NS,HDFC Bank,Private,872.0444946289062
2025-04-03,HDFCBANK.NS,HDFC Bank,Private,871.0496215820312
2025-04-04,HDFCBANK.NS,HDFC Bank,Private,881.9447631835938
2025-04-07,HDFCBANK.NS,HDFC Bank,Private,853.0205078125
2025-04-08,HDFCBANK.NS,HDFC Bank,Private,858.5773315429688
2025-04-09,HDFCBANK.NS,HDFC Bank,Private,856.5632934570312
2025-04-11,HDFCBANK.NS,HDFC Bank,Private,876.8247680664062
2025-04-15,HDFCBANK.NS,HDFC Bank,Private,905.0452270507812
2025-04-16,HDFCBANK.NS,HDFC Bank,Private,911.4027099609375
2025-04-17,HDFCBANK.NS,HDFC Bank,Private,925.3309326171875
2025-04-21,HDFCBANK.NS,HDFC Bank,Private,935.231201171875
2025-04-22,HDFCBANK.NS,HDFC Bank,Private,952.0227661132812
2025-04-23,HDFCBANK.NS,HDFC Bank,Private,933.6782836914062
2025-04-24,HDFCBANK.NS,HDFC Bank,Private,930.2326049804688
2025-04-25,HDFCBANK.NS,HDFC Bank,Private,927.5148315429688
2025-04-28,HDFCBANK.NS,HDFC Bank,Private,931.882568359375
2025-04-29,HDFCBANK.NS,HDFC Bank,Private,926.3502197265625
2025-04-30,HDFCBANK.NS,HDFC Bank,Private,934.2120361328125
2025-05-02,HDFCBANK.NS,HDFC Bank,Private,932.7076416015625
2025-05-05,HDFCBANK.NS,HDFC Bank,Private,939.9386596679688
2025-05-06,HDFCBANK.NS,HDFC Bank,Private,937.4635620117188
2025-05-07,HDFCBANK.NS,HDFC Bank,Private,944.2092895507812
2025-05-08,HDFCBANK.NS,HDFC Bank,Private,935.91064453125
2025-05-09,HDFCBANK.NS,HDFC Bank,Private,917.0807495117188
2025-05-12,HDFCBANK.NS,HDFC Bank,Private,949.8388671875
2025-05-13,HDFCBANK.NS,HDFC Bank,Private,933.04736328125
2025-05-14,HDFCBANK.NS,HDFC Bank,Private,927.2236938476562
2025-05-15,HDFCBANK.NS,HDFC Bank,Private,938.4827880859375
2025-05-16,HDFCBANK.NS,HDFC Bank,Private,938.9195556640625
2025-05-19,HDFCBANK.NS,HDFC Bank,Private,940.8607177734375
2025-05-20,HDFCBANK.NS,HDFC Bank,Private,929.3104858398438
2025-05-21,HDFCBANK.NS,HDFC Bank,Private,935.0856323242188
2025-05-22,HDFCBANK.NS,HDFC Bank,Private,931.737060546875
2025-05-23,HDFCBANK.NS,HDFC Bank,Private,938.3856201171875
2025-05-26,HDFCBANK.NS,HDFC Bank,Private,941.5886840820312
2025-05-27,HDFCBANK.NS,HDFC Bank,Private,934.843017578125
2025-05-28,HDFCBANK.NS,HDFC Bank,Private,933.484130859375
2025-05-29,HDFCBANK.NS,HDFC Bank,Private,935.42529296875
2025-05-30,HDFCBANK.NS,HDFC Bank,Private,943.8696899414062
2025-06-02,HDFCBANK.NS,HDFC Bank,Private,937.65771484375
2025-06-03,HDFCBANK.NS,HDFC Bank,Private,934.0179443359375
2025-06-04,HDFCBANK.NS,HDFC Bank,Private,942.0740356445312
2025-06-05,HDFCBANK.NS,HDFC Bank,Private,946.1505737304688
2025-06-06,HDFCBANK.NS,HDFC Bank,Private,960.2728881835938
2025-06-09,HDFCBANK.NS,HDFC Bank,Private,960.3699951171875
2025-06-10,HDFCBANK.NS,HDFC Bank,Private,953.7698974609375
2025-06-11,HDFCBANK.NS,HDFC Bank,Private,946.5388793945312
2025-06-12,HDFCBANK.NS,HDFC Bank,Private,943.1416625976562
2025-06-13,HDFCBANK.NS,HDFC Bank,Private,930.6207885742188
2025-06-16,HDFCBANK.NS,HDFC Bank,Private,939.2592163085938
2025-06-17,HDFCBANK.NS,HDFC Bank,Private,936.4444580078125
2025-06-18,HDFCBANK.NS,HDFC Bank,Private,938.5313110351562
2025-06-19,HDFCBANK.NS,HDFC Bank,Private,939.2107543945312
2025-06-20,HDFCBANK.NS,HDFC Bank,Private,953.4786376953125
2025-06-23,HDFCBANK.NS,HDFC Bank,Private,945.5681762695312
2025-06-24,HDFCBANK.NS,HDFC Bank,Private,951.634521484375
2025-06-25,HDFCBANK.NS,HDFC Bank,Private,961.0009155273438
2025-06-26,HDFCBANK.NS,HDFC Bank,Private,981.1896362304688
2025-06-27,HDFCBANK.NS,HDFC Bank,Private,988.5982666015625
2025-06-30,HDFCBANK.NS,HDFC Bank,Private,982.023681640625
2025-07-01,HDFCBANK.NS,HDFC Bank,Private,987.2244873046875
2025-07-02,HDFCBANK.NS,HDFC Bank,Private,974.418701171875
2025-07-03,HDFCBANK.NS,HDFC Bank,Private,974.9583740234375
2025-07-04,HDFCBANK.NS,HDFC Bank,Private,976.037841796875
2025-07-07,HDFCBANK.NS,HDFC Bank,Private,975.1055908203125
2025-07-08,HDFCBANK.NS,HDFC Bank,Private,981.974609375
2025-07-09,HDFCBANK.NS,HDFC Bank,Private,986.7828369140625
2025-07-10,HDFCBANK.NS,HDFC Bank,Private,984.3296508789062
2025-07-11,HDFCBANK.NS,HDFC Bank,Private,973.2902221679688
2025-07-14,HDFCBANK.NS,HDFC Bank,Private,972.94677734375
2025-07-15,HDFCBANK.NS,HDFC Bank,Private,979.079833984375
2025-07-16,HDFCBANK.NS,HDFC Bank,Private,979.4722900390625
2025-07-17,HDFCBANK.NS,HDFC Bank,Private,974.8602294921875
2025-07-18,HDFCBANK.NS,HDFC Bank,Private,960.38623046875
2025-07-21,HDFCBANK.NS,HDFC Bank,Private,981.5330200195312
2025-07-22,HDFCBANK.NS,HDFC Bank,Private,984.771240234375
2025-07-23,HDFCBANK.NS,HDFC Bank,Private,993.2103881835938
2025-07-24,HDFCBANK.NS,HDFC Bank,Private,988.2548217773438
2025-07-25,HDFCBANK.NS,HDFC Bank,Private,985.9922485351562
2025-07-28,HDFCBANK.NS,HDFC Bank,Private,987.9105224609375
2025-07-29,HDFCBANK.NS,HDFC Bank,Private,994.3539428710938
2025-07-30,HDFCBANK.NS,HDFC Bank,Private,996.4197998046875
2025-07-31,HDFCBANK.NS,HDFC Bank,Private,992.6815795898438
2025-08-01,HDFCBANK.NS,HDFC Bank,Private,989.7304077148438
2025-08-04,HDFCBANK.NS,HDFC Bank,Private,979.7947387695312
2025-08-05,HDFCBANK.NS,HDFC Bank,Private,972.7118530273438
2025-08-06,HDFCBANK.NS,HDFC Bank,Private,976.499267578125
2025-08-07,HDFCBANK.NS,HDFC Bank,Private,981.4671020507812
2025-08-08,HDFCBANK.NS,HDFC Bank,Private,970.8920288085938
2025-08-11,HDFCBANK.NS,HDFC Bank,Private,981.5654296875
2025-08-12,HDFCBANK.NS,HDFC Bank,Private,968.924560546875
2025-08-13,HDFCBANK.NS,HDFC Bank,Private,974.0399169921875
2025-08-14,HDFCBANK.NS,HDFC Bank,Private,979.35205078125
2025-08-18,HDFCBANK.NS,HDFC Bank,Private,985.5003662109375
2025-08-19,HDFCBANK.NS,HDFC Bank,Private,979.35205078125
2025-08-20,HDFCBANK.NS,HDFC Bank,Private,977.9256591796875
2025-08-21,HDFCBANK.NS,HDFC Bank,Private,979.4012451171875
2025-08-22,HDFCBANK.NS,HDFC Bank,Private,966.317626953125
2025-08-25,HDFCBANK.NS,HDFC Bank,Private,966.0717163085938
2025-08-26,HDFCBANK.NS,HDFC Bank,Private,957.5625
2025-08-28,HDFCBANK.NS,HDFC Bank,Private,942.2162475585938
2025-08-29,HDFCBANK.NS,HDFC Bank,Private,936.1171264648438
2025-09-01,HDFCBANK.NS,HDFC Bank,Private,935.1333618164062
2025-09-02,HDFCBANK.NS,HDFC Bank,Private,929.1326904296875
2025-09-03,HDFCBANK.NS,HDFC Bank,Private,938.9207763671875
2025-09-04,HDFCBANK.NS,HDFC Bank,Private,945.610107421875
2025-09-05,HDFCBANK.NS,HDFC Bank,Private,947.7251586914062
2025-09-08,HDFCBANK.NS,HDFC Bank,Private,950.2828369140625
2025-09-09,HDFCBANK.NS,HDFC Bank,Private,949.4467163085938
2025-09-10,HDFCBANK.NS,HDFC Bank,Private,950.1845092773438
2025-09-11,HDFCBANK.NS,HDFC Bank,Private,952.0535278320312
2025-09-12,HDFCBANK.NS,HDFC Bank,Private,951.5617065429688
2025-09-15,HDFCBANK.NS,HDFC Bank,Private,951.3157348632812
2025-09-16,HDFCBANK.NS,HDFC Bank,Private,951.1190185546875
2025-09-17,HDFCBANK.NS,HDFC Bank,Private,950.7747192382812
2025-09-18,HDFCBANK.NS,HDFC Bank,Private,961.0055541992188
2025-09-19,HDFCBANK.NS,HDFC Bank,Private,951.168212890625
2025-09-22,HDFCBANK.NS,HDFC Bank,Private,948.5121459960938
2025-09-23,HDFCBANK.NS,HDFC Bank,Private,941.6260375976562
2025-09-24,HDFCBANK.NS,HDFC Bank,Private,935.5761108398438
2025-09-25,HDFCBANK.NS,HDFC Bank,Private,934.3955688476562
2025-09-26,HDFCBANK.NS,HDFC Bank,Private,929.6737060546875
2025-09-29,HDFCBANK.NS,HDFC Bank,Private,934.8382568359375
2025-09-30,HDFCBANK.NS,HDFC Bank,Private,935.5269165039062
2025-10-01,HDFCBANK.NS,HDFC Bank,Private,949.5450439453125
2025-10-03,HDFCBANK.NS,HDFC Bank,Private,949.4467163085938
2025-10-06,HDFCBANK.NS,HDFC Bank,Private,957.6116333007812
2025-10-07,HDFCBANK.NS,HDFC Bank,Private,966.514404296875
2025-10-08,HDFCBANK.NS,HDFC Bank,Private,962.7762451171875
2025-10-09,HDFCBANK.NS,HDFC Bank,Private,961.2022094726562
2025-10-10,HDFCBANK.NS,HDFC Bank,Private,964.9404296875
2025-10-13,HDFCBANK.NS,HDFC Bank,Private,961.1038818359375
2025-10-14,HDFCBANK.NS,HDFC Bank,Private,961.25146484375
2025-10-15,HDFCBANK.NS,HDFC Bank,Private,962.3335571289062
2025-10-16,HDFCBANK.NS,HDFC Bank,Private,978.1715698242188
2025-10-17,HDFCBANK.NS,HDFC Bank,Private,986.2381591796875
2025-10-20,HDFCBANK.NS,HDFC Bank,Private,986.6316528320312
2025-10-21,HDFCBANK.NS,HDFC Bank,Private,991.3043823242188
2025-10-23,HDFCBANK.NS,HDFC Bank,Private,992.386474609375
2025-10-24,HDFCBANK.NS,HDFC Bank,Private,978.5650634765625
2025-10-27,HDFCBANK.NS,HDFC Bank,Private,986.6316528320312
2025-10-28,HDFCBANK.NS,HDFC Bank,Private,987.2218627929688
2025-10-29,HDFCBANK.NS,HDFC Bank,Private,991.451904296875
2025-10-30,HDFCBANK.NS,HDFC Bank,Private,981.9097900390625
2025-10-31,HDFCBANK.NS,HDFC Bank,Private,971.2362670898438
2025-11-03,HDFCBANK.NS,HDFC Bank,Private,976.499267578125
2025-11-04,HDFCBANK.NS,HDFC Bank,Private,969.2196655273438
2025-11-06,HDFCBANK.NS,HDFC Bank,Private,968.6294555664062
2025-11-07,HDFCBANK.NS,HDFC Bank,Private,966.317626953125
2025-11-10,HDFCBANK.NS,HDFC Bank,Private,968.4818725585938
2025-11-11,HDFCBANK.NS,HDFC Bank,Private,975.564697265625
2025-11-12,HDFCBANK.NS,HDFC Bank,Private,973.4005126953125
2025-11-13,HDFCBANK.NS,HDFC Bank,Private,970.596923828125
2025-11-14,HDFCBANK.NS,HDFC Bank,Private,973.4988403320312
2025-11-17,HDFCBANK.NS,HDFC Bank,Private,980.3357543945312
2025-11-18,HDFCBANK.NS,HDFC Bank,Private,976.302490234375
2025-11-19,HDFCBANK.NS,HDFC Bank,Private,978.41748046875
2025-11-20,HDFCBANK.NS,HDFC Bank,Private,992.4356689453125
2025-11-21,HDFCBANK.NS,HDFC Bank,Private,981.8114013671875
2025-11-24,HDFCBANK.NS,HDFC Bank,Private,982.8934936523438
2025-11-25,HDFCBANK.NS,HDFC Bank,Private,973.6956176757812
2025-11-26,HDFCBANK.NS,HDFC Bank,Private,987.5662231445312
2025-11-27,HDFCBANK.NS,HDFC Bank,Private,993.0750732421875
2025-11-28,HDFCBANK.NS,HDFC Bank,Private,991.2059936523438
2025-12-01,HDFCBANK.NS,HDFC Bank,Private,985.7954711914062
2025-12-02,HDFCBANK.NS,HDFC Bank,Private,973.6956176757812
2025-12-03,HDFCBANK.NS,HDFC Bank,Private,984.2214965820312
2025-12-04,HDFCBANK.NS,HDFC Bank,Private,980.9752197265625
2025-12-05,HDFCBANK.NS,HDFC Bank,Private,986.9759521484375
2025-12-08,HDFCBANK.NS,HDFC Bank,Private,986.7791748046875
2025-12-09,HDFCBANK.NS,HDFC Bank,Private,980.8768310546875
2025-12-10,HDFCBANK.NS,HDFC Bank,Private,973.6956176757812
2025-12-11,HDFCBANK.NS,HDFC Bank,Private,984.0247802734375
2025-12-12,HDFCBANK.NS,HDFC Bank,Private,985.2052612304688
2025-12-15,HDFCBANK.NS,HDFC Bank,Private,979.89306640625
2025-12-16,HDFCBANK.NS,HDFC Bank,Private,978.1223754882812
2025-12-17,HDFCBANK.NS,HDFC Bank,Private,967.989990234375
2025-12-18,HDFCBANK.NS,HDFC Bank,Private,963.7599487304688
2025-12-19,HDFCBANK.NS,HDFC Bank,Private,969.465576171875
2025-12-22,HDFCBANK.NS,HDFC Bank,Private,971.6298217773438
2025-12-23,HDFCBANK.NS,HDFC Bank,Private,980.3849487304688
2025-12-24,HDFCBANK.NS,HDFC Bank,Private,980.9752197265625
2025-12-26,HDFCBANK.NS,HDFC Bank,Private,975.9581909179688
2025-12-29,HDFCBANK.NS,HDFC Bank,Private,975.564697265625
2025-12-30,HDFCBANK.NS,HDFC Bank,Private,974.7777709960938
2025-12-31,HDFCBANK.NS,HDFC Bank,Private,975.0728759765625
2026-01-01,HDFCBANK.NS,HDFC Bank,Private,975.023681640625
2026-01-02,HDFCBANK.NS,HDFC Bank,Private,985.3035888671875
2026-01-05,HDFCBANK.NS,HDFC Bank,Private,961.5957641601562
2026-01-06,HDFCBANK.NS,HDFC Bank,Private,946.544677734375
2026-01-07,HDFCBANK.NS,HDFC Bank,Private,933.608642578125
2026-01-08,HDFCBANK.NS,HDFC Bank,Private,931.296875
2026-01-09,HDFCBANK.NS,HDFC Bank,Private,923.72216796875
2026-01-12,HDFCBANK.NS,HDFC Bank,Private,921.7055053710938
2026-01-13,HDFCBANK.NS,HDFC Bank,Private,922.0989990234375
2026-01-14,HDFCBANK.NS,HDFC Bank,Private,910.3926391601562
2026-01-15,HDFCBANK.NS,HDFC Bank,Private,910.3926391601562
2026-01-16,HDFCBANK.NS,HDFC Bank,Private,915.95068359375
2026-01-19,HDFCBANK.NS,HDFC Bank,Private,912.8027954101562
2026-01-20,HDFCBANK.NS,HDFC Bank,Private,916.049072265625
2026-01-21,HDFCBANK.NS,HDFC Bank,Private,905.3755493164062
2026-01-22,HDFCBANK.NS,HDFC Bank,Private,903.75244140625
2026-01-23,HDFCBANK.NS,HDFC Bank,Private,901.1947021484375
2026-01-27,HDFCBANK.NS,HDFC Bank,Private,911.3272094726562
2026-01-28,HDFCBANK.NS,HDFC Bank,Private,917.524658203125
2026-01-29,HDFCBANK.NS,HDFC Bank,Private,920.2791137695312
2026-01-30,HDFCBANK.NS,HDFC Bank,Private,914.1307983398438
2026-02-02,HDFCBANK.NS,HDFC Bank,Private,912.9994506835938
2026-02-03,HDFCBANK.NS,HDFC Bank,Private,933.2643432617188
2026-02-04,HDFCBANK.NS,HDFC Bank,Private,937.5927124023438
2026-02-05,HDFCBANK.NS,HDFC Bank,Private,934.248046875
2026-02-06,HDFCBANK.NS,HDFC Bank,Private,925.7879638671875
2026-02-09,HDFCBANK.NS,HDFC Bank,Private,922.0006103515625
2026-02-10,HDFCBANK.NS,HDFC Bank,Private,917.2295532226562
2026-02-11,HDFCBANK.NS,HDFC Bank,Private,912.0157470703125
2026-02-12,HDFCBANK.NS,HDFC Bank,Private,905.6215209960938
2026-02-13,HDFCBANK.NS,HDFC Bank,Private,889.1932373046875
2026-02-16,HDFCBANK.NS,HDFC Bank,Private,910.7368774414062
2026-02-17,HDFCBANK.NS,HDFC Bank,Private,910.6385498046875
2026-02-18,HDFCBANK.NS,HDFC Bank,Private,909.6548461914062
2026-02-19,HDFCBANK.NS,HDFC Bank,Private,900.702880859375
2026-02-20,HDFCBANK.NS,HDFC Bank,Private,897.0138549804688
2026-02-23,HDFCBANK.NS,HDFC Bank,Private,908.5726928710938
2026-02-24,HDFCBANK.NS,HDFC Bank,Private,895.6858520507812
2026-02-25,HDFCBANK.NS,HDFC Bank,Private,892.8330078125
2026-02-26,HDFCBANK.NS,HDFC Bank,Private,883.9794311523438
2026-02-27,HDFCBANK.NS,HDFC Bank,Private,873.3060302734375
2026-03-02,HDFCBANK.NS,HDFC Bank,Private,865.0918579101562
2026-03-04,HDFCBANK.NS,HDFC Bank,Private,854.5167846679688
2026-03-05,HDFCBANK.NS,HDFC Bank,Private,863.4686889648438
2026-03-06,HDFCBANK.NS,HDFC Bank,Private,843.10546875
2026-03-09,HDFCBANK.NS,HDFC Bank,Private,827.0215454101562
2026-03-10,HDFCBANK.NS,HDFC Bank,Private,835.629150390625
2026-03-11,HDFCBANK.NS,HDFC Bank,Private,820.38134765625
2026-03-12,HDFCBANK.NS,HDFC Bank,Private,819.2008666992188
2026-03-13,HDFCBANK.NS,HDFC Bank,Private,803.7071533203125
2026-03-16,HDFCBANK.NS,HDFC Bank,Private,826.9231567382812
2026-03-17,HDFCBANK.NS,HDFC Bank,Private,831.5958251953125
2026-03-18,HDFCBANK.NS,HDFC Bank,Private,829.333251953125
2026-03-19,HDFCBANK.NS,HDFC Bank,Private,785.2130126953125
2026-03-20,HDFCBANK.NS,HDFC Bank,Private,767.7518310546875
2026-03-23,HDFCBANK.NS,HDFC Bank,Private,732.04248046875
2026-03-24,HDFCBANK.NS,HDFC Bank,Private,752.454833984375
2026-03-25,HDFCBANK.NS,HDFC Bank,Private,769.5717163085938
2026-03-27,HDFCBANK.NS,HDFC Bank,Private,743.8963623046875
2026-03-30,HDFCBANK.NS,HDFC Bank,Private,719.6473999023438
2026-04-01,HDFCBANK.NS,HDFC Bank,Private,730.17333984375
2026-04-02,HDFCBANK.NS,HDFC Bank,Private,738.6826171875
2026-04-06,HDFCBANK.NS,HDFC Bank,Private,758.45556640625
2026-04-07,HDFCBANK.NS,HDFC Bank,Private,759.4392700195312
2026-04-08,HDFCBANK.NS,HDFC Bank,Private,802.82177734375
2026-04-09,HDFCBANK.NS,HDFC Bank,Private,784.72119140625
2026-04-10,HDFCBANK.NS,HDFC Bank,Private,797.1161499023438
2026-04-13,HDFCBANK.NS,HDFC Bank,Private,781.7699584960938
2026-04-15,HDFCBANK.NS,HDFC Bank,Private,796.72265625
2026-04-16,HDFCBANK.NS,HDFC Bank,Private,782.5077514648438
2026-04-17,HDFCBANK.NS,HDFC Bank,Private,786.8853759765625
2026-04-20,HDFCBANK.NS,HDFC Bank,Private,782.5077514648438
2026-04-21,HDFCBANK.NS,HDFC Bank,Private,798.5425415039062
2026-04-22,HDFCBANK.NS,HDFC Bank,Private,786.8853759765625
2026-04-23,HDFCBANK.NS,HDFC Bank,Private,771.5883178710938
2026-04-24,HDFCBANK.NS,HDFC Bank,Private,772.0802001953125
2026-04-27,HDFCBANK.NS,HDFC Bank,Private,776.9496459960938
2026-04-28,HDFCBANK.NS,HDFC Bank,Private,769.817626953125
2026-04-29,HDFCBANK.NS,HDFC Bank,Private,766.3253784179688
2026-04-30,HDFCBANK.NS,HDFC Bank,Private,759.1441650390625
2026-05-01,HDFCBANK.NS,HDFC Bank,Private,759.1441650390625
2026-05-04,HDFCBANK.NS,HDFC Bank,Private,766.7189331054688
2026-05-05,HDFCBANK.NS,HDFC Bank,Private,759.734375
2026-05-06,HDFCBANK.NS,HDFC Bank,Private,783.58984375
2026-05-07,HDFCBANK.NS,HDFC Bank,Private,783.0979614257812
2026-05-08,HDFCBANK.NS,HDFC Bank,Private,768.145263671875
2026-05-11,HDFCBANK.NS,HDFC Bank,Private,751.2251586914062
2026-05-12,HDFCBANK.NS,HDFC Bank,Private,738.2399291992188
2026-05-13,HDFCBANK.NS,HDFC Bank,Private,737.4037475585938
2026-05-14,HDFCBANK.NS,HDFC Bank,Private,757.0291748046875
2026-05-15,HDFCBANK.NS,HDFC Bank,Private,755.0125122070312
2026-05-18,HDFCBANK.NS,HDFC Bank,Private,756.143798828125
2026-05-19,HDFCBANK.NS,HDFC Bank,Private,750.044677734375
2026-05-20,HDFCBANK.NS,HDFC Bank,Private,747.1427001953125
2026-05-21,HDFCBANK.NS,HDFC Bank,Private,746.7984008789062
2026-05-22,HDFCBANK.NS,HDFC Bank,Private,754.3239135742188
2026-05-25,HDFCBANK.NS,HDFC Bank,Private,774.0476684570312
2026-05-26,HDFCBANK.NS,HDFC Bank,Private,766.22705078125
2026-05-27,HDFCBANK.NS,HDFC Bank,Private,746.3065185546875
2026-05-28,HDFCBANK.NS,HDFC Bank,Private,746.3065185546875
2026-05-29,HDFCBANK.NS,HDFC Bank,Private,732.4359130859375
2026-06-01,HDFCBANK.NS,HDFC Bank,Private,730.6160278320312
2026-06-02,HDFCBANK.NS,HDFC Bank,Private,736.0757446289062
2026-06-03,HDFCBANK.NS,HDFC Bank,Private,741.3878784179688
2026-06-04,HDFCBANK.NS,HDFC Bank,Private,741.9288940429688
2026-06-05,HDFCBANK.NS,HDFC Bank,Private,734.8952026367188
2026-06-08,HDFCBANK.NS,HDFC Bank,Private,726.6319580078125
2026-06-09,HDFCBANK.NS,HDFC Bank,Private,726.3367919921875
2026-06-10,HDFCBANK.NS,HDFC Bank,Private,734.698486328125
2026-06-11,HDFCBANK.NS,HDFC Bank,Private,732.485107421875
2026-06-12,HDFCBANK.NS,HDFC Bank,Private,759.8819580078125
2026-06-15,HDFCBANK.NS,HDFC Bank,Private,764.7022094726562
2026-06-16,HDFCBANK.NS,HDFC Bank,Private,772.1294555664062
2026-06-17,HDFCBANK.NS,HDFC Bank,Private,774.2935791015625
2026-06-18,HDFCBANK.NS,HDFC Bank,Private,786.0
2026-06-19,HDFCBANK.NS,HDFC Bank,Private,779.7999877929688
2026-06-22,HDFCBANK.NS,HDFC Bank,Private,786.4000244140625
2026-06-23,HDFCBANK.NS,HDFC Bank,Private,774.6500244140625
2026-06-24,HDFCBANK.NS,HDFC Bank,Private,793.2000122070312
2026-06-25,HDFCBANK.NS,HDFC Bank,Private,796.2999877929688
2026-06-26,HDFCBANK.NS,HDFC Bank,Private,796.2999877929688
2026-06-29,HDFCBANK.NS,HDFC Bank,Private,798.9000244140625
2026-06-30,HDFCBANK.NS,HDFC Bank,Private,797.9500122070312
2026-07-01,HDFCBANK.NS,HDFC Bank,Private,796.1500244140625
2026-07-02,HDFCBANK.NS,HDFC Bank,Private,795.9000244140625
2026-07-03,HDFCBANK.NS,HDFC Bank,Private,801.0499877929688
2026-07-06,HDFCBANK.NS,HDFC Bank,Private,829.8499755859375
2026-07-07,HDFCBANK.NS,HDFC Bank,Private,829.2999877929688
2026-07-08,HDFCBANK.NS,HDFC Bank,Private,810.2999877929688
2026-07-09,HDFCBANK.NS,HDFC Bank,Private,817.5499877929688
2026-07-10,HDFCBANK.NS,HDFC Bank,Private,824.9500122070312
2026-07-13,HDFCBANK.NS,HDFC Bank,Private,817.9500122070312
2026-07-14,HDFCBANK.NS,HDFC Bank,Private,809.4000244140625
2026-07-15,HDFCBANK.NS,HDFC Bank,Private,815.4500122070312
2026-07-16,HDFCBANK.NS,HDFC Bank,Private,808.2999877929688
2026-07-17,HDFCBANK.NS,HDFC Bank,Private,819.5999755859375
2026-07-20,HDFCBANK.NS,HDFC Bank,Private,777.5999755859375
2026-07-21,HDFCBANK.NS,HDFC Bank,Private,761.4500122070312
2026-07-23,HDFCBANK.NS,HDFC Bank,Private,747.25
2026-07-24,HDFCBANK.NS,HDFC Bank,Private,742.7999877929688
2026-07-27,HDFCBANK.NS,HDFC Bank,Private,739.5499877929688
2026-07-28,HDFCBANK.NS,HDFC Bank,Private,735.4000244140625
2026-07-29,HDFCBANK.NS,HDFC Bank,Private,748.2000122070312
2026-07-30,HDFCBANK.NS,HDFC Bank,Private,753.9500122070312
2026-07-31,HDFCBANK.NS,HDFC Bank,Private,748.1500244140625
2026-08-03,HDFCBANK.NS,HDFC Bank,Private,753.0
2026-08-04,HDFCBANK.NS,HDFC Bank,Private,742.0
2026-08-05,HDFCBANK.NS,HDFC Bank,Private,735.0
2026-08-06,HDFCBANK.NS,HDFC Bank,Private,734.2999877929688
2026-08-07,HDFCBANK.NS,HDFC Bank,Private,731.0
2026-08-10,HDFCBANK.NS,HDFC Bank,Private,731.0
2026-08-11,HDFCBANK.NS,HDFC Bank,Private,729.0
2026-08-12,HDFCBANK.NS,HDFC Bank,Private,729.0
2026-08-13,HDFCBANK.NS,HDFC Bank,Private,725.0
2026-08-14,HDFCBANK.NS,HDFC Bank,Private,727.0
2026-08-17,HDFCBANK.NS,HDFC Bank,Private,729.0
2026-08-18,HDFCBANK.NS,HDFC Bank,Private,723.0
2026-08-19,HDFCBANK.NS,HDFC Bank,Private,720.0
2026-08-20,HDFCBANK.NS,HDFC Bank,Private,725.0499877929688
2021-08-20,ICICIBANK.NS,ICICI Bank,Private,654.772216796875
2021-08-23,ICICIBANK.NS,ICICI Bank,Private,656.6961059570312
2021-08-24,ICICIBANK.NS,ICICI Bank,Private,667.99853515625
2021-08-25,ICICIBANK.NS,ICICI Bank,Private,664.72802734375
2021-08-26,ICICIBANK.NS,ICICI Bank,Private,672.182861328125
2021-08-27,ICICIBANK.NS,ICICI Bank,Private,673.0966186523438
2021-08-30,ICICIBANK.NS,ICICI Bank,Private,686.4672241210938
2021-08-31,ICICIBANK.NS,ICICI Bank,Private,691.6614379882812
2021-09-01,ICICIBANK.NS,ICICI Bank,Private,692.4791870117188
2021-09-02,ICICIBANK.NS,ICICI Bank,Private,697.5291137695312
2021-09-03,ICICIBANK.NS,ICICI Bank,Private,696.7115478515625
2021-09-06,ICICIBANK.NS,ICICI Bank,Private,693.6815795898438
2021-09-07,ICICIBANK.NS,ICICI Bank,Private,689.5933837890625
2021-09-08,ICICIBANK.NS,ICICI Bank,Private,693.4890747070312
2021-09-09,ICICIBANK.NS,ICICI Bank,Private,692.8157958984375
2021-09-13,ICICIBANK.NS,ICICI Bank,Private,680.455322265625
2021-09-14,ICICIBANK.NS,ICICI Bank,Private,680.5033569335938
2021-09-15,ICICIBANK.NS,ICICI Bank,Private,687.1405029296875
2021-09-16,ICICIBANK.NS,ICICI Bank,Private,699.5010986328125
2021-09-17,ICICIBANK.NS,ICICI Bank,Private,692.7196044921875
2021-09-20,ICICIBANK.NS,ICICI Bank,Private,682.9561767578125
2021-09-21,ICICIBANK.NS,ICICI Bank,Private,684.7357177734375
2021-09-22,ICICIBANK.NS,ICICI Bank,Private,676.5594482421875
2021-09-23,ICICIBANK.NS,ICICI Bank,Private,689.6895141601562
2021-09-24,ICICIBANK.NS,ICICI Bank,Private,695.4130249023438
2021-09-27,ICICIBANK.NS,ICICI Bank,Private,702.1943969726562
2021-09-28,ICICIBANK.NS,ICICI Bank,Private,689.8338623046875
2021-09-29,ICICIBANK.NS,ICICI Bank,Private,682.4752197265625
2021-09-30,ICICIBANK.NS,ICICI Bank,Private,674.1547241210938
2021-10-01,ICICIBANK.NS,ICICI Bank,Private,665.978515625
2021-10-04,ICICIBANK.NS,ICICI Bank,Private,673.5294799804688
2021-10-05,ICICIBANK.NS,ICICI Bank,Private,670.5474853515625
2021-10-06,ICICIBANK.NS,ICICI Bank,Private,663.2369995117188
2021-10-07,ICICIBANK.NS,ICICI Bank,Private,675.4533081054688
2021-10-08,ICICIBANK.NS,ICICI Bank,Private,676.607666015625
2021-10-11,ICICIBANK.NS,ICICI Bank,Private,686.1304931640625
2021-10-12,ICICIBANK.NS,ICICI Bank,Private,681.6094970703125
2021-10-13,ICICIBANK.NS,ICICI Bank,Private,682.9081420898438
2021-10-14,ICICIBANK.NS,ICICI Bank,Private,699.5972900390625
2021-10-18,ICICIBANK.NS,ICICI Bank,Private,717.055908203125
2021-10-19,ICICIBANK.NS,ICICI Bank,Private,718.979736328125
2021-10-20,ICICIBANK.NS,ICICI Bank,Private,717.4407348632812
2021-10-21,ICICIBANK.NS,ICICI Bank,Private,726.72314453125
2021-10-22,ICICIBANK.NS,ICICI Bank,Private,730.3782958984375
2021-10-25,ICICIBANK.NS,ICICI Bank,Private,809.6397705078125
2021-10-26,ICICIBANK.NS,ICICI Bank,Private,797.8082885742188
2021-10-27,ICICIBANK.NS,ICICI Bank,Private,803.1950073242188
2021-10-28,ICICIBANK.NS,ICICI Bank,Private,768.277587890625
2021-10-29,ICICIBANK.NS,ICICI Bank,Private,771.5
2021-11-01,ICICIBANK.NS,ICICI Bank,Private,773.2796020507812
2021-11-02,ICICIBANK.NS,ICICI Bank,Private,770.44189453125
2021-11-03,ICICIBANK.NS,ICICI Bank,Private,756.0133666992188
2021-11-04,ICICIBANK.NS,ICICI Bank,Private,752.3099365234375
2021-11-08,ICICIBANK.NS,ICICI Bank,Private,750.4342041015625
2021-11-09,ICICIBANK.NS,ICICI Bank,Private,756.5903930664062
2021-11-10,ICICIBANK.NS,ICICI Bank,Private,751.1556396484375
2021-11-11,ICICIBANK.NS,ICICI Bank,Private,742.0655517578125
2021-11-12,ICICIBANK.NS,ICICI Bank,Private,747.0193481445312
2021-11-15,ICICIBANK.NS,ICICI Bank,Private,743.8450927734375
2021-11-16,ICICIBANK.NS,ICICI Bank,Private,734.9474487304688
2021-11-17,ICICIBANK.NS,ICICI Bank,Private,732.3021850585938
2021-11-18,ICICIBANK.NS,ICICI Bank,Private,733.84130859375
2021-11-22,ICICIBANK.NS,ICICI Bank,Private,723.3564453125
2021-11-23,ICICIBANK.NS,ICICI Bank,Private,723.2120971679688
2021-11-24,ICICIBANK.NS,ICICI Bank,Private,731.2440795898438
2021-11-25,ICICIBANK.NS,ICICI Bank,Private,722.442626953125
2021-11-26,ICICIBANK.NS,ICICI Bank,Private,694.6915283203125
2021-11-29,ICICIBANK.NS,ICICI Bank,Private,691.0362548828125
2021-11-30,ICICIBANK.NS,ICICI Bank,Private,687.1405029296875
2021-12-01,ICICIBANK.NS,ICICI Bank,Private,699.9819946289062
2021-12-02,ICICIBANK.NS,ICICI Bank,Private,694.8838500976562
2021-12-03,ICICIBANK.NS,ICICI Bank,Private,689.0161743164062
2021-12-06,ICICIBANK.NS,ICICI Bank,Private,682.5233154296875
2021-12-07,ICICIBANK.NS,ICICI Bank,Private,706.6672973632812
2021-12-08,ICICIBANK.NS,ICICI Bank,Private,724.7031860351562
2021-12-09,ICICIBANK.NS,ICICI Bank,Private,726.2421264648438
2021-12-10,ICICIBANK.NS,ICICI Bank,Private,729.1279296875
2021-12-13,ICICIBANK.NS,ICICI Bank,Private,725.2801513671875
2021-12-14,ICICIBANK.NS,ICICI Bank,Private,729.753173828125
2021-12-15,ICICIBANK.NS,ICICI Bank,Private,723.596923828125
2021-12-16,ICICIBANK.NS,ICICI Bank,Private,712.9197387695312
2021-12-17,ICICIBANK.NS,ICICI Bank,Private,700.55908203125
2021-12-20,ICICIBANK.NS,ICICI Bank,Private,682.9081420898438
2021-12-21,ICICIBANK.NS,ICICI Bank,Private,692.9119873046875
2021-12-22,ICICIBANK.NS,ICICI Bank,Private,704.8877563476562
2021-12-23,ICICIBANK.NS,ICICI Bank,Private,703.4448852539062
2021-12-24,ICICIBANK.NS,ICICI Bank,Private,699.4048461914062
2021-12-27,ICICIBANK.NS,ICICI Bank,Private,707.9658203125
2021-12-28,ICICIBANK.NS,ICICI Bank,Private,707.7734985351562
2021-12-29,ICICIBANK.NS,ICICI Bank,Private,707.6773071289062
2021-12-30,ICICIBANK.NS,ICICI Bank,Private,707.6773071289062
2021-12-31,ICICIBANK.NS,ICICI Bank,Private,711.9578247070312
2022-01-03,ICICIBANK.NS,ICICI Bank,Private,735.5726928710938
2022-01-04,ICICIBANK.NS,ICICI Bank,Private,743.4122924804688
2022-01-05,ICICIBANK.NS,ICICI Bank,Private,758.0332641601562
2022-01-06,ICICIBANK.NS,ICICI Bank,Private,755.1475219726562
2022-01-07,ICICIBANK.NS,ICICI Bank,Private,763.03515625
2022-01-10,ICICIBANK.NS,ICICI Bank,Private,779.8685913085938
2022-01-11,ICICIBANK.NS,ICICI Bank,Private,779.7725219726562
2022-01-12,ICICIBANK.NS,ICICI Bank,Private,792.37353515625
2022-01-13,ICICIBANK.NS,ICICI Bank,Private,793.287353515625
2022-01-14,ICICIBANK.NS,ICICI Bank,Private,788.7662963867188
2022-01-17,ICICIBANK.NS,ICICI Bank,Private,788.0929565429688
2022-01-18,ICICIBANK.NS,ICICI Bank,Private,791.7482299804688
2022-01-19,ICICIBANK.NS,ICICI Bank,Private,777.8004760742188
2022-01-20,ICICIBANK.NS,ICICI Bank,Private,779.3876342773438
2022-01-21,ICICIBANK.NS,ICICI Bank,Private,773.856689453125
2022-01-24,ICICIBANK.NS,ICICI Bank,Private,768.0371704101562
2022-01-25,ICICIBANK.NS,ICICI Bank,Private,771.1152954101562
2022-01-27,ICICIBANK.NS,ICICI Bank,Private,764.3819580078125
2022-01-28,ICICIBANK.NS,ICICI Bank,Private,751.3961181640625
2022-01-31,ICICIBANK.NS,ICICI Bank,Private,758.7547607421875
2022-02-01,ICICIBANK.NS,ICICI Bank,Private,779.4358520507812
2022-02-02,ICICIBANK.NS,ICICI Bank,Private,782.7543334960938
2022-02-03,ICICIBANK.NS,ICICI Bank,Private,778.13720703125
2022-02-04,ICICIBANK.NS,ICICI Bank,Private,774.3857421875
2022-02-07,ICICIBANK.NS,ICICI Bank,Private,756.4461669921875
2022-02-08,ICICIBANK.NS,ICICI Bank,Private,762.3137817382812
2022-02-09,ICICIBANK.NS,ICICI Bank,Private,772.2214965820312
2022-02-10,ICICIBANK.NS,ICICI Bank,Private,774.818603515625
2022-02-11,ICICIBANK.NS,ICICI Bank,Private,760.6785278320312
2022-02-14,ICICIBANK.NS,ICICI Bank,Private,724.99169921875
2022-02-15,ICICIBANK.NS,ICICI Bank,Private,746.4903564453125
2022-02-16,ICICIBANK.NS,ICICI Bank,Private,734.9474487304688
2022-02-17,ICICIBANK.NS,ICICI Bank,Private,721.769287109375
2022-02-18,ICICIBANK.NS,ICICI Bank,Private,720.3745727539062
2022-02-21,ICICIBANK.NS,ICICI Bank,Private,725.7130737304688
2022-02-22,ICICIBANK.NS,ICICI Bank,Private,722.68310546875
2022-02-23,ICICIBANK.NS,ICICI Bank,Private,716.23828125
2022-02-24,ICICIBANK.NS,ICICI Bank,Private,680.455322265625
2022-02-25,ICICIBANK.NS,ICICI Bank,Private,702.242431640625
2022-02-28,ICICIBANK.NS,ICICI Bank,Private,714.41064453125
2022-03-02,ICICIBANK.NS,ICICI Bank,Private,687.6214599609375
2022-03-03,ICICIBANK.NS,ICICI Bank,Private,671.7018432617188
2022-03-04,ICICIBANK.NS,ICICI Bank,Private,661.84228515625
2022-03-07,ICICIBANK.NS,ICICI Bank,Private,628.8487548828125
2022-03-08,ICICIBANK.NS,ICICI Bank,Private,639.6702880859375
2022-03-09,ICICIBANK.NS,ICICI Bank,Private,642.0269165039062
2022-03-10,ICICIBANK.NS,ICICI Bank,Private,650.8283081054688
2022-03-11,ICICIBANK.NS,ICICI Bank,Private,652.0789184570312
2022-03-14,ICICIBANK.NS,ICICI Bank,Private,669.6337280273438
2022-03-15,ICICIBANK.NS,ICICI Bank,Private,670.7880249023438
2022-03-16,ICICIBANK.NS,ICICI Bank,Private,681.0323486328125
2022-03-17,ICICIBANK.NS,ICICI Bank,Private,692.6714477539062
2022-03-21,ICICIBANK.NS,ICICI Bank,Private,683.6776123046875
2022-03-22,ICICIBANK.NS,ICICI Bank,Private,690.8438720703125
2022-03-23,ICICIBANK.NS,ICICI Bank,Private,690.9400634765625
2022-03-24,ICICIBANK.NS,ICICI Bank,Private,677.377197265625
2022-03-25,ICICIBANK.NS,ICICI Bank,Private,672.6156616210938
2022-03-28,ICICIBANK.NS,ICICI Bank,Private,683.2929077148438
2022-03-29,ICICIBANK.NS,ICICI Bank,Private,688.0543212890625
2022-03-30,ICICIBANK.NS,ICICI Bank,Private,703.0601196289062
2022-03-31,ICICIBANK.NS,ICICI Bank,Private,702.4830322265625
2022-04-01,ICICIBANK.NS,ICICI Bank,Private,708.206298828125
2022-04-04,ICICIBANK.NS,ICICI Bank,Private,718.162109375
2022-04-05,ICICIBANK.NS,ICICI Bank,Private,713.5449829101562
2022-04-06,ICICIBANK.NS,ICICI Bank,Private,713.3525390625
2022-04-07,ICICIBANK.NS,ICICI Bank,Private,720.0377807617188
2022-04-08,ICICIBANK.NS,ICICI Bank,Private,725.5687866210938
2022-04-11,ICICIBANK.NS,ICICI Bank,Private,730.6669311523438
2022-04-12,ICICIBANK.NS,ICICI Bank,Private,734.7550659179688
2022-04-13,ICICIBANK.NS,ICICI Bank,Private,733.216064453125
2022-04-18,ICICIBANK.NS,ICICI Bank,Private,728.9354858398438
2022-04-19,ICICIBANK.NS,ICICI Bank,Private,737.1116943359375
2022-04-20,ICICIBANK.NS,ICICI Bank,Private,726.7711791992188
2022-04-21,ICICIBANK.NS,ICICI Bank,Private,733.3121948242188
2022-04-22,ICICIBANK.NS,ICICI Bank,Private,719.1721801757812
2022-04-25,ICICIBANK.NS,ICICI Bank,Private,723.5487670898438
2022-04-26,ICICIBANK.NS,ICICI Bank,Private,725.039794921875
2022-04-27,ICICIBANK.NS,ICICI Bank,Private,708.6392211914062
2022-04-28,ICICIBANK.NS,ICICI Bank,Private,718.691162109375
2022-04-29,ICICIBANK.NS,ICICI Bank,Private,714.98779296875
2022-05-02,ICICIBANK.NS,ICICI Bank,Private,712.7754516601562
2022-05-04,ICICIBANK.NS,ICICI Bank,Private,696.6635131835938
2022-05-05,ICICIBANK.NS,ICICI Bank,Private,701.0400390625
2022-05-06,ICICIBANK.NS,ICICI Bank,Private,691.8538818359375
2022-05-09,ICICIBANK.NS,ICICI Bank,Private,683.2929077148438
2022-05-10,ICICIBANK.NS,ICICI Bank,Private,684.2066040039062
2022-05-11,ICICIBANK.NS,ICICI Bank,Private,686.9962768554688
2022-05-12,ICICIBANK.NS,ICICI Bank,Private,669.2970581054688
2022-05-13,ICICIBANK.NS,ICICI Bank,Private,651.5498046875
2022-05-16,ICICIBANK.NS,ICICI Bank,Private,656.984619140625
2022-05-17,ICICIBANK.NS,ICICI Bank,Private,682.9561767578125
2022-05-18,ICICIBANK.NS,ICICI Bank,Private,680.4071044921875
2022-05-19,ICICIBANK.NS,ICICI Bank,Private,664.006591796875
2022-05-20,ICICIBANK.NS,ICICI Bank,Private,682.5233154296875
2022-05-23,ICICIBANK.NS,ICICI Bank,Private,683.9661865234375
2022-05-24,ICICIBANK.NS,ICICI Bank,Private,681.1766967773438
2022-05-25,ICICIBANK.NS,ICICI Bank,Private,686.1785888671875
2022-05-26,ICICIBANK.NS,ICICI Bank,Private,700.7515258789062
2022-05-27,ICICIBANK.NS,ICICI Bank,Private,711.6211547851562
2022-05-30,ICICIBANK.NS,ICICI Bank,Private,719.98974609375
2022-05-31,ICICIBANK.NS,ICICI Bank,Private,724.1740112304688
2022-06-01,ICICIBANK.NS,ICICI Bank,Private,723.981689453125
2022-06-02,ICICIBANK.NS,ICICI Bank,Private,721.192138671875
2022-06-03,ICICIBANK.NS,ICICI Bank,Private,715.9497680664062
2022-06-06,ICICIBANK.NS,ICICI Bank,Private,718.306396484375
2022-06-07,ICICIBANK.NS,ICICI Bank,Private,707.2444458007812
2022-06-08,ICICIBANK.NS,ICICI Bank,Private,701.7135009765625
2022-06-09,ICICIBANK.NS,ICICI Bank,Private,704.8397216796875
2022-06-10,ICICIBANK.NS,ICICI Bank,Private,692.5753173828125
2022-06-13,ICICIBANK.NS,ICICI Bank,Private,661.7942504882812
2022-06-14,ICICIBANK.NS,ICICI Bank,Private,659.389404296875
2022-06-15,ICICIBANK.NS,ICICI Bank,Private,661.07275390625
2022-06-16,ICICIBANK.NS,ICICI Bank,Private,652.656005859375
2022-06-17,ICICIBANK.NS,ICICI Bank,Private,660.6879272460938
2022-06-20,ICICIBANK.NS,ICICI Bank,Private,659.8223266601562
2022-06-21,ICICIBANK.NS,ICICI Bank,Private,669.5856323242188
2022-06-22,ICICIBANK.NS,ICICI Bank,Private,660.447509765625
2022-06-23,ICICIBANK.NS,ICICI Bank,Private,672.5194702148438
2022-06-24,ICICIBANK.NS,ICICI Bank,Private,686.2748413085938
2022-06-27,ICICIBANK.NS,ICICI Bank,Private,690.0262451171875
2022-06-28,ICICIBANK.NS,ICICI Bank,Private,683.2447509765625
2022-06-29,ICICIBANK.NS,ICICI Bank,Private,675.9823608398438
2022-06-30,ICICIBANK.NS,ICICI Bank,Private,680.2628173828125
2022-07-01,ICICIBANK.NS,ICICI Bank,Private,677.0885009765625
2022-07-04,ICICIBANK.NS,ICICI Bank,Private,692.6714477539062
2022-07-05,ICICIBANK.NS,ICICI Bank,Private,692.0462646484375
2022-07-06,ICICIBANK.NS,ICICI Bank,Private,698.2986450195312
2022-07-07,ICICIBANK.NS,ICICI Bank,Private,713.7373657226562
2022-07-08,ICICIBANK.NS,ICICI Bank,Private,726.91552734375
2022-07-11,ICICIBANK.NS,ICICI Bank,Private,740.1898803710938
2022-07-12,ICICIBANK.NS,ICICI Bank,Private,730.9555053710938
2022-07-13,ICICIBANK.NS,ICICI Bank,Private,724.5106201171875
2022-07-14,ICICIBANK.NS,ICICI Bank,Private,723.7412109375
2022-07-15,ICICIBANK.NS,ICICI Bank,Private,722.5869140625
2022-07-18,ICICIBANK.NS,ICICI Bank,Private,742.5946655273438
2022-07-19,ICICIBANK.NS,ICICI Bank,Private,750.9151611328125
2022-07-20,ICICIBANK.NS,ICICI Bank,Private,753.2717895507812
2022-07-21,ICICIBANK.NS,ICICI Bank,Private,756.0614013671875
2022-07-22,ICICIBANK.NS,ICICI Bank,Private,769.5762329101562
2022-07-25,ICICIBANK.NS,ICICI Bank,Private,770.3938598632812
2022-07-26,ICICIBANK.NS,ICICI Bank,Private,765.968994140625
2022-07-27,ICICIBANK.NS,ICICI Bank,Private,770.009033203125
2022-07-28,ICICIBANK.NS,ICICI Bank,Private,783.572021484375
2022-07-29,ICICIBANK.NS,ICICI Bank,Private,787.4195556640625
2022-08-01,ICICIBANK.NS,ICICI Bank,Private,792.036865234375
2022-08-02,ICICIBANK.NS,ICICI Bank,Private,786.60205078125
2022-08-03,ICICIBANK.NS,ICICI Bank,Private,793.3834228515625
2022-08-04,ICICIBANK.NS,ICICI Bank,Private,789.0067749023438
2022-08-05,ICICIBANK.NS,ICICI Bank,Private,806.2731323242188
2022-08-08,ICICIBANK.NS,ICICI Bank,Private,809.9019165039062
2022-08-10,ICICIBANK.NS,ICICI Bank,Private,821.320556640625
2022-08-11,ICICIBANK.NS,ICICI Bank,Private,831.9166870117188
2022-08-12,ICICIBANK.NS,ICICI Bank,Private,846.1417236328125
2022-08-16,ICICIBANK.NS,ICICI Bank,Private,850.8348388671875
2022-08-17,ICICIBANK.NS,ICICI Bank,Private,854.70556640625
2022-08-18,ICICIBANK.NS,ICICI Bank,Private,856.4957885742188
2022-08-19,ICICIBANK.NS,ICICI Bank,Private,842.2709350585938
2022-08-22,ICICIBANK.NS,ICICI Bank,Private,824.7073974609375
2022-08-23,ICICIBANK.NS,ICICI Bank,Private,835.98095703125
2022-08-24,ICICIBANK.NS,ICICI Bank,Private,845.0771484375
2022-08-25,ICICIBANK.NS,ICICI Bank,Private,844.1578369140625
2022-08-26,ICICIBANK.NS,ICICI Bank,Private,842.706298828125
2022-08-29,ICICIBANK.NS,ICICI Bank,Private,828.1911010742188
2022-08-30,ICICIBANK.NS,ICICI Bank,Private,858.624755859375
2022-09-01,ICICIBANK.NS,ICICI Bank,Private,846.0932006835938
2022-09-02,ICICIBANK.NS,ICICI Bank,Private,844.2062377929688
2022-09-05,ICICIBANK.NS,ICICI Bank,Private,853.9314575195312
2022-09-06,ICICIBANK.NS,ICICI Bank,Private,855.0927124023438
2022-09-07,ICICIBANK.NS,ICICI Bank,Private,847.8834228515625
2022-09-08,ICICIBANK.NS,ICICI Bank,Private,869.7530517578125
2022-09-09,ICICIBANK.NS,ICICI Bank,Private,872.1239013671875
2022-09-12,ICICIBANK.NS,ICICI Bank,Private,877.881591796875
2022-09-13,ICICIBANK.NS,ICICI Bank,Private,880.5911254882812
2022-09-14,ICICIBANK.NS,ICICI Bank,Private,888.4293212890625
2022-09-15,ICICIBANK.NS,ICICI Bank,Private,887.9454956054688
2022-09-16,ICICIBANK.NS,ICICI Bank,Private,879.72021484375
2022-09-19,ICICIBANK.NS,ICICI Bank,Private,870.14013671875
2022-09-20,ICICIBANK.NS,ICICI Bank,Private,887.1229858398438
2022-09-21,ICICIBANK.NS,ICICI Bank,Private,885.67138671875
2022-09-22,ICICIBANK.NS,ICICI Bank,Private,874.2044067382812
2022-09-23,ICICIBANK.NS,ICICI Bank,Private,853.7379150390625
2022-09-26,ICICIBANK.NS,ICICI Bank,Private,833.2230224609375
2022-09-27,ICICIBANK.NS,ICICI Bank,Private,824.9977416992188
2022-09-28,ICICIBANK.NS,ICICI Bank,Private,822.0462646484375
2022-09-29,ICICIBANK.NS,ICICI Bank,Private,816.6273193359375
2022-09-30,ICICIBANK.NS,ICICI Bank,Private,834.1423950195312
2022-10-03,ICICIBANK.NS,ICICI Bank,Private,820.9334106445312
2022-10-04,ICICIBANK.NS,ICICI Bank,Private,839.6097412109375
2022-10-06,ICICIBANK.NS,ICICI Bank,Private,856.8345336914062
2022-10-07,ICICIBANK.NS,ICICI Bank,Private,854.0281982421875
2022-10-10,ICICIBANK.NS,ICICI Bank,Private,853.2540283203125
2022-10-11,ICICIBANK.NS,ICICI Bank,Private,842.4644165039062
2022-10-12,ICICIBANK.NS,ICICI Bank,Private,840.287109375
2022-10-13,ICICIBANK.NS,ICICI Bank,Private,826.0137939453125
2022-10-14,ICICIBANK.NS,ICICI Bank,Private,842.1256713867188
2022-10-17,ICICIBANK.NS,ICICI Bank,Private,856.5925903320312
2022-10-18,ICICIBANK.NS,ICICI Bank,Private,867.9144897460938
2022-10-19,ICICIBANK.NS,ICICI Bank,Private,863.26953125
2022-10-20,ICICIBANK.NS,ICICI Bank,Private,859.9310913085938
2022-10-21,ICICIBANK.NS,ICICI Bank,Private,877.8331909179688
2022-10-24,ICICIBANK.NS,ICICI Bank,Private,896.3642578125
2022-10-25,ICICIBANK.NS,ICICI Bank,Private,895.1547241210938
2022-10-27,ICICIBANK.NS,ICICI Bank,Private,894.5258178710938
2022-10-28,ICICIBANK.NS,ICICI Bank,Private,878.5105590820312
2022-10-31,ICICIBANK.NS,ICICI Bank,Private,879.3331909179688
2022-11-01,ICICIBANK.NS,ICICI Bank,Private,879.236328125
2022-11-02,ICICIBANK.NS,ICICI Bank,Private,875.46240234375
2022-11-03,ICICIBANK.NS,ICICI Bank,Private,879.2847290039062
2022-11-04,ICICIBANK.NS,ICICI Bank,Private,876.0430297851562
2022-11-07,ICICIBANK.NS,ICICI Bank,Private,887.8487548828125
2022-11-09,ICICIBANK.NS,ICICI Bank,Private,881.074951171875
2022-11-10,ICICIBANK.NS,ICICI Bank,Private,881.2684936523438
2022-11-11,ICICIBANK.NS,ICICI Bank,Private,877.2526245117188
2022-11-14,ICICIBANK.NS,ICICI Bank,Private,866.0275268554688
2022-11-15,ICICIBANK.NS,ICICI Bank,Private,882.2361450195312
2022-11-16,ICICIBANK.NS,ICICI Bank,Private,884.0747680664062
2022-11-17,ICICIBANK.NS,ICICI Bank,Private,890.0744018554688
2022-11-18,ICICIBANK.NS,ICICI Bank,Private,890.6065063476562
2022-11-21,ICICIBANK.NS,ICICI Bank,Private,891.6227416992188
2022-11-22,ICICIBANK.NS,ICICI Bank,Private,893.848388671875
2022-11-23,ICICIBANK.NS,ICICI Bank,Private,897.4772338867188
2022-11-24,ICICIBANK.NS,ICICI Bank,Private,908.5087280273438
2022-11-25,ICICIBANK.NS,ICICI Bank,Private,900.2349853515625
2022-11-28,ICICIBANK.NS,ICICI Bank,Private,907.105712890625
2022-11-29,ICICIBANK.NS,ICICI Bank,Private,916.1534423828125
2022-11-30,ICICIBANK.NS,ICICI Bank,Private,922.1046752929688
2022-12-01,ICICIBANK.NS,ICICI Bank,Private,909.8151245117188
2022-12-02,ICICIBANK.NS,ICICI Bank,Private,900.5253295898438
2022-12-05,ICICIBANK.NS,ICICI Bank,Private,903.4284057617188
2022-12-06,ICICIBANK.NS,ICICI Bank,Private,892.8323364257812
2022-12-07,ICICIBANK.NS,ICICI Bank,Private,892.3485107421875
2022-12-08,ICICIBANK.NS,ICICI Bank,Private,901.7833251953125
2022-12-09,ICICIBANK.NS,ICICI Bank,Private,899.8480224609375
2022-12-12,ICICIBANK.NS,ICICI Bank,Private,900.2349853515625
2022-12-13,ICICIBANK.NS,ICICI Bank,Private,902.7994384765625
2022-12-14,ICICIBANK.NS,ICICI Bank,Private,891.9613647460938
2022-12-15,ICICIBANK.NS,ICICI Bank,Private,879.4298095703125
2022-12-16,ICICIBANK.NS,ICICI Bank,Private,872.8496704101562
2022-12-19,ICICIBANK.NS,ICICI Bank,Private,877.1558837890625
2022-12-20,ICICIBANK.NS,ICICI Bank,Private,880.3008422851562
2022-12-21,ICICIBANK.NS,ICICI Bank,Private,863.4147338867188
2022-12-22,ICICIBANK.NS,ICICI Bank,Private,861.8665161132812
2022-12-23,ICICIBANK.NS,ICICI Bank,Private,850.4962158203125
2022-12-26,ICICIBANK.NS,ICICI Bank,Private,864.3340454101562
2022-12-27,ICICIBANK.NS,ICICI Bank,Private,871.5432739257812
2022-12-28,ICICIBANK.NS,ICICI Bank,Private,869.8982543945312
2022-12-29,ICICIBANK.NS,ICICI Bank,Private,878.7041015625
2022-12-30,ICICIBANK.NS,ICICI Bank,Private,862.0599365234375
2023-01-02,ICICIBANK.NS,ICICI Bank,Private,873.2850952148438
2023-01-03,ICICIBANK.NS,ICICI Bank,Private,872.220703125
2023-01-04,ICICIBANK.NS,ICICI Bank,Private,870.0433959960938
2023-01-05,ICICIBANK.NS,ICICI Bank,Private,850.7381591796875
2023-01-06,ICICIBANK.NS,ICICI Bank,Private,841.9805908203125
2023-01-09,ICICIBANK.NS,ICICI Bank,Private,845.12548828125
2023-01-10,ICICIBANK.NS,ICICI Bank,Private,833.5133056640625
2023-01-11,ICICIBANK.NS,ICICI Bank,Private,838.3034057617188
2023-01-12,ICICIBANK.NS,ICICI Bank,Private,832.8360595703125
2023-01-13,ICICIBANK.NS,ICICI Bank,Private,845.2223510742188
2023-01-16,ICICIBANK.NS,ICICI Bank,Private,837.287353515625
2023-01-17,ICICIBANK.NS,ICICI Bank,Private,837.1905517578125
2023-01-18,ICICIBANK.NS,ICICI Bank,Private,841.3999633789062
2023-01-19,ICICIBANK.NS,ICICI Bank,Private,838.1582641601562
2023-01-20,ICICIBANK.NS,ICICI Bank,Private,842.2224731445312
2023-01-23,ICICIBANK.NS,ICICI Bank,Private,843.5288696289062
2023-01-24,ICICIBANK.NS,ICICI Bank,Private,842.6095581054688
2023-01-25,ICICIBANK.NS,ICICI Bank,Private,827.6588134765625
2023-01-27,ICICIBANK.NS,ICICI Bank,Private,790.7901611328125
2023-01-30,ICICIBANK.NS,ICICI Bank,Private,796.8865356445312
2023-01-31,ICICIBANK.NS,ICICI Bank,Private,805.01513671875
2023-02-01,ICICIBANK.NS,ICICI Bank,Private,820.54638671875
2023-02-02,ICICIBANK.NS,ICICI Bank,Private,830.1748657226562
2023-02-03,ICICIBANK.NS,ICICI Bank,Private,835.8840942382812
2023-02-06,ICICIBANK.NS,ICICI Bank,Private,826.110595703125
2023-02-07,ICICIBANK.NS,ICICI Bank,Private,825.1913452148438
2023-02-08,ICICIBANK.NS,ICICI Bank,Private,831.3359985351562
2023-02-09,ICICIBANK.NS,ICICI Bank,Private,832.9810791015625
2023-02-10,ICICIBANK.NS,ICICI Bank,Private,826.2556762695312
2023-02-13,ICICIBANK.NS,ICICI Bank,Private,823.1591186523438
2023-02-14,ICICIBANK.NS,ICICI Bank,Private,837.335693359375
2023-02-15,ICICIBANK.NS,ICICI Bank,Private,842.6578979492188
2023-02-16,ICICIBANK.NS,ICICI Bank,Private,841.3515625
2023-02-17,ICICIBANK.NS,ICICI Bank,Private,834.7713623046875
2023-02-20,ICICIBANK.NS,ICICI Bank,Private,824.562255859375
2023-02-21,ICICIBANK.NS,ICICI Bank,Private,826.594482421875
2023-02-22,ICICIBANK.NS,ICICI Bank,Private,812.1275634765625
2023-02-23,ICICIBANK.NS,ICICI Bank,Private,812.6114501953125
2023-02-24,ICICIBANK.NS,ICICI Bank,Private,812.5630493164062
2023-02-27,ICICIBANK.NS,ICICI Bank,Private,828.7233276367188
2023-02-28,ICICIBANK.NS,ICICI Bank,Private,827.223388671875
2023-03-01,ICICIBANK.NS,ICICI Bank,Private,828.6265258789062
2023-03-02,ICICIBANK.NS,ICICI Bank,Private,826.4008178710938
2023-03-03,ICICIBANK.NS,ICICI Bank,Private,840.4805908203125
2023-03-06,ICICIBANK.NS,ICICI Bank,Private,839.7064819335938
2023-03-08,ICICIBANK.NS,ICICI Bank,Private,843.9158935546875
2023-03-09,ICICIBANK.NS,ICICI Bank,Private,828.2879028320312
2023-03-10,ICICIBANK.NS,ICICI Bank,Private,815.4177856445312
2023-03-13,ICICIBANK.NS,ICICI Bank,Private,801.6282348632812
2023-03-14,ICICIBANK.NS,ICICI Bank,Private,803.5151977539062
2023-03-15,ICICIBANK.NS,ICICI Bank,Private,799.2090454101562
2023-03-16,ICICIBANK.NS,ICICI Bank,Private,797.2737426757812
2023-03-17,ICICIBANK.NS,ICICI Bank,Private,809.2245483398438
2023-03-20,ICICIBANK.NS,ICICI Bank,Private,809.4180297851562
2023-03-21,ICICIBANK.NS,ICICI Bank,Private,824.8526000976562
2023-03-22,ICICIBANK.NS,ICICI Bank,Private,832.4005126953125
2023-03-23,ICICIBANK.NS,ICICI Bank,Private,827.8040161132812
2023-03-24,ICICIBANK.NS,ICICI Bank,Private,824.8526000976562
2023-03-27,ICICIBANK.NS,ICICI Bank,Private,821.2721557617188
2023-03-28,ICICIBANK.NS,ICICI Bank,Private,827.1266479492188
2023-03-29,ICICIBANK.NS,ICICI Bank,Private,823.497802734375
2023-03-31,ICICIBANK.NS,ICICI Bank,Private,848.8994750976562
2023-04-03,ICICIBANK.NS,ICICI Bank,Private,855.23779296875
2023-04-05,ICICIBANK.NS,ICICI Bank,Private,856.011962890625
2023-04-06,ICICIBANK.NS,ICICI Bank,Private,846.7222290039062
2023-04-10,ICICIBANK.NS,ICICI Bank,Private,840.3839111328125
2023-04-11,ICICIBANK.NS,ICICI Bank,Private,853.3992309570312
2023-04-12,ICICIBANK.NS,ICICI Bank,Private,861.3826293945312
2023-04-13,ICICIBANK.NS,ICICI Bank,Private,869.9465942382812
2023-04-17,ICICIBANK.NS,ICICI Bank,Private,872.1722412109375
2023-04-18,ICICIBANK.NS,ICICI Bank,Private,867.8660888671875
2023-04-19,ICICIBANK.NS,ICICI Bank,Private,863.0760498046875
2023-04-20,ICICIBANK.NS,ICICI Bank,Private,865.4953002929688
2023-04-21,ICICIBANK.NS,ICICI Bank,Private,857.0280151367188
2023-04-24,ICICIBANK.NS,ICICI Bank,Private,875.5108032226562
2023-04-25,ICICIBANK.NS,ICICI Bank,Private,883.9295654296875
2023-04-26,ICICIBANK.NS,ICICI Bank,Private,885.3811645507812
2023-04-27,ICICIBANK.NS,ICICI Bank,Private,888.6712646484375
2023-04-28,ICICIBANK.NS,ICICI Bank,Private,887.993896484375
2023-05-02,ICICIBANK.NS,ICICI Bank,Private,892.300048828125
2023-05-03,ICICIBANK.NS,ICICI Bank,Private,893.02587890625
2023-05-04,ICICIBANK.NS,ICICI Bank,Private,891.9130249023438
2023-05-05,ICICIBANK.NS,ICICI Bank,Private,896.9932861328125
2023-05-08,ICICIBANK.NS,ICICI Bank,Private,907.5894775390625
2023-05-09,ICICIBANK.NS,ICICI Bank,Private,904.20263671875
2023-05-10,ICICIBANK.NS,ICICI Bank,Private,905.7992553710938
2023-05-11,ICICIBANK.NS,ICICI Bank,Private,908.847412109375
2023-05-12,ICICIBANK.NS,ICICI Bank,Private,913.3955078125
2023-05-15,ICICIBANK.NS,ICICI Bank,Private,915.1857299804688
2023-05-16,ICICIBANK.NS,ICICI Bank,Private,915.766357421875
2023-05-17,ICICIBANK.NS,ICICI Bank,Private,908.9925537109375
2023-05-18,ICICIBANK.NS,ICICI Bank,Private,915.9114379882812
2023-05-19,ICICIBANK.NS,ICICI Bank,Private,923.45947265625
2023-05-22,ICICIBANK.NS,ICICI Bank,Private,919.6370239257812
2023-05-23,ICICIBANK.NS,ICICI Bank,Private,922.5885620117188
2023-05-24,ICICIBANK.NS,ICICI Bank,Private,910.2506103515625
2023-05-25,ICICIBANK.NS,ICICI Bank,Private,909.4764404296875
2023-05-26,ICICIBANK.NS,ICICI Bank,Private,919.975830078125
2023-05-29,ICICIBANK.NS,ICICI Bank,Private,917.5082397460938
2023-05-30,ICICIBANK.NS,ICICI Bank,Private,919.25
2023-05-31,ICICIBANK.NS,ICICI Bank,Private,918.4758911132812
2023-06-01,ICICIBANK.NS,ICICI Bank,Private,905.84765625
2023-06-02,ICICIBANK.NS,ICICI Bank,Private,907.8314208984375
2023-06-05,ICICIBANK.NS,ICICI Bank,Private,916.1534423828125
2023-06-06,ICICIBANK.NS,ICICI Bank,Private,911.6537475585938
2023-06-07,ICICIBANK.NS,ICICI Bank,Private,909.8151245117188
2023-06-08,ICICIBANK.NS,ICICI Bank,Private,907.5894775390625
2023-06-09,ICICIBANK.NS,ICICI Bank,Private,907.7345581054688
2023-06-12,ICICIBANK.NS,ICICI Bank,Private,905.7025146484375
2023-06-13,ICICIBANK.NS,ICICI Bank,Private,913.0568237304688
2023-06-14,ICICIBANK.NS,ICICI Bank,Private,909.4281005859375
2023-06-15,ICICIBANK.NS,ICICI Bank,Private,896.6546630859375
2023-06-16,ICICIBANK.NS,ICICI Bank,Private,904.009033203125
2023-06-19,ICICIBANK.NS,ICICI Bank,Private,893.316162109375
2023-06-20,ICICIBANK.NS,ICICI Bank,Private,895.6385498046875
2023-06-21,ICICIBANK.NS,ICICI Bank,Private,894.8159790039062
2023-06-22,ICICIBANK.NS,ICICI Bank,Private,895.8320922851562
2023-06-23,ICICIBANK.NS,ICICI Bank,Private,893.6548461914062
2023-06-26,ICICIBANK.NS,ICICI Bank,Private,897.4772338867188
2023-06-27,ICICIBANK.NS,ICICI Bank,Private,905.84765625
2023-06-28,ICICIBANK.NS,ICICI Bank,Private,907.1539916992188
2023-06-30,ICICIBANK.NS,ICICI Bank,Private,904.3960571289062
2023-07-03,ICICIBANK.NS,ICICI Bank,Private,912.0891723632812
2023-07-04,ICICIBANK.NS,ICICI Bank,Private,914.1697387695312
2023-07-05,ICICIBANK.NS,ICICI Bank,Private,927.039794921875
2023-07-06,ICICIBANK.NS,ICICI Bank,Private,928.3946533203125
2023-07-07,ICICIBANK.NS,ICICI Bank,Private,915.8148193359375
2023-07-10,ICICIBANK.NS,ICICI Bank,Private,917.7501220703125
2023-07-11,ICICIBANK.NS,ICICI Bank,Private,914.41162109375
2023-07-12,ICICIBANK.NS,ICICI Bank,Private,913.87939453125
2023-07-13,ICICIBANK.NS,ICICI Bank,Private,924.814208984375
2023-07-14,ICICIBANK.NS,ICICI Bank,Private,929.0236206054688
2023-07-17,ICICIBANK.NS,ICICI Bank,Private,937.3941040039062
2023-07-18,ICICIBANK.NS,ICICI Bank,Private,943.9259643554688
2023-07-19,ICICIBANK.NS,ICICI Bank,Private,941.9905395507812
2023-07-20,ICICIBANK.NS,ICICI Bank,Private,963.4247436523438
2023-07-21,ICICIBANK.NS,ICICI Bank,Private,964.7794799804688
2023-07-24,ICICIBANK.NS,ICICI Bank,Private,959.9411010742188
2023-07-25,ICICIBANK.NS,ICICI Bank,Private,962.5538330078125
2023-07-26,ICICIBANK.NS,ICICI Bank,Private,964.2472534179688
2023-07-27,ICICIBANK.NS,ICICI Bank,Private,958.24755859375
2023-07-28,ICICIBANK.NS,ICICI Bank,Private,964.00537109375
2023-07-31,ICICIBANK.NS,ICICI Bank,Private,966.0374755859375
2023-08-01,ICICIBANK.NS,ICICI Bank,Private,962.4086303710938
2023-08-02,ICICIBANK.NS,ICICI Bank,Private,955.0543212890625
2023-08-03,ICICIBANK.NS,ICICI Bank,Private,933.8135986328125
2023-08-04,ICICIBANK.NS,ICICI Bank,Private,939.1359252929688
2023-08-07,ICICIBANK.NS,ICICI Bank,Private,944.1194458007812
2023-08-08,ICICIBANK.NS,ICICI Bank,Private,948.2321166992188
2023-08-09,ICICIBANK.NS,ICICI Bank,Private,949.0126953125
2023-08-10,ICICIBANK.NS,ICICI Bank,Private,940.6220703125
2023-08-11,ICICIBANK.NS,ICICI Bank,Private,929.64599609375
2023-08-14,ICICIBANK.NS,ICICI Bank,Private,936.1829223632812
2023-08-16,ICICIBANK.NS,ICICI Bank,Private,933.2071533203125
2023-08-17,ICICIBANK.NS,ICICI Bank,Private,928.4752807617188
2023-08-18,ICICIBANK.NS,ICICI Bank,Private,927.4995727539062
2023-08-21,ICICIBANK.NS,ICICI Bank,Private,931.9387817382812
2023-08-22,ICICIBANK.NS,ICICI Bank,Private,928.8167724609375
2023-08-23,ICICIBANK.NS,ICICI Bank,Private,943.3050537109375
2023-08-24,ICICIBANK.NS,ICICI Bank,Private,945.3539428710938
2023-08-25,ICICIBANK.NS,ICICI Bank,Private,946.7686767578125
2023-08-28,ICICIBANK.NS,ICICI Bank,Private,946.9150390625
2023-08-29,ICICIBANK.NS,ICICI Bank,Private,944.1831665039062
2023-08-30,ICICIBANK.NS,ICICI Bank,Private,935.5487670898438
2023-08-31,ICICIBANK.NS,ICICI Bank,Private,935.40234375
2023-09-01,ICICIBANK.NS,ICICI Bank,Private,945.1100463867188
2023-09-04,ICICIBANK.NS,ICICI Bank,Private,943.7929077148438
2023-09-05,ICICIBANK.NS,ICICI Bank,Private,944.8173828125
2023-09-06,ICICIBANK.NS,ICICI Bank,Private,934.1828002929688
2023-09-07,ICICIBANK.NS,ICICI Bank,Private,942.1343383789062
2023-09-08,ICICIBANK.NS,ICICI Bank,Private,946.9150390625
2023-09-11,ICICIBANK.NS,ICICI Bank,Private,954.427490234375
2023-09-12,ICICIBANK.NS,ICICI Bank,Private,966.379150390625
2023-09-13,ICICIBANK.NS,ICICI Bank,Private,965.6962890625
2023-09-14,ICICIBANK.NS,ICICI Bank,Private,963.6473999023438
2023-09-15,ICICIBANK.NS,ICICI Bank,Private,968.28173828125
2023-09-18,ICICIBANK.NS,ICICI Bank,Private,966.0864868164062
2023-09-20,ICICIBANK.NS,ICICI Bank,Private,963.1107177734375
2023-09-21,ICICIBANK.NS,ICICI Bank,Private,935.93896484375
2023-09-22,ICICIBANK.NS,ICICI Bank,Private,927.1581420898438
2023-09-25,ICICIBANK.NS,ICICI Bank,Private,933.0607299804688
2023-09-26,ICICIBANK.NS,ICICI Bank,Private,925.5971069335938
2023-09-27,ICICIBANK.NS,ICICI Bank,Private,920.1334838867188
2023-09-28,ICICIBANK.NS,ICICI Bank,Private,919.6455688476562
2023-09-29,ICICIBANK.NS,ICICI Bank,Private,928.7191772460938
2023-10-03,ICICIBANK.NS,ICICI Bank,Private,917.4016723632812
2023-10-04,ICICIBANK.NS,ICICI Bank,Private,907.4012451171875
2023-10-05,ICICIBANK.NS,ICICI Bank,Private,917.938232421875
2023-10-06,ICICIBANK.NS,ICICI Bank,Private,922.182373046875
2023-10-09,ICICIBANK.NS,ICICI Bank,Private,915.7431030273438
2023-10-10,ICICIBANK.NS,ICICI Bank,Private,928.0362548828125
2023-10-11,ICICIBANK.NS,ICICI Bank,Private,929.889892578125
2023-10-12,ICICIBANK.NS,ICICI Bank,Private,931.0119018554688
2023-10-13,ICICIBANK.NS,ICICI Bank,Private,928.1337890625
2023-10-16,ICICIBANK.NS,ICICI Bank,Private,928.2313842773438
2023-10-17,ICICIBANK.NS,ICICI Bank,Private,930.6704711914062
2023-10-18,ICICIBANK.NS,ICICI Bank,Private,920.767578125
2023-10-19,ICICIBANK.NS,ICICI Bank,Private,912.9624633789062
2023-10-20,ICICIBANK.NS,ICICI Bank,Private,910.0355224609375
2023-10-23,ICICIBANK.NS,ICICI Bank,Private,907.3037109375
2023-10-25,ICICIBANK.NS,ICICI Bank,Private,893.7909545898438
2023-10-26,ICICIBANK.NS,ICICI Bank,Private,886.5224609375
2023-10-27,ICICIBANK.NS,ICICI Bank,Private,890.5225830078125
2023-10-30,ICICIBANK.NS,ICICI Bank,Private,902.3766479492188
2023-10-31,ICICIBANK.NS,ICICI Bank,Private,893.0592041015625
2023-11-01,ICICIBANK.NS,ICICI Bank,Private,891.7909545898438
2023-11-02,ICICIBANK.NS,ICICI Bank,Private,897.5472412109375
2023-11-03,ICICIBANK.NS,ICICI Bank,Private,911.0599365234375
2023-11-06,ICICIBANK.NS,ICICI Bank,Private,922.42626953125
2023-11-07,ICICIBANK.NS,ICICI Bank,Private,925.0116577148438
2023-11-08,ICICIBANK.NS,ICICI Bank,Private,912.9624633789062
2023-11-09,ICICIBANK.NS,ICICI Bank,Private,914.5234375
2023-11-10,ICICIBANK.NS,ICICI Bank,Private,915.7431030273438
2023-11-13,ICICIBANK.NS,ICICI Bank,Private,911.694091796875
2023-11-15,ICICIBANK.NS,ICICI Bank,Private,918.18212890625
2023-11-16,ICICIBANK.NS,ICICI Bank,Private,913.2063598632812
2023-11-17,ICICIBANK.NS,ICICI Bank,Private,899.4009399414062
2023-11-20,ICICIBANK.NS,ICICI Bank,Private,899.0107421875
2023-11-21,ICICIBANK.NS,ICICI Bank,Private,903.5474243164062
2023-11-22,ICICIBANK.NS,ICICI Bank,Private,900.279052734375
2023-11-23,ICICIBANK.NS,ICICI Bank,Private,900.52294921875
2023-11-24,ICICIBANK.NS,ICICI Bank,Private,906.76708984375
2023-11-28,ICICIBANK.NS,ICICI Bank,Private,902.9620971679688
2023-11-29,ICICIBANK.NS,ICICI Bank,Private,916.7186889648438
2023-11-30,ICICIBANK.NS,ICICI Bank,Private,912.1819458007812
2023-12-01,ICICIBANK.NS,ICICI Bank,Private,923.6458740234375
2023-12-04,ICICIBANK.NS,ICICI Bank,Private,967.0621337890625
2023-12-05,ICICIBANK.NS,ICICI Bank,Private,988.7703247070312
2023-12-06,ICICIBANK.NS,ICICI Bank,Private,978.8187255859375
2023-12-07,ICICIBANK.NS,ICICI Bank,Private,974.6721801757812
2023-12-08,ICICIBANK.NS,ICICI Bank,Private,986.2335815429688
2023-12-11,ICICIBANK.NS,ICICI Bank,Private,992.3313598632812
2023-12-12,ICICIBANK.NS,ICICI Bank,Private,990.9655151367188
2023-12-13,ICICIBANK.NS,ICICI Bank,Private,989.2093505859375
2023-12-14,ICICIBANK.NS,ICICI Bank,Private,1008.4784545898438
2023-12-15,ICICIBANK.NS,ICICI Bank,Private,1012.1370849609375
2023-12-18,ICICIBANK.NS,ICICI Bank,Private,996.5755004882812
2023-12-19,ICICIBANK.NS,ICICI Bank,Private,990.7216186523438
2023-12-20,ICICIBANK.NS,ICICI Bank,Private,982.1358642578125
2023-12-21,ICICIBANK.NS,ICICI Bank,Private,979.9407348632812
2023-12-22,ICICIBANK.NS,ICICI Bank,Private,970.0866088867188
2023-12-26,ICICIBANK.NS,ICICI Bank,Private,970.8671264648438
2023-12-27,ICICIBANK.NS,ICICI Bank,Private,977.8430786132812
2023-12-28,ICICIBANK.NS,ICICI Bank,Private,981.4041748046875
2023-12-29,ICICIBANK.NS,ICICI Bank,Private,972.3306274414062
2024-01-01,ICICIBANK.NS,ICICI Bank,Private,975.0624389648438
2024-01-02,ICICIBANK.NS,ICICI Bank,Private,958.330078125
2024-01-03,ICICIBANK.NS,ICICI Bank,Private,960.0862426757812
2024-01-04,ICICIBANK.NS,ICICI Bank,Private,963.1107177734375
2024-01-05,ICICIBANK.NS,ICICI Bank,Private,969.5012817382812
2024-01-08,ICICIBANK.NS,ICICI Bank,Private,958.086181640625
2024-01-09,ICICIBANK.NS,ICICI Bank,Private,955.8909301757812
2024-01-10,ICICIBANK.NS,ICICI Bank,Private,968.8670654296875
2024-01-11,ICICIBANK.NS,ICICI Bank,Private,967.0133666992188
2024-01-12,ICICIBANK.NS,ICICI Bank,Private,979.0626220703125
2024-01-15,ICICIBANK.NS,ICICI Bank,Private,985.2579956054688
2024-01-16,ICICIBANK.NS,ICICI Bank,Private,984.4774169921875
2024-01-17,ICICIBANK.NS,ICICI Bank,Private,957.8422241210938
2024-01-18,ICICIBANK.NS,ICICI Bank,Private,962.3302001953125
2024-01-19,ICICIBANK.NS,ICICI Bank,Private,974.8673095703125
2024-01-23,ICICIBANK.NS,ICICI Bank,Private,1003.9904174804688
2024-01-24,ICICIBANK.NS,ICICI Bank,Private,974.8673095703125
2024-01-25,ICICIBANK.NS,ICICI Bank,Private,985.3555297851562
2024-01-29,ICICIBANK.NS,ICICI Bank,Private,991.6484985351562
2024-01-30,ICICIBANK.NS,ICICI Bank,Private,992.1362915039062
2024-01-31,ICICIBANK.NS,ICICI Bank,Private,1003.1123657226562
2024-02-01,ICICIBANK.NS,ICICI Bank,Private,1000.1853637695312
2024-02-02,ICICIBANK.NS,ICICI Bank,Private,999.0633544921875
2024-02-05,ICICIBANK.NS,ICICI Bank,Private,998.5755615234375
2024-02-06,ICICIBANK.NS,ICICI Bank,Private,1001.4049072265625
2024-02-07,ICICIBANK.NS,ICICI Bank,Private,997.2584228515625
2024-02-08,ICICIBANK.NS,ICICI Bank,Private,965.2083740234375
2024-02-09,ICICIBANK.NS,ICICI Bank,Private,986.0872802734375
2024-02-12,ICICIBANK.NS,ICICI Bank,Private,971.8427734375
2024-02-13,ICICIBANK.NS,ICICI Bank,Private,994.9656372070312
2024-02-14,ICICIBANK.NS,ICICI Bank,Private,997.7951049804688
2024-02-15,ICICIBANK.NS,ICICI Bank,Private,991.8923950195312
2024-02-16,ICICIBANK.NS,ICICI Bank,Private,998.3316650390625
2024-02-19,ICICIBANK.NS,ICICI Bank,Private,1018.33251953125
2024-02-20,ICICIBANK.NS,ICICI Bank,Private,1023.210693359375
2024-02-21,ICICIBANK.NS,ICICI Bank,Private,1026.3326416015625
2024-02-22,ICICIBANK.NS,ICICI Bank,Private,1036.8209228515625
2024-02-23,ICICIBANK.NS,ICICI Bank,Private,1035.455078125
2024-02-26,ICICIBANK.NS,ICICI Bank,Private,1028.5279541015625
2024-02-27,ICICIBANK.NS,ICICI Bank,Private,1034.3818359375
2024-02-28,ICICIBANK.NS,ICICI Bank,Private,1020.72265625
2024-02-29,ICICIBANK.NS,ICICI Bank,Private,1026.57666015625
2024-03-01,ICICIBANK.NS,ICICI Bank,Private,1060.431640625
2024-03-04,ICICIBANK.NS,ICICI Bank,Private,1065.7489013671875
2024-03-05,ICICIBANK.NS,ICICI Bank,Private,1061.5537109375
2024-03-06,ICICIBANK.NS,ICICI Bank,Private,1070.3831787109375
2024-03-07,ICICIBANK.NS,ICICI Bank,Private,1061.4559326171875
2024-03-11,ICICIBANK.NS,ICICI Bank,Private,1052.4312744140625
2024-03-12,ICICIBANK.NS,ICICI Bank,Private,1050.6263427734375
2024-03-13,ICICIBANK.NS,ICICI Bank,Private,1057.553466796875
2024-03-14,ICICIBANK.NS,ICICI Bank,Private,1057.2120361328125
2024-03-15,ICICIBANK.NS,ICICI Bank,Private,1054.041015625
2024-03-18,ICICIBANK.NS,ICICI Bank,Private,1054.8704833984375
2024-03-19,ICICIBANK.NS,ICICI Bank,Private,1057.553466796875
2024-03-20,ICICIBANK.NS,ICICI Bank,Private,1058.090087890625
2024-03-21,ICICIBANK.NS,ICICI Bank,Private,1055.4559326171875
2024-03-22,ICICIBANK.NS,ICICI Bank,Private,1063.7489013671875
2024-03-26,ICICIBANK.NS,ICICI Bank,Private,1057.3094482421875
2024-03-27,ICICIBANK.NS,ICICI Bank,Private,1057.3582763671875
2024-03-28,ICICIBANK.NS,ICICI Bank,Private,1066.67578125
2024-04-01,ICICIBANK.NS,ICICI Bank,Private,1072.8712158203125
2024-04-02,ICICIBANK.NS,ICICI Bank,Private,1054.8704833984375
2024-04-03,ICICIBANK.NS,ICICI Bank,Private,1050.9677734375
2024-04-04,ICICIBANK.NS,ICICI Bank,Private,1052.5775146484375
2024-04-05,ICICIBANK.NS,ICICI Bank,Private,1057.016845703125
2024-04-08,ICICIBANK.NS,ICICI Bank,Private,1060.6756591796875
2024-04-09,ICICIBANK.NS,ICICI Bank,Private,1080.0909423828125
2024-04-10,ICICIBANK.NS,ICICI Bank,Private,1082.3836669921875
2024-04-12,ICICIBANK.NS,ICICI Bank,Private,1077.5054931640625
2024-04-15,ICICIBANK.NS,ICICI Bank,Private,1052.0897216796875
2024-04-16,ICICIBANK.NS,ICICI Bank,Private,1041.06494140625
2024-04-18,ICICIBANK.NS,ICICI Bank,Private,1029.7474365234375
2024-04-19,ICICIBANK.NS,ICICI Bank,Private,1041.2601318359375
2024-04-22,ICICIBANK.NS,ICICI Bank,Private,1060.187744140625
2024-04-23,ICICIBANK.NS,ICICI Bank,Private,1063.699951171875
2024-04-24,ICICIBANK.NS,ICICI Bank,Private,1070.0418701171875
2024-04-25,ICICIBANK.NS,ICICI Bank,Private,1086.627685546875
2024-04-26,ICICIBANK.NS,ICICI Bank,Private,1080.9202880859375
2024-04-29,ICICIBANK.NS,ICICI Bank,Private,1131.89794921875
2024-04-30,ICICIBANK.NS,ICICI Bank,Private,1122.38525390625
2024-05-02,ICICIBANK.NS,ICICI Bank,Private,1111.7017822265625
2024-05-03,ICICIBANK.NS,ICICI Bank,Private,1114.2386474609375
2024-05-06,ICICIBANK.NS,ICICI Bank,Private,1118.3851318359375
2024-05-07,ICICIBANK.NS,ICICI Bank,Private,1104.3358154296875
2024-05-08,ICICIBANK.NS,ICICI Bank,Private,1095.6524658203125
2024-05-09,ICICIBANK.NS,ICICI Bank,Private,1088.5302734375
2024-05-10,ICICIBANK.NS,ICICI Bank,Private,1089.847412109375
2024-05-13,ICICIBANK.NS,ICICI Bank,Private,1100.53076171875
2024-05-14,ICICIBANK.NS,ICICI Bank,Private,1093.2623291015625
2024-05-15,ICICIBANK.NS,ICICI Bank,Private,1096.9696044921875
2024-05-16,ICICIBANK.NS,ICICI Bank,Private,1103.5064697265625
2024-05-17,ICICIBANK.NS,ICICI Bank,Private,1102.9698486328125
2024-05-21,ICICIBANK.NS,ICICI Bank,Private,1093.6524658203125
2024-05-22,ICICIBANK.NS,ICICI Bank,Private,1084.042236328125
2024-05-23,ICICIBANK.NS,ICICI Bank,Private,1106.87255859375
2024-05-24,ICICIBANK.NS,ICICI Bank,Private,1104.384521484375
2024-05-27,ICICIBANK.NS,ICICI Bank,Private,1102.2869873046875
2024-05-28,ICICIBANK.NS,ICICI Bank,Private,1099.5062255859375
2024-05-29,ICICIBANK.NS,ICICI Bank,Private,1075.1639404296875
2024-05-30,ICICIBANK.NS,ICICI Bank,Private,1086.5789794921875
2024-05-31,ICICIBANK.NS,ICICI Bank,Private,1093.7501220703125
2024-06-03,ICICIBANK.NS,ICICI Bank,Private,1131.75146484375
2024-06-04,ICICIBANK.NS,ICICI Bank,Private,1045.35791015625
2024-06-05,ICICIBANK.NS,ICICI Bank,Private,1081.652099609375
2024-06-06,ICICIBANK.NS,ICICI Bank,Private,1083.359375
2024-06-07,ICICIBANK.NS,ICICI Bank,Private,1094.3841552734375
2024-06-10,ICICIBANK.NS,ICICI Bank,Private,1096.4329833984375
2024-06-11,ICICIBANK.NS,ICICI Bank,Private,1090.9693603515625
2024-06-12,ICICIBANK.NS,ICICI Bank,Private,1092.28662109375
2024-06-13,ICICIBANK.NS,ICICI Bank,Private,1080.3836669921875
2024-06-14,ICICIBANK.NS,ICICI Bank,Private,1078.7249755859375
2024-06-18,ICICIBANK.NS,ICICI Bank,Private,1095.5062255859375
2024-06-19,ICICIBANK.NS,ICICI Bank,Private,1116.580078125
2024-06-20,ICICIBANK.NS,ICICI Bank,Private,1128.62939453125
2024-06-21,ICICIBANK.NS,ICICI Bank,Private,1130.4344482421875
2024-06-24,ICICIBANK.NS,ICICI Bank,Private,1141.60546875
2024-06-25,ICICIBANK.NS,ICICI Bank,Private,1168.77734375
2024-06-26,ICICIBANK.NS,ICICI Bank,Private,1188.339111328125
2024-06-27,ICICIBANK.NS,ICICI Bank,Private,1190.19287109375
2024-06-28,ICICIBANK.NS,ICICI Bank,Private,1170.3870849609375
2024-07-01,ICICIBANK.NS,ICICI Bank,Private,1182.3387451171875
2024-07-02,ICICIBANK.NS,ICICI Bank,Private,1161.6063232421875
2024-07-03,ICICIBANK.NS,ICICI Bank,Private,1172.3382568359375
2024-07-04,ICICIBANK.NS,ICICI Bank,Private,1202.9737548828125
2024-07-05,ICICIBANK.NS,ICICI Bank,Private,1203.364013671875
2024-07-08,ICICIBANK.NS,ICICI Bank,Private,1204.9739990234375
2024-07-09,ICICIBANK.NS,ICICI Bank,Private,1217.8524169921875
2024-07-10,ICICIBANK.NS,ICICI Bank,Private,1212.9254150390625
2024-07-11,ICICIBANK.NS,ICICI Bank,Private,1208.291015625
2024-07-12,ICICIBANK.NS,ICICI Bank,Private,1202.876220703125
2024-07-15,ICICIBANK.NS,ICICI Bank,Private,1199.9979248046875
2024-07-16,ICICIBANK.NS,ICICI Bank,Private,1209.7056884765625
2024-07-18,ICICIBANK.NS,ICICI Bank,Private,1219.8525390625
2024-07-19,ICICIBANK.NS,ICICI Bank,Private,1218.2427978515625
2024-07-22,ICICIBANK.NS,ICICI Bank,Private,1210.92529296875
2024-07-23,ICICIBANK.NS,ICICI Bank,Private,1196.8759765625
2024-07-24,ICICIBANK.NS,ICICI Bank,Private,1193.21728515625
2024-07-25,ICICIBANK.NS,ICICI Bank,Private,1168.7286376953125
2024-07-26,ICICIBANK.NS,ICICI Bank,Private,1177.802001953125
2024-07-29,ICICIBANK.NS,ICICI Bank,Private,1183.1680908203125
2024-07-30,ICICIBANK.NS,ICICI Bank,Private,1179.9971923828125
2024-07-31,ICICIBANK.NS,ICICI Bank,Private,1185.3145751953125
2024-08-01,ICICIBANK.NS,ICICI Bank,Private,1180.63134765625
2024-08-02,ICICIBANK.NS,ICICI Bank,Private,1167.4114990234375
2024-08-05,ICICIBANK.NS,ICICI Bank,Private,1144.044677734375
2024-08-06,ICICIBANK.NS,ICICI Bank,Private,1138.4345703125
2024-08-07,ICICIBANK.NS,ICICI Bank,Private,1143.8983154296875
2024-08-08,ICICIBANK.NS,ICICI Bank,Private,1136.239501953125
2024-08-09,ICICIBANK.NS,ICICI Bank,Private,1143.0689697265625
2024-08-12,ICICIBANK.NS,ICICI Bank,Private,1154.09033203125
2024-08-13,ICICIBANK.NS,ICICI Bank,Private,1149.7113037109375
2024-08-14,ICICIBANK.NS,ICICI Bank,Private,1143.1181640625
2024-08-16,ICICIBANK.NS,ICICI Bank,Private,1168.309814453125
2024-08-19,ICICIBANK.NS,ICICI Bank,Private,1157.140869140625
2024-08-20,ICICIBANK.NS,ICICI Bank,Private,1160.6341552734375
2024-08-21,ICICIBANK.NS,ICICI Bank,Private,1156.1075439453125
2024-08-22,ICICIBANK.NS,ICICI Bank,Private,1172.098388671875
2024-08-23,ICICIBANK.NS,ICICI Bank,Private,1184.300537109375
2024-08-26,ICICIBANK.NS,ICICI Bank,Private,1193.9443359375
2024-08-27,ICICIBANK.NS,ICICI Bank,Private,1206.7860107421875
2024-08-28,ICICIBANK.NS,ICICI Bank,Private,1204.3258056640625
2024-08-29,ICICIBANK.NS,ICICI Bank,Private,1202.4071044921875
2024-08-30,ICICIBANK.NS,ICICI Bank,Private,1209.590576171875
2024-09-02,ICICIBANK.NS,ICICI Bank,Private,1210.3284912109375
2024-09-03,ICICIBANK.NS,ICICI Bank,Private,1227.79541015625
2024-09-04,ICICIBANK.NS,ICICI Bank,Private,1216.62646484375
2024-09-05,ICICIBANK.NS,ICICI Bank,Private,1216.23291015625
2024-09-06,ICICIBANK.NS,ICICI Bank,Private,1188.8763427734375
2024-09-09,ICICIBANK.NS,ICICI Bank,Private,1215.298095703125
2024-09-10,ICICIBANK.NS,ICICI Bank,Private,1217.5614013671875
2024-09-11,ICICIBANK.NS,ICICI Bank,Private,1216.62646484375
2024-09-12,ICICIBANK.NS,ICICI Bank,Private,1232.1744384765625
2024-09-13,ICICIBANK.NS,ICICI Bank,Private,1230.403076171875
2024-09-16,ICICIBANK.NS,ICICI Bank,Private,1242.7037353515625
2024-09-17,ICICIBANK.NS,ICICI Bank,Private,1247.8699951171875
2024-09-18,ICICIBANK.NS,ICICI Bank,Private,1267.796875
2024-09-19,ICICIBANK.NS,ICICI Bank,Private,1271.388671875
2024-09-20,ICICIBANK.NS,ICICI Bank,Private,1317.09765625
2024-09-23,ICICIBANK.NS,ICICI Bank,Private,1300.811767578125
2024-09-24,ICICIBANK.NS,ICICI Bank,Private,1297.5643310546875
2024-09-25,ICICIBANK.NS,ICICI Bank,Private,1302.7305908203125
2024-09-26,ICICIBANK.NS,ICICI Bank,Private,1307.8477783203125
2024-09-27,ICICIBANK.NS,ICICI Bank,Private,1285.7557373046875
2024-09-30,ICICIBANK.NS,ICICI Bank,Private,1252.6917724609375
2024-10-01,ICICIBANK.NS,ICICI Bank,Private,1254.0694580078125
2024-10-03,ICICIBANK.NS,ICICI Bank,Private,1236.307373046875
2024-10-04,ICICIBANK.NS,ICICI Bank,Private,1219.97216796875
2024-10-07,ICICIBANK.NS,ICICI Bank,Private,1214.215576171875
2024-10-08,ICICIBANK.NS,ICICI Bank,Private,1216.8724365234375
2024-10-09,ICICIBANK.NS,ICICI Bank,Private,1224.3021240234375
2024-10-10,ICICIBANK.NS,ICICI Bank,Private,1223.662353515625
2024-10-11,ICICIBANK.NS,ICICI Bank,Private,1203.4893798828125
2024-10-14,ICICIBANK.NS,ICICI Bank,Private,1212.099853515625
2024-10-15,ICICIBANK.NS,ICICI Bank,Private,1235.4710693359375
2024-10-16,ICICIBANK.NS,ICICI Bank,Private,1223.3179931640625
2024-10-17,ICICIBANK.NS,ICICI Bank,Private,1211.6077880859375
2024-10-18,ICICIBANK.NS,ICICI Bank,Private,1244.327392578125
2024-10-21,ICICIBANK.NS,ICICI Bank,Private,1238.9644775390625
2024-10-22,ICICIBANK.NS,ICICI Bank,Private,1247.279541015625
2024-10-23,ICICIBANK.NS,ICICI Bank,Private,1231.6331787109375
2024-10-24,ICICIBANK.NS,ICICI Bank,Private,1232.764892578125
2024-10-25,ICICIBANK.NS,ICICI Bank,Private,1235.4217529296875
2024-10-28,ICICIBANK.NS,ICICI Bank,Private,1272.2252197265625
2024-10-29,ICICIBANK.NS,ICICI Bank,Private,1310.60302734375
2024-10-30,ICICIBANK.NS,ICICI Bank,Private,1291.21728515625
2024-10-31,ICICIBANK.NS,ICICI Bank,Private,1271.634765625
2024-11-01,ICICIBANK.NS,ICICI Bank,Private,1271.1920166015625
2024-11-04,ICICIBANK.NS,ICICI Bank,Private,1256.8248291015625
2024-11-05,ICICIBANK.NS,ICICI Bank,Private,1276.013671875
2024-11-06,ICICIBANK.NS,ICICI Bank,Private,1281.5736083984375
2024-11-07,ICICIBANK.NS,ICICI Bank,Private,1258.3009033203125
2024-11-08,ICICIBANK.NS,ICICI Bank,Private,1238.7674560546875
2024-11-11,ICICIBANK.NS,ICICI Bank,Private,1249.0509033203125
2024-11-12,ICICIBANK.NS,ICICI Bank,Private,1250.3302001953125
2024-11-13,ICICIBANK.NS,ICICI Bank,Private,1233.69970703125
2024-11-14,ICICIBANK.NS,ICICI Bank,Private,1236.8978271484375
2024-11-18,ICICIBANK.NS,ICICI Bank,Private,1233.45361328125
2024-11-19,ICICIBANK.NS,ICICI Bank,Private,1229.173095703125
2024-11-21,ICICIBANK.NS,ICICI Bank,Private,1230.60009765625
2024-11-22,ICICIBANK.NS,ICICI Bank,Private,1257.6612548828125
2024-11-25,ICICIBANK.NS,ICICI Bank,Private,1280.1959228515625
2024-11-26,ICICIBANK.NS,ICICI Bank,Private,1284.132080078125
2024-11-27,ICICIBANK.NS,ICICI Bank,Private,1279.9498291015625
2024-11-28,ICICIBANK.NS,ICICI Bank,Private,1265.828857421875
2024-11-29,ICICIBANK.NS,ICICI Bank,Private,1279.3594970703125
2024-12-02,ICICIBANK.NS,ICICI Bank,Private,1283.8370361328125
2024-12-03,ICICIBANK.NS,ICICI Bank,Private,1287.527099609375
2024-12-04,ICICIBANK.NS,ICICI Bank,Private,1295.0550537109375
2024-12-05,ICICIBANK.NS,ICICI Bank,Private,1315.1787109375
2024-12-06,ICICIBANK.NS,ICICI Bank,Private,1307.552490234375
2024-12-09,ICICIBANK.NS,ICICI Bank,Private,1301.2054443359375
2024-12-10,ICICIBANK.NS,ICICI Bank,Private,1309.225341796875
2024-12-11,ICICIBANK.NS,ICICI Bank,Private,1306.3223876953125
2024-12-12,ICICIBANK.NS,ICICI Bank,Private,1308.04443359375
2024-12-13,ICICIBANK.NS,ICICI Bank,Private,1323.44482421875
2024-12-16,ICICIBANK.NS,ICICI Bank,Private,1324.6256103515625
2024-12-17,ICICIBANK.NS,ICICI Bank,Private,1312.4727783203125
2024-12-18,ICICIBANK.NS,ICICI Bank,Private,1293.1854248046875
2024-12-19,ICICIBANK.NS,ICICI Bank,Private,1266.3701171875
2024-12-20,ICICIBANK.NS,ICICI Bank,Private,1267.8460693359375
2024-12-23,ICICIBANK.NS,ICICI Bank,Private,1276.1121826171875
2024-12-24,ICICIBANK.NS,ICICI Bank,Private,1276.554931640625
2024-12-26,ICICIBANK.NS,ICICI Bank,Private,1276.6534423828125
2024-12-27,ICICIBANK.NS,ICICI Bank,Private,1286.690673828125
2024-12-30,ICICIBANK.NS,ICICI Bank,Private,1273.9964599609375
2024-12-31,ICICIBANK.NS,ICICI Bank,Private,1261.203857421875
2025-01-01,ICICIBANK.NS,ICICI Bank,Private,1263.1719970703125
2025-01-02,ICICIBANK.NS,ICICI Bank,Private,1270.0111083984375
2025-01-03,ICICIBANK.NS,ICICI Bank,Private,1244.8687744140625
2025-01-06,ICICIBANK.NS,ICICI Bank,Private,1243.933837890625
2025-01-07,ICICIBANK.NS,ICICI Bank,Private,1258.842041015625
2025-01-08,ICICIBANK.NS,ICICI Bank,Private,1243.5894775390625
2025-01-09,ICICIBANK.NS,ICICI Bank,Private,1242.260986328125
2025-01-10,ICICIBANK.NS,ICICI Bank,Private,1229.9111328125
2025-01-13,ICICIBANK.NS,ICICI Bank,Private,1210.1317138671875
2025-01-14,ICICIBANK.NS,ICICI Bank,Private,1220.5135498046875
2025-01-15,ICICIBANK.NS,ICICI Bank,Private,1218.4962158203125
2025-01-16,ICICIBANK.NS,ICICI Bank,Private,1229.173095703125
2025-01-17,ICICIBANK.NS,ICICI Bank,Private,1205.900390625
2025-01-20,ICICIBANK.NS,ICICI Bank,Private,1213.2806396484375
2025-01-21,ICICIBANK.NS,ICICI Bank,Private,1177.0677490234375
2025-01-22,ICICIBANK.NS,ICICI Bank,Private,1181.2991943359375
2025-01-23,ICICIBANK.NS,ICICI Bank,Private,1182.5784912109375
2025-01-24,ICICIBANK.NS,ICICI Bank,Private,1189.90966796875
2025-01-27,ICICIBANK.NS,ICICI Bank,Private,1208.3603515625
2025-01-28,ICICIBANK.NS,ICICI Bank,Private,1227.00830078125
2025-01-29,ICICIBANK.NS,ICICI Bank,Private,1231.682373046875
2025-01-30,ICICIBANK.NS,ICICI Bank,Private,1235.5694580078125
2025-01-31,ICICIBANK.NS,ICICI Bank,Private,1232.814208984375
2025-02-01,ICICIBANK.NS,ICICI Bank,Private,1235.520263671875
2025-02-03,ICICIBANK.NS,ICICI Bank,Private,1233.0108642578125
2025-02-04,ICICIBANK.NS,ICICI Bank,Private,1247.9683837890625
2025-02-05,ICICIBANK.NS,ICICI Bank,Private,1247.476318359375
2025-02-06,ICICIBANK.NS,ICICI Bank,Private,1252.1014404296875
2025-02-07,ICICIBANK.NS,ICICI Bank,Private,1236.8487548828125
2025-02-10,ICICIBANK.NS,ICICI Bank,Private,1242.4576416015625
2025-02-11,ICICIBANK.NS,ICICI Bank,Private,1232.764892578125
2025-02-12,ICICIBANK.NS,ICICI Bank,Private,1231.830078125
2025-02-13,ICICIBANK.NS,ICICI Bank,Private,1228.976318359375
2025-02-14,ICICIBANK.NS,ICICI Bank,Private,1239.9976806640625
2025-02-17,ICICIBANK.NS,ICICI Bank,Private,1231.1904296875
2025-02-18,ICICIBANK.NS,ICICI Bank,Private,1223.2196044921875
2025-02-19,ICICIBANK.NS,ICICI Bank,Private,1241.5228271484375
2025-02-20,ICICIBANK.NS,ICICI Bank,Private,1230.009521484375
2025-02-21,ICICIBANK.NS,ICICI Bank,Private,1213.2806396484375
2025-02-24,ICICIBANK.NS,ICICI Bank,Private,1198.9136962890625
2025-02-25,ICICIBANK.NS,ICICI Bank,Private,1204.6212158203125
2025-02-27,ICICIBANK.NS,ICICI Bank,Private,1202.9482421875
2025-02-28,ICICIBANK.NS,ICICI Bank,Private,1184.8909912109375
2025-03-03,ICICIBANK.NS,ICICI Bank,Private,1186.9573974609375
2025-03-04,ICICIBANK.NS,ICICI Bank,Private,1191.0904541015625
2025-03-05,ICICIBANK.NS,ICICI Bank,Private,1196.3057861328125
2025-03-06,ICICIBANK.NS,ICICI Bank,Private,1198.618408203125
2025-03-07,ICICIBANK.NS,ICICI Bank,Private,1195.17431640625
2025-03-10,ICICIBANK.NS,ICICI Bank,Private,1195.469482421875
2025-03-11,ICICIBANK.NS,ICICI Bank,Private,1225.5321044921875
2025-03-12,ICICIBANK.NS,ICICI Bank,Private,1224.105224609375
2025-03-13,ICICIBANK.NS,ICICI Bank,Private,1230.1080322265625
2025-03-17,ICICIBANK.NS,ICICI Bank,Private,1248.755615234375
2025-03-18,ICICIBANK.NS,ICICI Bank,Private,1248.755615234375
2025-03-19,ICICIBANK.NS,ICICI Bank,Private,1292.152099609375
2025-03-20,ICICIBANK.NS,ICICI Bank,Private,1300.6148681640625
2025-03-21,ICICIBANK.NS,ICICI Bank,Private,1321.6734619140625
2025-03-24,ICICIBANK.NS,ICICI Bank,Private,1336.4835205078125
2025-03-25,ICICIBANK.NS,ICICI Bank,Private,1322.263916015625
2025-03-26,ICICIBANK.NS,ICICI Bank,Private,1314.58837890625
2025-03-27,ICICIBANK.NS,ICICI Bank,Private,1315.326416015625
2025-03-28,ICICIBANK.NS,ICICI Bank,Private,1326.8397216796875
2025-04-01,ICICIBANK.NS,ICICI Bank,Private,1297.4166259765625
2025-04-02,ICICIBANK.NS,ICICI Bank,Private,1310.0125732421875
2025-04-03,ICICIBANK.NS,ICICI Bank,Private,1308.3397216796875
2025-04-04,ICICIBANK.NS,ICICI Bank,Private,1313.998046875
2025-04-07,ICICIBANK.NS,ICICI Bank,Private,1267.009765625
2025-04-08,ICICIBANK.NS,ICICI Bank,Private,1279.1627197265625
2025-04-09,ICICIBANK.NS,ICICI Bank,Private,1280.04833984375
2025-04-11,ICICIBANK.NS,ICICI Bank,Private,1290.7252197265625
2025-04-15,ICICIBANK.NS,ICICI Bank,Private,1328.66015625
2025-04-16,ICICIBANK.NS,ICICI Bank,Private,1334.7613525390625
2025-04-17,ICICIBANK.NS,ICICI Bank,Private,1384.2589111328125
2025-04-21,ICICIBANK.NS,ICICI Bank,Private,1387.3094482421875
2025-04-22,ICICIBANK.NS,ICICI Bank,Private,1393.9024658203125
2025-04-23,ICICIBANK.NS,ICICI Bank,Private,1401.676513671875
2025-04-24,ICICIBANK.NS,ICICI Bank,Private,1380.32275390625
2025-04-25,ICICIBANK.NS,ICICI Bank,Private,1382.3892822265625
2025-04-28,ICICIBANK.NS,ICICI Bank,Private,1406.00634765625
2025-04-29,ICICIBANK.NS,ICICI Bank,Private,1406.990478515625
2025-04-30,ICICIBANK.NS,ICICI Bank,Private,1404.2349853515625
2025-05-02,ICICIBANK.NS,ICICI Bank,Private,1407.2855224609375
2025-05-05,ICICIBANK.NS,ICICI Bank,Private,1406.5968017578125
2025-05-06,ICICIBANK.NS,ICICI Bank,Private,1408.7615966796875
2025-05-07,ICICIBANK.NS,ICICI Bank,Private,1412.5010986328125
2025-05-08,ICICIBANK.NS,ICICI Bank,Private,1412.599365234375
2025-05-09,ICICIBANK.NS,ICICI Bank,Private,1366.742919921875
2025-05-12,ICICIBANK.NS,ICICI Bank,Private,1425.39208984375
2025-05-13,ICICIBANK.NS,ICICI Bank,Private,1407.777587890625
2025-05-14,ICICIBANK.NS,ICICI Bank,Private,1403.44775390625
2025-05-15,ICICIBANK.NS,ICICI Bank,Private,1427.6553955078125
2025-05-16,ICICIBANK.NS,ICICI Bank,Private,1430.8043212890625
2025-05-19,ICICIBANK.NS,ICICI Bank,Private,1425.8841552734375
2025-05-20,ICICIBANK.NS,ICICI Bank,Private,1415.25634765625
2025-05-21,ICICIBANK.NS,ICICI Bank,Private,1421.652587890625
2025-05-22,ICICIBANK.NS,ICICI Bank,Private,1419.0941162109375
2025-05-23,ICICIBANK.NS,ICICI Bank,Private,1426.67138671875
2025-05-26,ICICIBANK.NS,ICICI Bank,Private,1437.2989501953125
2025-05-27,ICICIBANK.NS,ICICI Bank,Private,1423.3255615234375
2025-05-28,ICICIBANK.NS,ICICI Bank,Private,1430.6075439453125
2025-05-29,ICICIBANK.NS,ICICI Bank,Private,1433.264404296875
2025-05-30,ICICIBANK.NS,ICICI Bank,Private,1422.7352294921875
2025-06-02,ICICIBANK.NS,ICICI Bank,Private,1427.360107421875
2025-06-03,ICICIBANK.NS,ICICI Bank,Private,1414.961181640625
2025-06-04,ICICIBANK.NS,ICICI Bank,Private,1408.171142578125
2025-06-05,ICICIBANK.NS,ICICI Bank,Private,1431.5916748046875
2025-06-06,ICICIBANK.NS,ICICI Bank,Private,1436.413330078125
2025-06-09,ICICIBANK.NS,ICICI Bank,Private,1411.91064453125
2025-06-10,ICICIBANK.NS,ICICI Bank,Private,1400.200439453125
2025-06-11,ICICIBANK.NS,ICICI Bank,Private,1408.171142578125
2025-06-12,ICICIBANK.NS,ICICI Bank,Private,1402.4637451171875
2025-06-13,ICICIBANK.NS,ICICI Bank,Private,1393.5089111328125
2025-06-16,ICICIBANK.NS,ICICI Bank,Private,1404.1365966796875
2025-06-17,ICICIBANK.NS,ICICI Bank,Private,1400.4957275390625
2025-06-18,ICICIBANK.NS,ICICI Bank,Private,1390.0648193359375
2025-06-19,ICICIBANK.NS,ICICI Bank,Private,1388.78564453125
2025-06-20,ICICIBANK.NS,ICICI Bank,Private,1404.33349609375
2025-06-23,ICICIBANK.NS,ICICI Bank,Private,1397.445068359375
2025-06-24,ICICIBANK.NS,ICICI Bank,Private,1401.38134765625
2025-06-25,ICICIBANK.NS,ICICI Bank,Private,1403.0543212890625
2025-06-26,ICICIBANK.NS,ICICI Bank,Private,1416.14208984375
2025-06-27,ICICIBANK.NS,ICICI Bank,Private,1438.87353515625
2025-06-30,ICICIBANK.NS,ICICI Bank,Private,1422.7352294921875
2025-07-01,ICICIBANK.NS,ICICI Bank,Private,1409.1552734375
2025-07-02,ICICIBANK.NS,ICICI Bank,Private,1405.0223388671875
2025-07-03,ICICIBANK.NS,ICICI Bank,Private,1403.1527099609375
2025-07-04,ICICIBANK.NS,ICICI Bank,Private,1419.782958984375
2025-07-07,ICICIBANK.NS,ICICI Bank,Private,1412.7962646484375
2025-07-08,ICICIBANK.NS,ICICI Bank,Private,1418.9957275390625
2025-07-09,ICICIBANK.NS,ICICI Bank,Private,1409.056884765625
2025-07-10,ICICIBANK.NS,ICICI Bank,Private,1401.38134765625
2025-07-11,ICICIBANK.NS,ICICI Bank,Private,1399.2164306640625
2025-07-14,ICICIBANK.NS,ICICI Bank,Private,1400.298828125
2025-07-15,ICICIBANK.NS,ICICI Bank,Private,1407.9744873046875
2025-07-16,ICICIBANK.NS,ICICI Bank,Private,1403.6446533203125
2025-07-17,ICICIBANK.NS,ICICI Bank,Private,1396.0673828125
2025-07-18,ICICIBANK.NS,ICICI Bank,Private,1403.0543212890625
2025-07-21,ICICIBANK.NS,ICICI Bank,Private,1442.4161376953125
2025-07-22,ICICIBANK.NS,ICICI Bank,Private,1450.0916748046875
2025-07-23,ICICIBANK.NS,ICICI Bank,Private,1464.8524169921875
2025-07-24,ICICIBANK.NS,ICICI Bank,Private,1459.7353515625
2025-07-25,ICICIBANK.NS,ICICI Bank,Private,1453.5357666015625
2025-07-28,ICICIBANK.NS,ICICI Bank,Private,1464.655517578125
2025-07-29,ICICIBANK.NS,ICICI Bank,Private,1462.4906005859375
2025-07-30,ICICIBANK.NS,ICICI Bank,Private,1458.751220703125
2025-07-31,ICICIBANK.NS,ICICI Bank,Private,1457.7672119140625
2025-08-01,ICICIBANK.NS,ICICI Bank,Private,1448.12353515625
2025-08-04,ICICIBANK.NS,ICICI Bank,Private,1439.8575439453125
2025-08-05,ICICIBANK.NS,ICICI Bank,Private,1421.3575439453125
2025-08-06,ICICIBANK.NS,ICICI Bank,Private,1420.5703125
2025-08-07,ICICIBANK.NS,ICICI Bank,Private,1417.322998046875
2025-08-08,ICICIBANK.NS,ICICI Bank,Private,1412.9931640625
2025-08-11,ICICIBANK.NS,ICICI Bank,Private,1413.681884765625
2025-08-12,ICICIBANK.NS,ICICI Bank,Private,1410.112060546875
2025-08-13,ICICIBANK.NS,ICICI Bank,Private,1408.922119140625
2025-08-14,ICICIBANK.NS,ICICI Bank,Private,1415.3677978515625
2025-08-18,ICICIBANK.NS,ICICI Bank,Private,1422.606689453125
2025-08-19,ICICIBANK.NS,ICICI Bank,Private,1424.29248046875
2025-08-20,ICICIBANK.NS,ICICI Bank,Private,1418.64013671875
2025-08-21,ICICIBANK.NS,ICICI Bank,Private,1433.911376953125
2025-08-22,ICICIBANK.NS,ICICI Bank,Private,1424.3917236328125
2025-08-25,ICICIBANK.NS,ICICI Bank,Private,1421.2183837890625
2025-08-26,ICICIBANK.NS,ICICI Bank,Private,1404.7572021484375
2025-08-28,ICICIBANK.NS,ICICI Bank,Private,1387.4034423828125
2025-08-29,ICICIBANK.NS,ICICI Bank,Private,1386.1143798828125
2025-09-01,ICICIBANK.NS,ICICI Bank,Private,1399.2039794921875
2025-09-02,ICICIBANK.NS,ICICI Bank,Private,1382.54443359375
2025-09-03,ICICIBANK.NS,ICICI Bank,Private,1385.321044921875
2025-09-04,ICICIBANK.NS,ICICI Bank,Private,1393.75
2025-09-05,ICICIBANK.NS,ICICI Bank,Private,1391.0726318359375
2025-09-08,ICICIBANK.NS,ICICI Bank,Private,1390.973388671875
2025-09-09,ICICIBANK.NS,ICICI Bank,Private,1391.9649658203125
2025-09-10,ICICIBANK.NS,ICICI Bank,Private,1392.163330078125
2025-09-11,ICICIBANK.NS,ICICI Bank,Private,1389.882568359375
2025-09-12,ICICIBANK.NS,ICICI Bank,Private,1405.847900390625
2025-09-15,ICICIBANK.NS,ICICI Bank,Private,1407.5338134765625
2025-09-16,ICICIBANK.NS,ICICI Bank,Private,1409.71533203125
2025-09-17,ICICIBANK.NS,ICICI Bank,Private,1407.33544921875
2025-09-18,ICICIBANK.NS,ICICI Bank,Private,1409.814453125
2025-09-19,ICICIBANK.NS,ICICI Bank,Private,1390.4775390625
2025-09-22,ICICIBANK.NS,ICICI Bank,Private,1389.783447265625
2025-09-23,ICICIBANK.NS,ICICI Bank,Private,1382.6436767578125
2025-09-24,ICICIBANK.NS,ICICI Bank,Private,1371.1405029296875
2025-09-25,ICICIBANK.NS,ICICI Bank,Private,1364.29833984375
2025-09-26,ICICIBANK.NS,ICICI Bank,Private,1348.233642578125
2025-09-29,ICICIBANK.NS,ICICI Bank,Private,1336.829833984375
2025-09-30,ICICIBANK.NS,ICICI Bank,Private,1336.730712890625
2025-10-01,ICICIBANK.NS,ICICI Bank,Private,1360.530029296875
2025-10-03,ICICIBANK.NS,ICICI Bank,Private,1353.786865234375
2025-10-06,ICICIBANK.NS,ICICI Bank,Private,1352.001953125
2025-10-07,ICICIBANK.NS,ICICI Bank,Private,1364.3974609375
2025-10-08,ICICIBANK.NS,ICICI Bank,Private,1358.8443603515625
2025-10-09,ICICIBANK.NS,ICICI Bank,Private,1364.69482421875
2025-10-10,ICICIBANK.NS,ICICI Bank,Private,1368.7607421875
2025-10-13,ICICIBANK.NS,ICICI Bank,Private,1367.8681640625
2025-10-14,ICICIBANK.NS,ICICI Bank,Private,1372.52880859375
2025-10-15,ICICIBANK.NS,ICICI Bank,Private,1386.7093505859375
2025-10-16,ICICIBANK.NS,ICICI Bank,Private,1405.451416015625
2025-10-17,ICICIBANK.NS,ICICI Bank,Private,1424.5899658203125
2025-10-20,ICICIBANK.NS,ICICI Bank,Private,1378.6771240234375
2025-10-21,ICICIBANK.NS,ICICI Bank,Private,1370.4464111328125
2025-10-23,ICICIBANK.NS,ICICI Bank,Private,1352.2994384765625
2025-10-24,ICICIBANK.NS,ICICI Bank,Private,1366.182373046875
2025-10-27,ICICIBANK.NS,ICICI Bank,Private,1366.083251953125
2025-10-28,ICICIBANK.NS,ICICI Bank,Private,1351.7044677734375
2025-10-29,ICICIBANK.NS,ICICI Bank,Private,1358.9434814453125
2025-10-30,ICICIBANK.NS,ICICI Bank,Private,1351.0103759765625
2025-10-31,ICICIBANK.NS,ICICI Bank,Private,1334.0533447265625
2025-11-03,ICICIBANK.NS,ICICI Bank,Private,1335.14404296875
2025-11-04,ICICIBANK.NS,ICICI Bank,Private,1325.7235107421875
2025-11-06,ICICIBANK.NS,ICICI Bank,Private,1309.3614501953125
2025-11-07,ICICIBANK.NS,ICICI Bank,Private,1331.7724609375
2025-11-10,ICICIBANK.NS,ICICI Bank,Private,1336.730712890625
2025-11-11,ICICIBANK.NS,ICICI Bank,Private,1346.944580078125
2025-11-12,ICICIBANK.NS,ICICI Bank,Private,1347.53955078125
2025-11-13,ICICIBANK.NS,ICICI Bank,Private,1374.3138427734375
2025-11-14,ICICIBANK.NS,ICICI Bank,Private,1361.521728515625
2025-11-17,ICICIBANK.NS,ICICI Bank,Private,1367.4715576171875
2025-11-18,ICICIBANK.NS,ICICI Bank,Private,1361.9183349609375
2025-11-19,ICICIBANK.NS,ICICI Bank,Private,1371.5372314453125
2025-11-20,ICICIBANK.NS,ICICI Bank,Private,1371.4381103515625
2025-11-21,ICICIBANK.NS,ICICI Bank,Private,1358.0509033203125
2025-11-24,ICICIBANK.NS,ICICI Bank,Private,1356.960205078125
2025-11-25,ICICIBANK.NS,ICICI Bank,Private,1346.4488525390625
2025-11-26,ICICIBANK.NS,ICICI Bank,Private,1363.5050048828125
2025-11-27,ICICIBANK.NS,ICICI Bank,Private,1380.5611572265625
2025-11-28,ICICIBANK.NS,ICICI Bank,Private,1377.189697265625
2025-12-01,ICICIBANK.NS,ICICI Bank,Private,1378.478759765625
2025-12-02,ICICIBANK.NS,ICICI Bank,Private,1361.521728515625
2025-12-03,ICICIBANK.NS,ICICI Bank,Private,1379.8670654296875
2025-12-04,ICICIBANK.NS,ICICI Bank,Private,1375.1070556640625
2025-12-05,ICICIBANK.NS,ICICI Bank,Private,1380.858642578125
2025-12-08,ICICIBANK.NS,ICICI Bank,Private,1377.98291015625
2025-12-09,ICICIBANK.NS,ICICI Bank,Private,1363.7032470703125
2025-12-10,ICICIBANK.NS,ICICI Bank,Private,1352.2001953125
2025-12-11,ICICIBANK.NS,ICICI Bank,Private,1348.63037109375
2025-12-12,ICICIBANK.NS,ICICI Bank,Private,1354.5802001953125
2025-12-15,ICICIBANK.NS,ICICI Bank,Private,1353.786865234375
2025-12-16,ICICIBANK.NS,ICICI Bank,Private,1354.5802001953125
2025-12-17,ICICIBANK.NS,ICICI Bank,Private,1341.0938720703125
2025-12-18,ICICIBANK.NS,ICICI Bank,Private,1345.4571533203125
2025-12-19,ICICIBANK.NS,ICICI Bank,Private,1342.7796630859375
2025-12-22,ICICIBANK.NS,ICICI Bank,Private,1357.059326171875
2025-12-23,ICICIBANK.NS,ICICI Bank,Private,1351.605224609375
2025-12-24,ICICIBANK.NS,ICICI Bank,Private,1348.43212890625
2025-12-26,ICICIBANK.NS,ICICI Bank,Private,1339.110595703125
2025-12-29,ICICIBANK.NS,ICICI Bank,Private,1332.070068359375
2025-12-30,ICICIBANK.NS,ICICI Bank,Private,1331.276611328125
2025-12-31,ICICIBANK.NS,ICICI Bank,Private,1331.67333984375
2026-01-01,ICICIBANK.NS,ICICI Bank,Private,1326.8143310546875
2026-01-02,ICICIBANK.NS,ICICI Bank,Private,1344.06884765625
2026-01-05,ICICIBANK.NS,ICICI Bank,Private,1360.0341796875
2026-01-06,ICICIBANK.NS,ICICI Bank,Private,1399.4022216796875
2026-01-07,ICICIBANK.NS,ICICI Bank,Private,1415.7642822265625
2026-01-08,ICICIBANK.NS,ICICI Bank,Private,1423.00341796875
2026-01-09,ICICIBANK.NS,ICICI Bank,Private,1392.56005859375
2026-01-12,ICICIBANK.NS,ICICI Bank,Private,1401.286376953125
2026-01-13,ICICIBANK.NS,ICICI Bank,Private,1424.9866943359375
2026-01-14,ICICIBANK.NS,ICICI Bank,Private,1406.5421142578125
2026-01-15,ICICIBANK.NS,ICICI Bank,Private,1406.5421142578125
2026-01-16,ICICIBANK.NS,ICICI Bank,Private,1399.0057373046875
2026-01-19,ICICIBANK.NS,ICICI Bank,Private,1369.05810546875
2026-01-20,ICICIBANK.NS,ICICI Bank,Private,1364.29833984375
2026-01-21,ICICIBANK.NS,ICICI Bank,Private,1337.7222900390625
2026-01-22,ICICIBANK.NS,ICICI Bank,Private,1334.2515869140625
2026-01-23,ICICIBANK.NS,ICICI Bank,Private,1332.169189453125
2026-01-27,ICICIBANK.NS,ICICI Bank,Private,1350.0186767578125
2026-01-28,ICICIBANK.NS,ICICI Bank,Private,1356.2659912109375
2026-01-29,ICICIBANK.NS,ICICI Bank,Private,1372.0330810546875
2026-01-30,ICICIBANK.NS,ICICI Bank,Private,1343.672119140625
2026-02-02,ICICIBANK.NS,ICICI Bank,Private,1341.4906005859375
2026-02-03,ICICIBANK.NS,ICICI Bank,Private,1378.08203125
2026-02-04,ICICIBANK.NS,ICICI Bank,Private,1396.625732421875
2026-02-05,ICICIBANK.NS,ICICI Bank,Private,1384.8251953125
2026-02-06,ICICIBANK.NS,ICICI Bank,Private,1394.344970703125
2026-02-09,ICICIBANK.NS,ICICI Bank,Private,1384.626953125
2026-02-10,ICICIBANK.NS,ICICI Bank,Private,1394.7415771484375
2026-02-11,ICICIBANK.NS,ICICI Bank,Private,1394.344970703125
2026-02-12,ICICIBANK.NS,ICICI Bank,Private,1418.045166015625
2026-02-13,ICICIBANK.NS,ICICI Bank,Private,1402.77392578125
2026-02-16,ICICIBANK.NS,ICICI Bank,Private,1399.7989501953125
2026-02-17,ICICIBANK.NS,ICICI Bank,Private,1395.7332763671875
2026-02-18,ICICIBANK.NS,ICICI Bank,Private,1396.4273681640625
2026-02-19,ICICIBANK.NS,ICICI Bank,Private,1377.189697265625
2026-02-20,ICICIBANK.NS,ICICI Bank,Private,1382.8419189453125
2026-02-23,ICICIBANK.NS,ICICI Bank,Private,1387.7010498046875
2026-02-24,ICICIBANK.NS,ICICI Bank,Private,1373.2230224609375
2026-02-25,ICICIBANK.NS,ICICI Bank,Private,1388.791748046875
2026-02-26,ICICIBANK.NS,ICICI Bank,Private,1393.155029296875
2026-02-27,ICICIBANK.NS,ICICI Bank,Private,1367.3724365234375
2026-03-02,ICICIBANK.NS,ICICI Bank,Private,1362.5133056640625
2026-03-04,ICICIBANK.NS,ICICI Bank,Private,1353.9852294921875
2026-03-05,ICICIBANK.NS,ICICI Bank,Private,1346.2503662109375
2026-03-06,ICICIBANK.NS,ICICI Bank,Private,1302.419921875
2026-03-09,ICICIBANK.NS,ICICI Bank,Private,1267.7125244140625
2026-03-10,ICICIBANK.NS,ICICI Bank,Private,1300.9324951171875
2026-03-11,ICICIBANK.NS,ICICI Bank,Private,1283.777099609375
2026-03-12,ICICIBANK.NS,ICICI Bank,Private,1255.9119873046875
2026-03-13,ICICIBANK.NS,ICICI Bank,Private,1244.3099365234375
2026-03-16,ICICIBANK.NS,ICICI Bank,Private,1262.258544921875
2026-03-17,ICICIBANK.NS,ICICI Bank,Private,1277.9263916015625
2026-03-18,ICICIBANK.NS,ICICI Bank,Private,1278.521484375
2026-03-19,ICICIBANK.NS,ICICI Bank,Private,1239.6490478515625
2026-03-20,ICICIBANK.NS,ICICI Bank,Private,1234.9884033203125
2026-03-23,ICICIBANK.NS,ICICI Bank,Private,1212.4781494140625
2026-03-24,ICICIBANK.NS,ICICI Bank,Private,1240.7398681640625
2026-03-25,ICICIBANK.NS,ICICI Bank,Private,1249.1688232421875
2026-03-27,ICICIBANK.NS,ICICI Bank,Private,1223.4854736328125
2026-03-30,ICICIBANK.NS,ICICI Bank,Private,1195.8187255859375
2026-04-01,ICICIBANK.NS,ICICI Bank,Private,1202.561767578125
2026-04-02,ICICIBANK.NS,ICICI Bank,Private,1205.635986328125
2026-04-06,ICICIBANK.NS,ICICI Bank,Private,1221.10546875
2026-04-07,ICICIBANK.NS,ICICI Bank,Private,1235.0875244140625
2026-04-08,ICICIBANK.NS,ICICI Bank,Private,1298.2550048828125
2026-04-09,ICICIBANK.NS,ICICI Bank,Private,1270.58837890625
2026-04-10,ICICIBANK.NS,ICICI Bank,Private,1310.848876953125
2026-04-13,ICICIBANK.NS,ICICI Bank,Private,1339.8046875
2026-04-15,ICICIBANK.NS,ICICI Bank,Private,1336.829833984375
2026-04-16,ICICIBANK.NS,ICICI Bank,Private,1334.2515869140625
2026-04-17,ICICIBANK.NS,ICICI Bank,Private,1335.540771484375
2026-04-20,ICICIBANK.NS,ICICI Bank,Private,1344.862060546875
2026-04-21,ICICIBANK.NS,ICICI Bank,Private,1376.79296875
2026-04-22,ICICIBANK.NS,ICICI Bank,Private,1356.166748046875
2026-04-23,ICICIBANK.NS,ICICI Bank,Private,1336.730712890625
2026-04-24,ICICIBANK.NS,ICICI Bank,Private,1315.1129150390625
2026-04-27,ICICIBANK.NS,ICICI Bank,Private,1303.114013671875
2026-04-28,ICICIBANK.NS,ICICI Bank,Private,1281.1988525390625
2026-04-29,ICICIBANK.NS,ICICI Bank,Private,1270.290771484375
2026-04-30,ICICIBANK.NS,ICICI Bank,Private,1252.8380126953125
2026-05-01,ICICIBANK.NS,ICICI Bank,Private,1252.8380126953125
2026-05-04,ICICIBANK.NS,ICICI Bank,Private,1260.1761474609375
2026-05-05,ICICIBANK.NS,ICICI Bank,Private,1240.839111328125
2026-05-06,ICICIBANK.NS,ICICI Bank,Private,1268.8033447265625
2026-05-07,ICICIBANK.NS,ICICI Bank,Private,1268.3074951171875
2026-05-08,ICICIBANK.NS,ICICI Bank,Private,1254.226318359375
2026-05-11,ICICIBANK.NS,ICICI Bank,Private,1255.8128662109375
2026-05-12,ICICIBANK.NS,ICICI Bank,Private,1229.93115234375
2026-05-13,ICICIBANK.NS,ICICI Bank,Private,1225.2703857421875
2026-05-14,ICICIBANK.NS,ICICI Bank,Private,1235.5833740234375
2026-05-15,ICICIBANK.NS,ICICI Bank,Private,1234.095947265625
2026-05-18,ICICIBANK.NS,ICICI Bank,Private,1240.6407470703125
2026-05-19,ICICIBANK.NS,ICICI Bank,Private,1230.4268798828125
2026-05-20,ICICIBANK.NS,ICICI Bank,Private,1226.9561767578125
2026-05-21,ICICIBANK.NS,ICICI Bank,Private,1232.41015625
2026-05-22,ICICIBANK.NS,ICICI Bank,Private,1253.73046875
2026-05-25,ICICIBANK.NS,ICICI Bank,Private,1281.0006103515625
2026-05-26,ICICIBANK.NS,ICICI Bank,Private,1268.4066162109375
2026-05-27,ICICIBANK.NS,ICICI Bank,Private,1262.0601806640625
2026-05-28,ICICIBANK.NS,ICICI Bank,Private,1262.0601806640625
2026-05-29,ICICIBANK.NS,ICICI Bank,Private,1245.896484375
2026-06-01,ICICIBANK.NS,ICICI Bank,Private,1229.3360595703125
2026-06-02,ICICIBANK.NS,ICICI Bank,Private,1216.3455810546875
2026-06-03,ICICIBANK.NS,ICICI Bank,Private,1231.6168212890625
2026-06-04,ICICIBANK.NS,ICICI Bank,Private,1241.2357177734375
2026-06-05,ICICIBANK.NS,ICICI Bank,Private,1251.548828125
2026-06-08,ICICIBANK.NS,ICICI Bank,Private,1239.748291015625
2026-06-09,ICICIBANK.NS,ICICI Bank,Private,1264.3409423828125
2026-06-10,ICICIBANK.NS,ICICI Bank,Private,1282.488037109375
2026-06-11,ICICIBANK.NS,ICICI Bank,Private,1305.9898681640625
2026-06-12,ICICIBANK.NS,ICICI Bank,Private,1329.5909423828125
2026-06-15,ICICIBANK.NS,ICICI Bank,Private,1316.501220703125
2026-06-16,ICICIBANK.NS,ICICI Bank,Private,1323.145263671875
2026-06-17,ICICIBANK.NS,ICICI Bank,Private,1325.6243896484375
2026-06-18,ICICIBANK.NS,ICICI Bank,Private,1331.078369140625
2026-06-19,ICICIBANK.NS,ICICI Bank,Private,1335.2431640625
2026-06-22,ICICIBANK.NS,ICICI Bank,Private,1341.0938720703125
2026-06-23,ICICIBANK.NS,ICICI Bank,Private,1327.11181640625
2026-06-24,ICICIBANK.NS,ICICI Bank,Private,1362.11669921875
2026-06-25,ICICIBANK.NS,ICICI Bank,Private,1375.9005126953125
2026-06-26,ICICIBANK.NS,ICICI Bank,Private,1375.9005126953125
2026-06-29,ICICIBANK.NS,ICICI Bank,Private,1375.9996337890625
2026-06-30,ICICIBANK.NS,ICICI Bank,Private,1363.7032470703125
2026-07-01,ICICIBANK.NS,ICICI Bank,Private,1368.264892578125
2026-07-02,ICICIBANK.NS,ICICI Bank,Private,1388.2960205078125
2026-07-03,ICICIBANK.NS,ICICI Bank,Private,1399.6007080078125
2026-07-06,ICICIBANK.NS,ICICI Bank,Private,1414.9710693359375
2026-07-07,ICICIBANK.NS,ICICI Bank,Private,1402.873046875
2026-07-08,ICICIBANK.NS,ICICI Bank,Private,1369.05810546875
2026-07-09,ICICIBANK.NS,ICICI Bank,Private,1369.1572265625
2026-07-10,ICICIBANK.NS,ICICI Bank,Private,1389.48583984375
2026-07-13,ICICIBANK.NS,ICICI Bank,Private,1397.716552734375
2026-07-14,ICICIBANK.NS,ICICI Bank,Private,1395.9315185546875
2026-07-15,ICICIBANK.NS,ICICI Bank,Private,1404.3604736328125
2026-07-16,ICICIBANK.NS,ICICI Bank,Private,1406.34375
2026-07-17,ICICIBANK.NS,ICICI Bank,Private,1432.2257080078125
2026-07-20,ICICIBANK.NS,ICICI Bank,Private,1447.99267578125
2026-07-21,ICICIBANK.NS,ICICI Bank,Private,1450.868408203125
2026-07-23,ICICIBANK.NS,ICICI Bank,Private,1422.606689453125
2026-07-24,ICICIBANK.NS,ICICI Bank,Private,1420.9208984375
2026-07-27,ICICIBANK.NS,ICICI Bank,Private,1433.6138916015625
2026-07-28,ICICIBANK.NS,ICICI Bank,Private,1418.8385009765625
2026-07-29,ICICIBANK.NS,ICICI Bank,Private,1425.879150390625
2026-07-30,ICICIBANK.NS,ICICI Bank,Private,1421.91259765625
2026-07-31,ICICIBANK.NS,ICICI Bank,Private,1423.4000244140625
2026-08-03,ICICIBANK.NS,ICICI Bank,Private,1460.0
2026-08-04,ICICIBANK.NS,ICICI Bank,Private,1454.5999755859375
2026-08-05,ICICIBANK.NS,ICICI Bank,Private,1450.0999755859375
2026-08-06,ICICIBANK.NS,ICICI Bank,Private,1457.5
2026-08-07,ICICIBANK.NS,ICICI Bank,Private,1421.0
2026-08-10,ICICIBANK.NS,ICICI Bank,Private,1431.800048828125
2026-08-11,ICICIBANK.NS,ICICI Bank,Private,1429.5999755859375
2026-08-12,ICICIBANK.NS,ICICI Bank,Private,1431.699951171875
2026-08-13,ICICIBANK.NS,ICICI Bank,Private,1406.800048828125
2026-08-14,ICICIBANK.NS,ICICI Bank,Private,1417.0
2026-08-17,ICICIBANK.NS,ICICI Bank,Private,1415.300048828125
2026-08-18,ICICIBANK.NS,ICICI Bank,Private,1412.0
2026-08-19,ICICIBANK.NS,ICICI Bank,Private,1402.0
2026-08-20,ICICIBANK.NS,ICICI Bank,Private,1411.9000244140625
2021-08-20,INDUSINDBK.NS,IndusInd Bank,Private,948.9857788085938
2021-08-23,INDUSINDBK.NS,IndusInd Bank,Private,957.8511962890625
2021-08-24,INDUSINDBK.NS,IndusInd Bank,Private,973.7894897460938
2021-08-25,INDUSINDBK.NS,IndusInd Bank,Private,974.27392578125
2021-08-26,INDUSINDBK.NS,IndusInd Bank,Private,970.3499755859375
2021-08-27,INDUSINDBK.NS,IndusInd Bank,Private,959.4014282226562
2021-08-30,INDUSINDBK.NS,IndusInd Bank,Private,973.8379516601562
2021-08-31,INDUSINDBK.NS,IndusInd Bank,Private,961.5330200195312
2021-09-01,INDUSINDBK.NS,IndusInd Bank,Private,967.6854248046875
2021-09-02,INDUSINDBK.NS,IndusInd Bank,Private,978.6824340820312
2021-09-03,INDUSINDBK.NS,IndusInd Bank,Private,972.530029296875
2021-09-06,INDUSINDBK.NS,IndusInd Bank,Private,961.096923828125
2021-09-07,INDUSINDBK.NS,IndusInd Bank,Private,970.1077880859375
2021-09-08,INDUSINDBK.NS,IndusInd Bank,Private,968.5089721679688
2021-09-09,INDUSINDBK.NS,IndusInd Bank,Private,968.412109375
2021-09-13,INDUSINDBK.NS,IndusInd Bank,Private,965.3117065429688
2021-09-14,INDUSINDBK.NS,IndusInd Bank,Private,1004.3582153320312
2021-09-15,INDUSINDBK.NS,IndusInd Bank,Private,1021.1685180664062
2021-09-16,INDUSINDBK.NS,IndusInd Bank,Private,1095.7735595703125
2021-09-17,INDUSINDBK.NS,IndusInd Bank,Private,1094.8531494140625
2021-09-20,INDUSINDBK.NS,IndusInd Bank,Private,1056.048828125
2021-09-21,INDUSINDBK.NS,IndusInd Bank,Private,1102.1683349609375
2021-09-22,INDUSINDBK.NS,IndusInd Bank,Private,1105.8985595703125
2021-09-23,INDUSINDBK.NS,IndusInd Bank,Private,1132.7855224609375
2021-09-24,INDUSINDBK.NS,IndusInd Bank,Private,1126.875244140625
2021-09-27,INDUSINDBK.NS,IndusInd Bank,Private,1114.9093017578125
2021-09-28,INDUSINDBK.NS,IndusInd Bank,Private,1099.455322265625
2021-09-29,INDUSINDBK.NS,IndusInd Bank,Private,1088.2646484375
2021-09-30,INDUSINDBK.NS,IndusInd Bank,Private,1077.316162109375
2021-10-01,INDUSINDBK.NS,IndusInd Bank,Private,1069.7103271484375
2021-10-04,INDUSINDBK.NS,IndusInd Bank,Private,1084.970458984375
2021-10-05,INDUSINDBK.NS,IndusInd Bank,Private,1132.25244140625
2021-10-06,INDUSINDBK.NS,IndusInd Bank,Private,1096.6456298828125
2021-10-07,INDUSINDBK.NS,IndusInd Bank,Private,1130.41162109375
2021-10-08,INDUSINDBK.NS,IndusInd Bank,Private,1137.872314453125
2021-10-11,INDUSINDBK.NS,IndusInd Bank,Private,1136.7579345703125
2021-10-12,INDUSINDBK.NS,IndusInd Bank,Private,1145.138916015625
2021-10-13,INDUSINDBK.NS,IndusInd Bank,Private,1147.6580810546875
2021-10-14,INDUSINDBK.NS,IndusInd Bank,Private,1172.3648681640625
2021-10-18,INDUSINDBK.NS,IndusInd Bank,Private,1181.666259765625
2021-10-19,INDUSINDBK.NS,IndusInd Bank,Private,1156.862548828125
2021-10-20,INDUSINDBK.NS,IndusInd Bank,Private,1164.322998046875
2021-10-21,INDUSINDBK.NS,IndusInd Bank,Private,1147.5611572265625
2021-10-22,INDUSINDBK.NS,IndusInd Bank,Private,1159.1878662109375
2021-10-25,INDUSINDBK.NS,IndusInd Bank,Private,1141.117919921875
2021-10-26,INDUSINDBK.NS,IndusInd Bank,Private,1118.9786376953125
2021-10-27,INDUSINDBK.NS,IndusInd Bank,Private,1107.0128173828125
2021-10-28,INDUSINDBK.NS,IndusInd Bank,Private,1139.42236328125
2021-10-29,INDUSINDBK.NS,IndusInd Bank,Private,1104.7359619140625
2021-11-01,INDUSINDBK.NS,IndusInd Bank,Private,1190.8707275390625
2021-11-02,INDUSINDBK.NS,IndusInd Bank,Private,1174.8355712890625
2021-11-03,INDUSINDBK.NS,IndusInd Bank,Private,1141.311767578125
2021-11-04,INDUSINDBK.NS,IndusInd Bank,Private,1152.1148681640625
2021-11-08,INDUSINDBK.NS,IndusInd Bank,Private,1028.144775390625
2021-11-09,INDUSINDBK.NS,IndusInd Bank,Private,1035.0238037109375
2021-11-10,INDUSINDBK.NS,IndusInd Bank,Private,1000.0950317382812
2021-11-11,INDUSINDBK.NS,IndusInd Bank,Private,1001.1609497070312
2021-11-12,INDUSINDBK.NS,IndusInd Bank,Private,1004.794189453125
2021-11-15,INDUSINDBK.NS,IndusInd Bank,Private,1009.1058959960938
2021-11-16,INDUSINDBK.NS,IndusInd Bank,Private,989.1465454101562
2021-11-17,INDUSINDBK.NS,IndusInd Bank,Private,1001.839111328125
2021-11-18,INDUSINDBK.NS,IndusInd Bank,Private,977.0838012695312
2021-11-22,INDUSINDBK.NS,IndusInd Bank,Private,975.5820922851562
2021-11-23,INDUSINDBK.NS,IndusInd Bank,Private,950.8267211914062
2021-11-24,INDUSINDBK.NS,IndusInd Bank,Private,940.2173461914062
2021-11-25,INDUSINDBK.NS,IndusInd Bank,Private,929.4625244140625
2021-11-26,INDUSINDBK.NS,IndusInd Bank,Private,873.7509765625
2021-11-29,INDUSINDBK.NS,IndusInd Bank,Private,867.5984497070312
2021-11-30,INDUSINDBK.NS,IndusInd Bank,Private,855.5357055664062
2021-12-01,INDUSINDBK.NS,IndusInd Bank,Private,904.6104125976562
2021-12-02,INDUSINDBK.NS,IndusInd Bank,Private,916.14013671875
2021-12-03,INDUSINDBK.NS,IndusInd Bank,Private,921.5660400390625
2021-12-06,INDUSINDBK.NS,IndusInd Bank,Private,887.1702270507812
2021-12-07,INDUSINDBK.NS,IndusInd Bank,Private,897.8280029296875
2021-12-08,INDUSINDBK.NS,IndusInd Bank,Private,915.89794921875
2021-12-09,INDUSINDBK.NS,IndusInd Bank,Private,916.9638061523438
2021-12-10,INDUSINDBK.NS,IndusInd Bank,Private,915.3650512695312
2021-12-13,INDUSINDBK.NS,IndusInd Bank,Private,909.35791015625
2021-12-14,INDUSINDBK.NS,IndusInd Bank,Private,916.6246337890625
2021-12-15,INDUSINDBK.NS,IndusInd Bank,Private,909.35791015625
2021-12-16,INDUSINDBK.NS,IndusInd Bank,Private,899.4266357421875
2021-12-17,INDUSINDBK.NS,IndusInd Bank,Private,855.5357055664062
2021-12-20,INDUSINDBK.NS,IndusInd Bank,Private,819.7833251953125
2021-12-21,INDUSINDBK.NS,IndusInd Bank,Private,830.5381469726562
2021-12-22,INDUSINDBK.NS,IndusInd Bank,Private,844.6356811523438
2021-12-23,INDUSINDBK.NS,IndusInd Bank,Private,844.005859375
2021-12-24,INDUSINDBK.NS,IndusInd Bank,Private,834.3654174804688
2021-12-27,INDUSINDBK.NS,IndusInd Bank,Private,828.6488647460938
2021-12-28,INDUSINDBK.NS,IndusInd Bank,Private,826.1296997070312
2021-12-29,INDUSINDBK.NS,IndusInd Bank,Private,842.9400024414062
2021-12-30,INDUSINDBK.NS,IndusInd Bank,Private,857.861083984375
2021-12-31,INDUSINDBK.NS,IndusInd Bank,Private,860.5255126953125
2022-01-03,INDUSINDBK.NS,IndusInd Bank,Private,883.92431640625
2022-01-04,INDUSINDBK.NS,IndusInd Bank,Private,876.2701416015625
2022-01-05,INDUSINDBK.NS,IndusInd Bank,Private,875.8341674804688
2022-01-06,INDUSINDBK.NS,IndusInd Bank,Private,893.0320434570312
2022-01-07,INDUSINDBK.NS,IndusInd Bank,Private,893.5648803710938
2022-01-10,INDUSINDBK.NS,IndusInd Bank,Private,892.2084350585938
2022-01-11,INDUSINDBK.NS,IndusInd Bank,Private,889.398681640625
2022-01-12,INDUSINDBK.NS,IndusInd Bank,Private,912.2645263671875
2022-01-13,INDUSINDBK.NS,IndusInd Bank,Private,898.2639770507812
2022-01-14,INDUSINDBK.NS,IndusInd Bank,Private,891.433349609375
2022-01-17,INDUSINDBK.NS,IndusInd Bank,Private,891.8693237304688
2022-01-18,INDUSINDBK.NS,IndusInd Bank,Private,871.6679077148438
2022-01-19,INDUSINDBK.NS,IndusInd Bank,Private,865.4669189453125
2022-01-20,INDUSINDBK.NS,IndusInd Bank,Private,849.9160766601562
2022-01-21,INDUSINDBK.NS,IndusInd Bank,Private,827.5345458984375
2022-01-24,INDUSINDBK.NS,IndusInd Bank,Private,824.773193359375
2022-01-25,INDUSINDBK.NS,IndusInd Bank,Private,856.746826171875
2022-01-27,INDUSINDBK.NS,IndusInd Bank,Private,860.4771118164062
2022-01-28,INDUSINDBK.NS,IndusInd Bank,Private,875.446533203125
2022-01-31,INDUSINDBK.NS,IndusInd Bank,Private,844.9746704101562
2022-02-01,INDUSINDBK.NS,IndusInd Bank,Private,893.61328125
2022-02-02,INDUSINDBK.NS,IndusInd Bank,Private,945.0133056640625
2022-02-03,INDUSINDBK.NS,IndusInd Bank,Private,928.5419921875
2022-02-04,INDUSINDBK.NS,IndusInd Bank,Private,926.3135986328125
2022-02-07,INDUSINDBK.NS,IndusInd Bank,Private,904.0289306640625
2022-02-08,INDUSINDBK.NS,IndusInd Bank,Private,908.5343627929688
2022-02-09,INDUSINDBK.NS,IndusInd Bank,Private,937.0682983398438
2022-02-10,INDUSINDBK.NS,IndusInd Bank,Private,942.1065063476562
2022-02-11,INDUSINDBK.NS,IndusInd Bank,Private,951.8440551757812
2022-02-14,INDUSINDBK.NS,IndusInd Bank,Private,912.3130493164062
2022-02-15,INDUSINDBK.NS,IndusInd Bank,Private,939.5390625
2022-02-16,INDUSINDBK.NS,IndusInd Bank,Private,938.279541015625
2022-02-17,INDUSINDBK.NS,IndusInd Bank,Private,926.0714111328125
2022-02-18,INDUSINDBK.NS,IndusInd Bank,Private,925.6353759765625
2022-02-21,INDUSINDBK.NS,IndusInd Bank,Private,922.8256225585938
2022-02-22,INDUSINDBK.NS,IndusInd Bank,Private,909.8907470703125
2022-02-23,INDUSINDBK.NS,IndusInd Bank,Private,921.1300048828125
2022-02-24,INDUSINDBK.NS,IndusInd Bank,Private,848.4143676757812
2022-02-25,INDUSINDBK.NS,IndusInd Bank,Private,898.215576171875
2022-02-28,INDUSINDBK.NS,IndusInd Bank,Private,892.0631103515625
2022-03-02,INDUSINDBK.NS,IndusInd Bank,Private,878.1594848632812
2022-03-03,INDUSINDBK.NS,IndusInd Bank,Private,883.8759765625
2022-03-04,INDUSINDBK.NS,IndusInd Bank,Private,873.8478393554688
2022-03-07,INDUSINDBK.NS,IndusInd Bank,Private,808.4473266601562
2022-03-08,INDUSINDBK.NS,IndusInd Bank,Private,814.5513916015625
2022-03-09,INDUSINDBK.NS,IndusInd Bank,Private,848.1235961914062
2022-03-10,INDUSINDBK.NS,IndusInd Bank,Private,876.1731567382812
2022-03-11,INDUSINDBK.NS,IndusInd Bank,Private,873.7025146484375
2022-03-14,INDUSINDBK.NS,IndusInd Bank,Private,879.37060546875
2022-03-15,INDUSINDBK.NS,IndusInd Bank,Private,868.7611694335938
2022-03-16,INDUSINDBK.NS,IndusInd Bank,Private,899.7658081054688
2022-03-17,INDUSINDBK.NS,IndusInd Bank,Private,903.4476928710938
2022-03-21,INDUSINDBK.NS,IndusInd Bank,Private,884.9901733398438
2022-03-22,INDUSINDBK.NS,IndusInd Bank,Private,898.8453979492188
2022-03-23,INDUSINDBK.NS,IndusInd Bank,Private,902.3818359375
2022-03-24,INDUSINDBK.NS,IndusInd Bank,Private,896.0355834960938
2022-03-25,INDUSINDBK.NS,IndusInd Bank,Private,897.4404907226562
2022-03-28,INDUSINDBK.NS,IndusInd Bank,Private,906.0636596679688
2022-03-29,INDUSINDBK.NS,IndusInd Bank,Private,900.2503051757812
2022-03-30,INDUSINDBK.NS,IndusInd Bank,Private,897.4888305664062
2022-03-31,INDUSINDBK.NS,IndusInd Bank,Private,906.305908203125
2022-04-01,INDUSINDBK.NS,IndusInd Bank,Private,938.4732666015625
2022-04-04,INDUSINDBK.NS,IndusInd Bank,Private,956.4946899414062
2022-04-05,INDUSINDBK.NS,IndusInd Bank,Private,942.9786987304688
2022-04-06,INDUSINDBK.NS,IndusInd Bank,Private,938.1825561523438
2022-04-07,INDUSINDBK.NS,IndusInd Bank,Private,942.3488159179688
2022-04-08,INDUSINDBK.NS,IndusInd Bank,Private,954.9445190429688
2022-04-11,INDUSINDBK.NS,IndusInd Bank,Private,949.9547119140625
2022-04-12,INDUSINDBK.NS,IndusInd Bank,Private,954.4600219726562
2022-04-13,INDUSINDBK.NS,IndusInd Bank,Private,952.8129272460938
2022-04-18,INDUSINDBK.NS,IndusInd Bank,Private,947.0479736328125
2022-04-19,INDUSINDBK.NS,IndusInd Bank,Private,933.822509765625
2022-04-20,INDUSINDBK.NS,IndusInd Bank,Private,942.3004150390625
2022-04-21,INDUSINDBK.NS,IndusInd Bank,Private,958.4810180664062
2022-04-22,INDUSINDBK.NS,IndusInd Bank,Private,929.995361328125
2022-04-25,INDUSINDBK.NS,IndusInd Bank,Private,917.1090698242188
2022-04-26,INDUSINDBK.NS,IndusInd Bank,Private,949.9547119140625
2022-04-27,INDUSINDBK.NS,IndusInd Bank,Private,944.1897583007812
2022-04-28,INDUSINDBK.NS,IndusInd Bank,Private,957.6089477539062
2022-04-29,INDUSINDBK.NS,IndusInd Bank,Private,948.11376953125
2022-05-02,INDUSINDBK.NS,IndusInd Bank,Private,986.4336547851562
2022-05-04,INDUSINDBK.NS,IndusInd Bank,Private,947.8715209960938
2022-05-05,INDUSINDBK.NS,IndusInd Bank,Private,907.662353515625
2022-05-06,INDUSINDBK.NS,IndusInd Bank,Private,886.927978515625
2022-05-09,INDUSINDBK.NS,IndusInd Bank,Private,862.02734375
2022-05-10,INDUSINDBK.NS,IndusInd Bank,Private,882.422607421875
2022-05-11,INDUSINDBK.NS,IndusInd Bank,Private,894.6307373046875
2022-05-12,INDUSINDBK.NS,IndusInd Bank,Private,842.8432006835938
2022-05-13,INDUSINDBK.NS,IndusInd Bank,Private,845.2169799804688
2022-05-16,INDUSINDBK.NS,IndusInd Bank,Private,858.3455200195312
2022-05-17,INDUSINDBK.NS,IndusInd Bank,Private,875.7371826171875
2022-05-18,INDUSINDBK.NS,IndusInd Bank,Private,875.0590209960938
2022-05-19,INDUSINDBK.NS,IndusInd Bank,Private,839.306640625
2022-05-20,INDUSINDBK.NS,IndusInd Bank,Private,868.6158447265625
2022-05-23,INDUSINDBK.NS,IndusInd Bank,Private,874.3323364257812
2022-05-24,INDUSINDBK.NS,IndusInd Bank,Private,870.020751953125
2022-05-25,INDUSINDBK.NS,IndusInd Bank,Private,865.563720703125
2022-05-26,INDUSINDBK.NS,IndusInd Bank,Private,869.6815795898438
2022-05-27,INDUSINDBK.NS,IndusInd Bank,Private,896.6168823242188
2022-05-30,INDUSINDBK.NS,IndusInd Bank,Private,907.0809936523438
2022-05-31,INDUSINDBK.NS,IndusInd Bank,Private,901.8973999023438
2022-06-01,INDUSINDBK.NS,IndusInd Bank,Private,899.4751586914062
2022-06-02,INDUSINDBK.NS,IndusInd Bank,Private,913.62109375
2022-06-03,INDUSINDBK.NS,IndusInd Bank,Private,895.5510864257812
2022-06-06,INDUSINDBK.NS,IndusInd Bank,Private,899.86279296875
2022-06-07,INDUSINDBK.NS,IndusInd Bank,Private,894.9697875976562
2022-06-08,INDUSINDBK.NS,IndusInd Bank,Private,885.2808227539062
2022-06-09,INDUSINDBK.NS,IndusInd Bank,Private,891.6754760742188
2022-06-10,INDUSINDBK.NS,IndusInd Bank,Private,884.7964477539062
2022-06-13,INDUSINDBK.NS,IndusInd Bank,Private,838.5316162109375
2022-06-14,INDUSINDBK.NS,IndusInd Bank,Private,817.9425659179688
2022-06-15,INDUSINDBK.NS,IndusInd Bank,Private,817.0704956054688
2022-06-16,INDUSINDBK.NS,IndusInd Bank,Private,784.4186401367188
2022-06-17,INDUSINDBK.NS,IndusInd Bank,Private,781.8026733398438
2022-06-20,INDUSINDBK.NS,IndusInd Bank,Private,759.6633911132812
2022-06-21,INDUSINDBK.NS,IndusInd Bank,Private,774.0030517578125
2022-06-22,INDUSINDBK.NS,IndusInd Bank,Private,753.4624633789062
2022-06-23,INDUSINDBK.NS,IndusInd Bank,Private,760.5353393554688
2022-06-24,INDUSINDBK.NS,IndusInd Bank,Private,781.4151000976562
2022-06-27,INDUSINDBK.NS,IndusInd Bank,Private,797.8863525390625
2022-06-28,INDUSINDBK.NS,IndusInd Bank,Private,791.200927734375
2022-06-29,INDUSINDBK.NS,IndusInd Bank,Private,783.6436157226562
2022-06-30,INDUSINDBK.NS,IndusInd Bank,Private,769.6430053710938
2022-07-01,INDUSINDBK.NS,IndusInd Bank,Private,782.0933837890625
2022-07-04,INDUSINDBK.NS,IndusInd Bank,Private,806.1219482421875
2022-07-05,INDUSINDBK.NS,IndusInd Bank,Private,798.4193115234375
2022-07-06,INDUSINDBK.NS,IndusInd Bank,Private,810.5303955078125
2022-07-07,INDUSINDBK.NS,IndusInd Bank,Private,834.219970703125
2022-07-08,INDUSINDBK.NS,IndusInd Bank,Private,822.2056274414062
2022-07-11,INDUSINDBK.NS,IndusInd Bank,Private,831.6524047851562
2022-07-12,INDUSINDBK.NS,IndusInd Bank,Private,820.703857421875
2022-07-13,INDUSINDBK.NS,IndusInd Bank,Private,793.5747680664062
2022-07-14,INDUSINDBK.NS,IndusInd Bank,Private,795.3672485351562
2022-07-15,INDUSINDBK.NS,IndusInd Bank,Private,789.69921875
2022-07-18,INDUSINDBK.NS,IndusInd Bank,Private,824.5794067382812
2022-07-19,INDUSINDBK.NS,IndusInd Bank,Private,841.09912109375
2022-07-20,INDUSINDBK.NS,IndusInd Bank,Private,851.9508056640625
2022-07-21,INDUSINDBK.NS,IndusInd Bank,Private,918.6109008789062
2022-07-22,INDUSINDBK.NS,IndusInd Bank,Private,913.1366577148438
2022-07-25,INDUSINDBK.NS,IndusInd Bank,Private,932.126953125
2022-07-26,INDUSINDBK.NS,IndusInd Bank,Private,931.6909790039062
2022-07-27,INDUSINDBK.NS,IndusInd Bank,Private,949.3248901367188
2022-07-28,INDUSINDBK.NS,IndusInd Bank,Private,986.046142578125
2022-07-29,INDUSINDBK.NS,IndusInd Bank,Private,1011.0436401367188
2022-08-01,INDUSINDBK.NS,IndusInd Bank,Private,1007.7977905273438
2022-08-02,INDUSINDBK.NS,IndusInd Bank,Private,1034.054931640625
2022-08-03,INDUSINDBK.NS,IndusInd Bank,Private,1025.3834228515625
2022-08-04,INDUSINDBK.NS,IndusInd Bank,Private,1017.5352172851562
2022-08-05,INDUSINDBK.NS,IndusInd Bank,Private,1004.0675659179688
2022-08-08,INDUSINDBK.NS,IndusInd Bank,Private,1017.5352172851562
2022-08-10,INDUSINDBK.NS,IndusInd Bank,Private,1030.0340576171875
2022-08-11,INDUSINDBK.NS,IndusInd Bank,Private,1054.06103515625
2022-08-12,INDUSINDBK.NS,IndusInd Bank,Private,1055.2818603515625
2022-08-16,INDUSINDBK.NS,IndusInd Bank,Private,1059.1885986328125
2022-08-17,INDUSINDBK.NS,IndusInd Bank,Private,1063.241943359375
2022-08-18,INDUSINDBK.NS,IndusInd Bank,Private,1079.357666015625
2022-08-19,INDUSINDBK.NS,IndusInd Bank,Private,1038.5313720703125
2022-08-22,INDUSINDBK.NS,IndusInd Bank,Private,1032.5733642578125
2022-08-23,INDUSINDBK.NS,IndusInd Bank,Private,1046.100830078125
2022-08-24,INDUSINDBK.NS,IndusInd Bank,Private,1076.232177734375
2022-08-25,INDUSINDBK.NS,IndusInd Bank,Private,1064.560546875
2022-08-26,INDUSINDBK.NS,IndusInd Bank,Private,1044.8310546875
2022-08-29,INDUSINDBK.NS,IndusInd Bank,Private,1034.52685546875
2022-08-30,INDUSINDBK.NS,IndusInd Bank,Private,1081.65283203125
2022-09-01,INDUSINDBK.NS,IndusInd Bank,Private,1085.5108642578125
2022-09-02,INDUSINDBK.NS,IndusInd Bank,Private,1075.10888671875
2022-09-05,INDUSINDBK.NS,IndusInd Bank,Private,1082.1900634765625
2022-09-06,INDUSINDBK.NS,IndusInd Bank,Private,1082.9715576171875
2022-09-07,INDUSINDBK.NS,IndusInd Bank,Private,1064.560546875
2022-09-08,INDUSINDBK.NS,IndusInd Bank,Private,1082.483154296875
2022-09-09,INDUSINDBK.NS,IndusInd Bank,Private,1110.6610107421875
2022-09-12,INDUSINDBK.NS,IndusInd Bank,Private,1110.3680419921875
2022-09-13,INDUSINDBK.NS,IndusInd Bank,Private,1136.6903076171875
2022-09-14,INDUSINDBK.NS,IndusInd Bank,Private,1187.43017578125
2022-09-15,INDUSINDBK.NS,IndusInd Bank,Private,1167.99365234375
2022-09-16,INDUSINDBK.NS,IndusInd Bank,Private,1198.7598876953125
2022-09-19,INDUSINDBK.NS,IndusInd Bank,Private,1197.1971435546875
2022-09-20,INDUSINDBK.NS,IndusInd Bank,Private,1234.65380859375
2022-09-21,INDUSINDBK.NS,IndusInd Bank,Private,1195.7320556640625
2022-09-22,INDUSINDBK.NS,IndusInd Bank,Private,1188.2115478515625
2022-09-23,INDUSINDBK.NS,IndusInd Bank,Private,1155.7847900390625
2022-09-26,INDUSINDBK.NS,IndusInd Bank,Private,1122.821044921875
2022-09-27,INDUSINDBK.NS,IndusInd Bank,Private,1137.9599609375
2022-09-28,INDUSINDBK.NS,IndusInd Bank,Private,1114.32373046875
2022-09-29,INDUSINDBK.NS,IndusInd Bank,Private,1115.642333984375
2022-09-30,INDUSINDBK.NS,IndusInd Bank,Private,1157.591796875
2022-10-03,INDUSINDBK.NS,IndusInd Bank,Private,1129.3160400390625
2022-10-04,INDUSINDBK.NS,IndusInd Bank,Private,1190.8486328125
2022-10-06,INDUSINDBK.NS,IndusInd Bank,Private,1172.9261474609375
2022-10-07,INDUSINDBK.NS,IndusInd Bank,Private,1185.1348876953125
2022-10-10,INDUSINDBK.NS,IndusInd Bank,Private,1182.1070556640625
2022-10-11,INDUSINDBK.NS,IndusInd Bank,Private,1137.4715576171875
2022-10-12,INDUSINDBK.NS,IndusInd Bank,Private,1161.3521728515625
2022-10-13,INDUSINDBK.NS,IndusInd Bank,Private,1156.663818359375
2022-10-14,INDUSINDBK.NS,IndusInd Bank,Private,1154.07568359375
2022-10-17,INDUSINDBK.NS,IndusInd Bank,Private,1171.7052001953125
2022-10-18,INDUSINDBK.NS,IndusInd Bank,Private,1194.7554931640625
2022-10-19,INDUSINDBK.NS,IndusInd Bank,Private,1190.0184326171875
2022-10-20,INDUSINDBK.NS,IndusInd Bank,Private,1132.929931640625
2022-10-21,INDUSINDBK.NS,IndusInd Bank,Private,1115.642333984375
2022-10-24,INDUSINDBK.NS,IndusInd Bank,Private,1119.1583251953125
2022-10-25,INDUSINDBK.NS,IndusInd Bank,Private,1110.9539794921875
2022-10-27,INDUSINDBK.NS,IndusInd Bank,Private,1115.886474609375
2022-10-28,INDUSINDBK.NS,IndusInd Bank,Private,1120.2816162109375
2022-10-31,INDUSINDBK.NS,IndusInd Bank,Private,1116.0328369140625
2022-11-01,INDUSINDBK.NS,IndusInd Bank,Private,1124.3349609375
2022-11-02,INDUSINDBK.NS,IndusInd Bank,Private,1111.6865234375
2022-11-03,INDUSINDBK.NS,IndusInd Bank,Private,1121.25830078125
2022-11-04,INDUSINDBK.NS,IndusInd Bank,Private,1125.8487548828125
2022-11-07,INDUSINDBK.NS,IndusInd Bank,Private,1117.4979248046875
2022-11-09,INDUSINDBK.NS,IndusInd Bank,Private,1122.2349853515625
2022-11-10,INDUSINDBK.NS,IndusInd Bank,Private,1101.08935546875
2022-11-11,INDUSINDBK.NS,IndusInd Bank,Private,1113.4447021484375
2022-11-14,INDUSINDBK.NS,IndusInd Bank,Private,1126.093017578125
2022-11-15,INDUSINDBK.NS,IndusInd Bank,Private,1125.9952392578125
2022-11-16,INDUSINDBK.NS,IndusInd Bank,Private,1117.44921875
2022-11-17,INDUSINDBK.NS,IndusInd Bank,Private,1119.793212890625
2022-11-18,INDUSINDBK.NS,IndusInd Bank,Private,1102.359130859375
2022-11-21,INDUSINDBK.NS,IndusInd Bank,Private,1112.468017578125
2022-11-22,INDUSINDBK.NS,IndusInd Bank,Private,1142.1597900390625
2022-11-23,INDUSINDBK.NS,IndusInd Bank,Private,1146.9945068359375
2022-11-24,INDUSINDBK.NS,IndusInd Bank,Private,1148.16650390625
2022-11-25,INDUSINDBK.NS,IndusInd Bank,Private,1159.4473876953125
2022-11-28,INDUSINDBK.NS,IndusInd Bank,Private,1169.947021484375
2022-11-29,INDUSINDBK.NS,IndusInd Bank,Private,1153.098876953125
2022-11-30,INDUSINDBK.NS,IndusInd Bank,Private,1140.5970458984375
2022-12-01,INDUSINDBK.NS,IndusInd Bank,Private,1146.5550537109375
2022-12-02,INDUSINDBK.NS,IndusInd Bank,Private,1151.2431640625
2022-12-05,INDUSINDBK.NS,IndusInd Bank,Private,1167.65185546875
2022-12-06,INDUSINDBK.NS,IndusInd Bank,Private,1156.5174560546875
2022-12-07,INDUSINDBK.NS,IndusInd Bank,Private,1137.5205078125
2022-12-08,INDUSINDBK.NS,IndusInd Bank,Private,1163.1102294921875
2022-12-09,INDUSINDBK.NS,IndusInd Bank,Private,1174.48876953125
2022-12-12,INDUSINDBK.NS,IndusInd Bank,Private,1178.6397705078125
2022-12-13,INDUSINDBK.NS,IndusInd Bank,Private,1206.1829833984375
2022-12-14,INDUSINDBK.NS,IndusInd Bank,Private,1223.9588623046875
2022-12-15,INDUSINDBK.NS,IndusInd Bank,Private,1210.724609375
2022-12-16,INDUSINDBK.NS,IndusInd Bank,Private,1200.90869140625
2022-12-19,INDUSINDBK.NS,IndusInd Bank,Private,1195.0484619140625
2022-12-20,INDUSINDBK.NS,IndusInd Bank,Private,1200.0296630859375
2022-12-21,INDUSINDBK.NS,IndusInd Bank,Private,1173.80517578125
2022-12-22,INDUSINDBK.NS,IndusInd Bank,Private,1152.6593017578125
2022-12-23,INDUSINDBK.NS,IndusInd Bank,Private,1121.11181640625
2022-12-26,INDUSINDBK.NS,IndusInd Bank,Private,1167.8470458984375
2022-12-27,INDUSINDBK.NS,IndusInd Bank,Private,1174.3421630859375
2022-12-28,INDUSINDBK.NS,IndusInd Bank,Private,1185.867431640625
2022-12-29,INDUSINDBK.NS,IndusInd Bank,Private,1202.471435546875
2022-12-30,INDUSINDBK.NS,IndusInd Bank,Private,1191.6788330078125
2023-01-02,INDUSINDBK.NS,IndusInd Bank,Private,1197.783203125
2023-01-03,INDUSINDBK.NS,IndusInd Bank,Private,1212.0430908203125
2023-01-04,INDUSINDBK.NS,IndusInd Bank,Private,1194.60888671875
2023-01-05,INDUSINDBK.NS,IndusInd Bank,Private,1187.52783203125
2023-01-06,INDUSINDBK.NS,IndusInd Bank,Private,1154.36865234375
2023-01-09,INDUSINDBK.NS,IndusInd Bank,Private,1190.2625732421875
2023-01-10,INDUSINDBK.NS,IndusInd Bank,Private,1198.955322265625
2023-01-11,INDUSINDBK.NS,IndusInd Bank,Private,1184.9884033203125
2023-01-12,INDUSINDBK.NS,IndusInd Bank,Private,1180.9837646484375
2023-01-13,INDUSINDBK.NS,IndusInd Bank,Private,1205.645751953125
2023-01-16,INDUSINDBK.NS,IndusInd Bank,Private,1210.3828125
2023-01-17,INDUSINDBK.NS,IndusInd Bank,Private,1201.68994140625
2023-01-18,INDUSINDBK.NS,IndusInd Bank,Private,1194.51123046875
2023-01-19,INDUSINDBK.NS,IndusInd Bank,Private,1172.584228515625
2023-01-20,INDUSINDBK.NS,IndusInd Bank,Private,1174.43994140625
2023-01-23,INDUSINDBK.NS,IndusInd Bank,Private,1176.637451171875
2023-01-24,INDUSINDBK.NS,IndusInd Bank,Private,1184.0606689453125
2023-01-25,INDUSINDBK.NS,IndusInd Bank,Private,1129.2183837890625
2023-01-27,INDUSINDBK.NS,IndusInd Bank,Private,1090.3944091796875
2023-01-30,INDUSINDBK.NS,IndusInd Bank,Private,1063.6815185546875
2023-01-31,INDUSINDBK.NS,IndusInd Bank,Private,1057.7235107421875
2023-02-01,INDUSINDBK.NS,IndusInd Bank,Private,1017.5809326171875
2023-02-02,INDUSINDBK.NS,IndusInd Bank,Private,1050.837890625
2023-02-03,INDUSINDBK.NS,IndusInd Bank,Private,1077.8438720703125
2023-02-06,INDUSINDBK.NS,IndusInd Bank,Private,1102.8475341796875
2023-02-07,INDUSINDBK.NS,IndusInd Bank,Private,1116.277099609375
2023-02-08,INDUSINDBK.NS,IndusInd Bank,Private,1118.6700439453125
2023-02-09,INDUSINDBK.NS,IndusInd Bank,Private,1136.6903076171875
2023-02-10,INDUSINDBK.NS,IndusInd Bank,Private,1134.15087890625
2023-02-13,INDUSINDBK.NS,IndusInd Bank,Private,1130.390625
2023-02-14,INDUSINDBK.NS,IndusInd Bank,Private,1129.902099609375
2023-02-15,INDUSINDBK.NS,IndusInd Bank,Private,1122.821044921875
2023-02-16,INDUSINDBK.NS,IndusInd Bank,Private,1121.60009765625
2023-02-17,INDUSINDBK.NS,IndusInd Bank,Private,1088.73388671875
2023-02-20,INDUSINDBK.NS,IndusInd Bank,Private,1083.4598388671875
2023-02-21,INDUSINDBK.NS,IndusInd Bank,Private,1076.0855712890625
2023-02-22,INDUSINDBK.NS,IndusInd Bank,Private,1067.2952880859375
2023-02-23,INDUSINDBK.NS,IndusInd Bank,Private,1050.544677734375
2023-02-24,INDUSINDBK.NS,IndusInd Bank,Private,1054.0120849609375
2023-02-27,INDUSINDBK.NS,IndusInd Bank,Private,1056.746826171875
2023-02-28,INDUSINDBK.NS,IndusInd Bank,Private,1052.595947265625
2023-03-01,INDUSINDBK.NS,IndusInd Bank,Private,1074.81591796875
2023-03-02,INDUSINDBK.NS,IndusInd Bank,Private,1076.3787841796875
2023-03-03,INDUSINDBK.NS,IndusInd Bank,Private,1100.1614990234375
2023-03-06,INDUSINDBK.NS,IndusInd Bank,Private,1094.4964599609375
2023-03-08,INDUSINDBK.NS,IndusInd Bank,Private,1146.8968505859375
2023-03-09,INDUSINDBK.NS,IndusInd Bank,Private,1142.5506591796875
2023-03-10,INDUSINDBK.NS,IndusInd Bank,Private,1118.1329345703125
2023-03-13,INDUSINDBK.NS,IndusInd Bank,Private,1035.4058837890625
2023-03-14,INDUSINDBK.NS,IndusInd Bank,Private,1039.215087890625
2023-03-15,INDUSINDBK.NS,IndusInd Bank,Private,1020.022705078125
2023-03-16,INDUSINDBK.NS,IndusInd Bank,Private,994.0911865234375
2023-03-17,INDUSINDBK.NS,IndusInd Bank,Private,996.7283325195312
2023-03-20,INDUSINDBK.NS,IndusInd Bank,Private,978.9522705078125
2023-03-21,INDUSINDBK.NS,IndusInd Bank,Private,999.0235595703125
2023-03-22,INDUSINDBK.NS,IndusInd Bank,Private,1007.1301879882812
2023-03-23,INDUSINDBK.NS,IndusInd Bank,Private,994.5307006835938
2023-03-24,INDUSINDBK.NS,IndusInd Bank,Private,986.0333862304688
2023-03-27,INDUSINDBK.NS,IndusInd Bank,Private,989.2564697265625
2023-03-28,INDUSINDBK.NS,IndusInd Bank,Private,1012.0137939453125
2023-03-29,INDUSINDBK.NS,IndusInd Bank,Private,1032.475830078125
2023-03-31,INDUSINDBK.NS,IndusInd Bank,Private,1043.072998046875
2023-04-03,INDUSINDBK.NS,IndusInd Bank,Private,1053.62158203125
2023-04-05,INDUSINDBK.NS,IndusInd Bank,Private,1042.3404541015625
2023-04-06,INDUSINDBK.NS,IndusInd Bank,Private,1056.7957763671875
2023-04-10,INDUSINDBK.NS,IndusInd Bank,Private,1044.3916015625
2023-04-11,INDUSINDBK.NS,IndusInd Bank,Private,1049.1773681640625
2023-04-12,INDUSINDBK.NS,IndusInd Bank,Private,1049.7147216796875
2023-04-13,INDUSINDBK.NS,IndusInd Bank,Private,1083.4598388671875
2023-04-17,INDUSINDBK.NS,IndusInd Bank,Private,1098.1593017578125
2023-04-18,INDUSINDBK.NS,IndusInd Bank,Private,1120.1839599609375
2023-04-19,INDUSINDBK.NS,IndusInd Bank,Private,1094.30126953125
2023-04-20,INDUSINDBK.NS,IndusInd Bank,Private,1099.966064453125
2023-04-21,INDUSINDBK.NS,IndusInd Bank,Private,1090.345703125
2023-04-24,INDUSINDBK.NS,IndusInd Bank,Private,1076.329833984375
2023-04-25,INDUSINDBK.NS,IndusInd Bank,Private,1095.6197509765625
2023-04-26,INDUSINDBK.NS,IndusInd Bank,Private,1111.2958984375
2023-04-27,INDUSINDBK.NS,IndusInd Bank,Private,1118.083984375
2023-04-28,INDUSINDBK.NS,IndusInd Bank,Private,1125.9466552734375
2023-05-02,INDUSINDBK.NS,IndusInd Bank,Private,1124.0908203125
2023-05-03,INDUSINDBK.NS,IndusInd Bank,Private,1119.4515380859375
2023-05-04,INDUSINDBK.NS,IndusInd Bank,Private,1108.1705322265625
2023-05-05,INDUSINDBK.NS,IndusInd Bank,Private,1048.2984619140625
2023-05-08,INDUSINDBK.NS,IndusInd Bank,Private,1100.112548828125
2023-05-09,INDUSINDBK.NS,IndusInd Bank,Private,1114.0306396484375
2023-05-10,INDUSINDBK.NS,IndusInd Bank,Private,1145.236572265625
2023-05-11,INDUSINDBK.NS,IndusInd Bank,Private,1159.789306640625
2023-05-12,INDUSINDBK.NS,IndusInd Bank,Private,1180.49560546875
2023-05-15,INDUSINDBK.NS,IndusInd Bank,Private,1191.1417236328125
2023-05-16,INDUSINDBK.NS,IndusInd Bank,Private,1191.874267578125
2023-05-17,INDUSINDBK.NS,IndusInd Bank,Private,1207.35498046875
2023-05-18,INDUSINDBK.NS,IndusInd Bank,Private,1210.0408935546875
2023-05-19,INDUSINDBK.NS,IndusInd Bank,Private,1218.9288330078125
2023-05-22,INDUSINDBK.NS,IndusInd Bank,Private,1217.1220703125
2023-05-23,INDUSINDBK.NS,IndusInd Bank,Private,1230.8447265625
2023-05-24,INDUSINDBK.NS,IndusInd Bank,Private,1242.125732421875
2023-05-25,INDUSINDBK.NS,IndusInd Bank,Private,1233.9703369140625
2023-05-26,INDUSINDBK.NS,IndusInd Bank,Private,1238.5118408203125
2023-05-29,INDUSINDBK.NS,IndusInd Bank,Private,1255.01806640625
2023-05-30,INDUSINDBK.NS,IndusInd Bank,Private,1263.124755859375
2023-05-31,INDUSINDBK.NS,IndusInd Bank,Private,1256.6297607421875
2023-06-01,INDUSINDBK.NS,IndusInd Bank,Private,1260.0970458984375
2023-06-02,INDUSINDBK.NS,IndusInd Bank,Private,1271.995361328125
2023-06-05,INDUSINDBK.NS,IndusInd Bank,Private,1285.4244384765625
2023-06-06,INDUSINDBK.NS,IndusInd Bank,Private,1289.571533203125
2023-06-07,INDUSINDBK.NS,IndusInd Bank,Private,1294.7060546875
2023-06-08,INDUSINDBK.NS,IndusInd Bank,Private,1287.4486083984375
2023-06-09,INDUSINDBK.NS,IndusInd Bank,Private,1314.306396484375
2023-06-12,INDUSINDBK.NS,IndusInd Bank,Private,1315.6888427734375
2023-06-13,INDUSINDBK.NS,IndusInd Bank,Private,1319.4410400390625
2023-06-14,INDUSINDBK.NS,IndusInd Bank,Private,1306.6046142578125
2023-06-15,INDUSINDBK.NS,IndusInd Bank,Private,1280.783447265625
2023-06-16,INDUSINDBK.NS,IndusInd Bank,Private,1297.4708251953125
2023-06-19,INDUSINDBK.NS,IndusInd Bank,Private,1285.0294189453125
2023-06-20,INDUSINDBK.NS,IndusInd Bank,Private,1282.067138671875
2023-06-21,INDUSINDBK.NS,IndusInd Bank,Private,1270.41552734375
2023-06-22,INDUSINDBK.NS,IndusInd Bank,Private,1256.6903076171875
2023-06-23,INDUSINDBK.NS,IndusInd Bank,Private,1292.237548828125
2023-06-26,INDUSINDBK.NS,IndusInd Bank,Private,1298.5076904296875
2023-06-27,INDUSINDBK.NS,IndusInd Bank,Private,1299.3963623046875
2023-06-28,INDUSINDBK.NS,IndusInd Bank,Private,1317.268798828125
2023-06-30,INDUSINDBK.NS,IndusInd Bank,Private,1357.3580322265625
2023-07-03,INDUSINDBK.NS,IndusInd Bank,Private,1362.9862060546875
2023-07-04,INDUSINDBK.NS,IndusInd Bank,Private,1350.1497802734375
2023-07-05,INDUSINDBK.NS,IndusInd Bank,Private,1381.94482421875
2023-07-06,INDUSINDBK.NS,IndusInd Bank,Private,1372.71240234375
2023-07-07,INDUSINDBK.NS,IndusInd Bank,Private,1340.0286865234375
2023-07-10,INDUSINDBK.NS,IndusInd Bank,Private,1349.80419921875
2023-07-11,INDUSINDBK.NS,IndusInd Bank,Private,1363.57861328125
2023-07-12,INDUSINDBK.NS,IndusInd Bank,Private,1354.1981201171875
2023-07-13,INDUSINDBK.NS,IndusInd Bank,Private,1358.9873046875
2023-07-14,INDUSINDBK.NS,IndusInd Bank,Private,1359.678466796875
2023-07-17,INDUSINDBK.NS,IndusInd Bank,Private,1373.0086669921875
2023-07-18,INDUSINDBK.NS,IndusInd Bank,Private,1372.76171875
2023-07-19,INDUSINDBK.NS,IndusInd Bank,Private,1401.6932373046875
2023-07-20,INDUSINDBK.NS,IndusInd Bank,Private,1407.2227783203125
2023-07-21,INDUSINDBK.NS,IndusInd Bank,Private,1389.6466064453125
2023-07-24,INDUSINDBK.NS,IndusInd Bank,Private,1417.6400146484375
2023-07-25,INDUSINDBK.NS,IndusInd Bank,Private,1397.6446533203125
2023-07-26,INDUSINDBK.NS,IndusInd Bank,Private,1409.7406005859375
2023-07-27,INDUSINDBK.NS,IndusInd Bank,Private,1397.7928466796875
2023-07-28,INDUSINDBK.NS,IndusInd Bank,Private,1384.314453125
2023-07-31,INDUSINDBK.NS,IndusInd Bank,Private,1399.915771484375
2023-08-01,INDUSINDBK.NS,IndusInd Bank,Private,1377.0570068359375
2023-08-02,INDUSINDBK.NS,IndusInd Bank,Private,1363.8748779296875
2023-08-03,INDUSINDBK.NS,IndusInd Bank,Private,1347.3355712890625
2023-08-04,INDUSINDBK.NS,IndusInd Bank,Private,1391.8682861328125
2023-08-07,INDUSINDBK.NS,IndusInd Bank,Private,1397.447265625
2023-08-08,INDUSINDBK.NS,IndusInd Bank,Private,1386.2894287109375
2023-08-09,INDUSINDBK.NS,IndusInd Bank,Private,1390.7327880859375
2023-08-10,INDUSINDBK.NS,IndusInd Bank,Private,1412.2091064453125
2023-08-11,INDUSINDBK.NS,IndusInd Bank,Private,1379.6737060546875
2023-08-14,INDUSINDBK.NS,IndusInd Bank,Private,1371.4287109375
2023-08-16,INDUSINDBK.NS,IndusInd Bank,Private,1363.3319091796875
2023-08-17,INDUSINDBK.NS,IndusInd Bank,Private,1357.012451171875
2023-08-18,INDUSINDBK.NS,IndusInd Bank,Private,1354.445068359375
2023-08-21,INDUSINDBK.NS,IndusInd Bank,Private,1380.216796875
2023-08-22,INDUSINDBK.NS,IndusInd Bank,Private,1383.524658203125
2023-08-23,INDUSINDBK.NS,IndusInd Bank,Private,1383.3765869140625
2023-08-24,INDUSINDBK.NS,IndusInd Bank,Private,1407.2227783203125
2023-08-25,INDUSINDBK.NS,IndusInd Bank,Private,1383.524658203125
2023-08-28,INDUSINDBK.NS,IndusInd Bank,Private,1391.72021484375
2023-08-29,INDUSINDBK.NS,IndusInd Bank,Private,1382.5372314453125
2023-08-30,INDUSINDBK.NS,IndusInd Bank,Private,1374.9339599609375
2023-08-31,INDUSINDBK.NS,IndusInd Bank,Private,1360.8140869140625
2023-09-01,INDUSINDBK.NS,IndusInd Bank,Private,1398.73095703125
2023-09-04,INDUSINDBK.NS,IndusInd Bank,Private,1403.9149169921875
2023-09-05,INDUSINDBK.NS,IndusInd Bank,Private,1405.84033203125
2023-09-06,INDUSINDBK.NS,IndusInd Bank,Private,1390.930419921875
2023-09-07,INDUSINDBK.NS,IndusInd Bank,Private,1421.490966796875
2023-09-08,INDUSINDBK.NS,IndusInd Bank,Private,1430.6246337890625
2023-09-11,INDUSINDBK.NS,IndusInd Bank,Private,1431.95751953125
2023-09-12,INDUSINDBK.NS,IndusInd Bank,Private,1411.1724853515625
2023-09-13,INDUSINDBK.NS,IndusInd Bank,Private,1436.7467041015625
2023-09-14,INDUSINDBK.NS,IndusInd Bank,Private,1439.9063720703125
2023-09-15,INDUSINDBK.NS,IndusInd Bank,Private,1431.7601318359375
2023-09-18,INDUSINDBK.NS,IndusInd Bank,Private,1438.5733642578125
2023-09-20,INDUSINDBK.NS,IndusInd Bank,Private,1422.3302001953125
2023-09-21,INDUSINDBK.NS,IndusInd Bank,Private,1393.5469970703125
2023-09-22,INDUSINDBK.NS,IndusInd Bank,Private,1434.6236572265625
2023-09-25,INDUSINDBK.NS,IndusInd Bank,Private,1424.601318359375
2023-09-26,INDUSINDBK.NS,IndusInd Bank,Private,1405.1492919921875
2023-09-27,INDUSINDBK.NS,IndusInd Bank,Private,1418.3804931640625
2023-09-28,INDUSINDBK.NS,IndusInd Bank,Private,1395.2255859375
2023-09-29,INDUSINDBK.NS,IndusInd Bank,Private,1410.876220703125
2023-10-03,INDUSINDBK.NS,IndusInd Bank,Private,1417.34375
2023-10-04,INDUSINDBK.NS,IndusInd Bank,Private,1383.6728515625
2023-10-05,INDUSINDBK.NS,IndusInd Bank,Private,1384.2158203125
2023-10-06,INDUSINDBK.NS,IndusInd Bank,Private,1416.7513427734375
2023-10-09,INDUSINDBK.NS,IndusInd Bank,Private,1410.580078125
2023-10-10,INDUSINDBK.NS,IndusInd Bank,Private,1402.6806640625
2023-10-11,INDUSINDBK.NS,IndusInd Bank,Private,1403.3223876953125
2023-10-12,INDUSINDBK.NS,IndusInd Bank,Private,1406.3341064453125
2023-10-13,INDUSINDBK.NS,IndusInd Bank,Private,1445.2877197265625
2023-10-16,INDUSINDBK.NS,IndusInd Bank,Private,1428.2054443359375
2023-10-17,INDUSINDBK.NS,IndusInd Bank,Private,1417.936279296875
2023-10-18,INDUSINDBK.NS,IndusInd Bank,Private,1402.483154296875
2023-10-19,INDUSINDBK.NS,IndusInd Bank,Private,1432.105712890625
2023-10-20,INDUSINDBK.NS,IndusInd Bank,Private,1450.619873046875
2023-10-23,INDUSINDBK.NS,IndusInd Bank,Private,1416.94873046875
2023-10-25,INDUSINDBK.NS,IndusInd Bank,Private,1394.9293212890625
2023-10-26,INDUSINDBK.NS,IndusInd Bank,Private,1396.8548583984375
2023-10-27,INDUSINDBK.NS,IndusInd Bank,Private,1423.169677734375
2023-10-30,INDUSINDBK.NS,IndusInd Bank,Private,1436.3516845703125
2023-10-31,INDUSINDBK.NS,IndusInd Bank,Private,1423.169677734375
2023-11-01,INDUSINDBK.NS,IndusInd Bank,Private,1414.5789794921875
2023-11-02,INDUSINDBK.NS,IndusInd Bank,Private,1442.8192138671875
2023-11-03,INDUSINDBK.NS,IndusInd Bank,Private,1432.0069580078125
2023-11-06,INDUSINDBK.NS,IndusInd Bank,Private,1451.75537109375
2023-11-07,INDUSINDBK.NS,IndusInd Bank,Private,1467.702392578125
2023-11-08,INDUSINDBK.NS,IndusInd Bank,Private,1470.22021484375
2023-11-09,INDUSINDBK.NS,IndusInd Bank,Private,1488.388671875
2023-11-10,INDUSINDBK.NS,IndusInd Bank,Private,1479.9462890625
2023-11-13,INDUSINDBK.NS,IndusInd Bank,Private,1490.6103515625
2023-11-15,INDUSINDBK.NS,IndusInd Bank,Private,1475.1573486328125
2023-11-16,INDUSINDBK.NS,IndusInd Bank,Private,1479.7982177734375
2023-11-17,INDUSINDBK.NS,IndusInd Bank,Private,1479.6005859375
2023-11-20,INDUSINDBK.NS,IndusInd Bank,Private,1485.870849609375
2023-11-21,INDUSINDBK.NS,IndusInd Bank,Private,1483.1553955078125
2023-11-22,INDUSINDBK.NS,IndusInd Bank,Private,1451.903564453125
2023-11-23,INDUSINDBK.NS,IndusInd Bank,Private,1467.4061279296875
2023-11-24,INDUSINDBK.NS,IndusInd Bank,Private,1457.630615234375
2023-11-28,INDUSINDBK.NS,IndusInd Bank,Private,1458.963623046875
2023-11-29,INDUSINDBK.NS,IndusInd Bank,Private,1464.88818359375
2023-11-30,INDUSINDBK.NS,IndusInd Bank,Private,1447.6575927734375
2023-12-01,INDUSINDBK.NS,IndusInd Bank,Private,1442.671142578125
2023-12-04,INDUSINDBK.NS,IndusInd Bank,Private,1495.596923828125
2023-12-05,INDUSINDBK.NS,IndusInd Bank,Private,1487.648193359375
2023-12-06,INDUSINDBK.NS,IndusInd Bank,Private,1482.7110595703125
2023-12-07,INDUSINDBK.NS,IndusInd Bank,Private,1485.8214111328125
2023-12-08,INDUSINDBK.NS,IndusInd Bank,Private,1489.9686279296875
2023-12-11,INDUSINDBK.NS,IndusInd Bank,Private,1502.706298828125
2023-12-12,INDUSINDBK.NS,IndusInd Bank,Private,1478.1689453125
2023-12-13,INDUSINDBK.NS,IndusInd Bank,Private,1487.9444580078125
2023-12-14,INDUSINDBK.NS,IndusInd Bank,Private,1532.180908203125
2023-12-15,INDUSINDBK.NS,IndusInd Bank,Private,1551.0406494140625
2023-12-18,INDUSINDBK.NS,IndusInd Bank,Private,1536.7723388671875
2023-12-19,INDUSINDBK.NS,IndusInd Bank,Private,1546.8441162109375
2023-12-20,INDUSINDBK.NS,IndusInd Bank,Private,1536.574951171875
2023-12-21,INDUSINDBK.NS,IndusInd Bank,Private,1550.2506103515625
2023-12-22,INDUSINDBK.NS,IndusInd Bank,Private,1542.69677734375
2023-12-26,INDUSINDBK.NS,IndusInd Bank,Private,1551.0406494140625
2023-12-27,INDUSINDBK.NS,IndusInd Bank,Private,1577.355224609375
2023-12-28,INDUSINDBK.NS,IndusInd Bank,Private,1590.2906494140625
2023-12-29,INDUSINDBK.NS,IndusInd Bank,Private,1578.83642578125
2024-01-01,INDUSINDBK.NS,IndusInd Bank,Private,1578.7376708984375
2024-01-02,INDUSINDBK.NS,IndusInd Bank,Private,1555.7801513671875
2024-01-03,INDUSINDBK.NS,IndusInd Bank,Private,1581.0087890625
2024-01-04,INDUSINDBK.NS,IndusInd Bank,Private,1627.8126220703125
2024-01-05,INDUSINDBK.NS,IndusInd Bank,Private,1622.52978515625
2024-01-08,INDUSINDBK.NS,IndusInd Bank,Private,1606.63232421875
2024-01-09,INDUSINDBK.NS,IndusInd Bank,Private,1604.657470703125
2024-01-10,INDUSINDBK.NS,IndusInd Bank,Private,1619.518310546875
2024-01-11,INDUSINDBK.NS,IndusInd Bank,Private,1636.9954833984375
2024-01-12,INDUSINDBK.NS,IndusInd Bank,Private,1652.9423828125
2024-01-15,INDUSINDBK.NS,IndusInd Bank,Private,1667.6055908203125
2024-01-16,INDUSINDBK.NS,IndusInd Bank,Private,1646.079833984375
2024-01-17,INDUSINDBK.NS,IndusInd Bank,Private,1623.2210693359375
2024-01-18,INDUSINDBK.NS,IndusInd Bank,Private,1592.611083984375
2024-01-19,INDUSINDBK.NS,IndusInd Bank,Private,1541.4625244140625
2024-01-23,INDUSINDBK.NS,IndusInd Bank,Private,1423.5645751953125
2024-01-24,INDUSINDBK.NS,IndusInd Bank,Private,1472.0963134765625
2024-01-25,INDUSINDBK.NS,IndusInd Bank,Private,1492.980224609375
2024-01-29,INDUSINDBK.NS,IndusInd Bank,Private,1507.5941162109375
2024-01-30,INDUSINDBK.NS,IndusInd Bank,Private,1500.7808837890625
2024-01-31,INDUSINDBK.NS,IndusInd Bank,Private,1514.7529296875
2024-02-01,INDUSINDBK.NS,IndusInd Bank,Private,1521.7635498046875
2024-02-02,INDUSINDBK.NS,IndusInd Bank,Private,1514.45654296875
2024-02-05,INDUSINDBK.NS,IndusInd Bank,Private,1518.455810546875
2024-02-06,INDUSINDBK.NS,IndusInd Bank,Private,1492.3878173828125
2024-02-07,INDUSINDBK.NS,IndusInd Bank,Private,1496.2880859375
2024-02-08,INDUSINDBK.NS,IndusInd Bank,Private,1458.716796875
2024-02-09,INDUSINDBK.NS,IndusInd Bank,Private,1467.55419921875
2024-02-12,INDUSINDBK.NS,IndusInd Bank,Private,1428.946044921875
2024-02-13,INDUSINDBK.NS,IndusInd Bank,Private,1445.4853515625
2024-02-14,INDUSINDBK.NS,IndusInd Bank,Private,1462.8638916015625
2024-02-15,INDUSINDBK.NS,IndusInd Bank,Private,1458.37109375
2024-02-16,INDUSINDBK.NS,IndusInd Bank,Private,1474.8612060546875
2024-02-19,INDUSINDBK.NS,IndusInd Bank,Private,1464.9375
2024-02-20,INDUSINDBK.NS,IndusInd Bank,Private,1485.2783203125
2024-02-21,INDUSINDBK.NS,IndusInd Bank,Private,1498.1641845703125
2024-02-22,INDUSINDBK.NS,IndusInd Bank,Private,1470.417724609375
2024-02-23,INDUSINDBK.NS,IndusInd Bank,Private,1461.678955078125
2024-02-26,INDUSINDBK.NS,IndusInd Bank,Private,1448.0526123046875
2024-02-27,INDUSINDBK.NS,IndusInd Bank,Private,1474.2685546875
2024-02-28,INDUSINDBK.NS,IndusInd Bank,Private,1430.9700927734375
2024-02-29,INDUSINDBK.NS,IndusInd Bank,Private,1456.346923828125
2024-03-01,INDUSINDBK.NS,IndusInd Bank,Private,1507.4459228515625
2024-03-04,INDUSINDBK.NS,IndusInd Bank,Private,1512.0374755859375
2024-03-05,INDUSINDBK.NS,IndusInd Bank,Private,1523.047119140625
2024-03-06,INDUSINDBK.NS,IndusInd Bank,Private,1534.9951171875
2024-03-07,INDUSINDBK.NS,IndusInd Bank,Private,1544.0792236328125
2024-03-11,INDUSINDBK.NS,IndusInd Bank,Private,1521.6649169921875
2024-03-12,INDUSINDBK.NS,IndusInd Bank,Private,1513.7655029296875
2024-03-13,INDUSINDBK.NS,IndusInd Bank,Private,1483.747802734375
2024-03-14,INDUSINDBK.NS,IndusInd Bank,Private,1458.173583984375
2024-03-15,INDUSINDBK.NS,IndusInd Bank,Private,1465.6781005859375
2024-03-18,INDUSINDBK.NS,IndusInd Bank,Private,1462.0738525390625
2024-03-19,INDUSINDBK.NS,IndusInd Bank,Private,1416.06005859375
2024-03-20,INDUSINDBK.NS,IndusInd Bank,Private,1423.41650390625
2024-03-21,INDUSINDBK.NS,IndusInd Bank,Private,1465.43115234375
2024-03-22,INDUSINDBK.NS,IndusInd Bank,Private,1493.0789794921875
2024-03-26,INDUSINDBK.NS,IndusInd Bank,Private,1499.595947265625
2024-03-27,INDUSINDBK.NS,IndusInd Bank,Private,1514.2591552734375
2024-03-28,INDUSINDBK.NS,IndusInd Bank,Private,1533.4644775390625
2024-04-01,INDUSINDBK.NS,IndusInd Bank,Private,1522.9979248046875
2024-04-02,INDUSINDBK.NS,IndusInd Bank,Private,1539.7840576171875
2024-04-03,INDUSINDBK.NS,IndusInd Bank,Private,1523.24462890625
2024-04-04,INDUSINDBK.NS,IndusInd Bank,Private,1525.0220947265625
2024-04-05,INDUSINDBK.NS,IndusInd Bank,Private,1532.8720703125
2024-04-08,INDUSINDBK.NS,IndusInd Bank,Private,1548.621337890625
2024-04-09,INDUSINDBK.NS,IndusInd Bank,Private,1535.389892578125
2024-04-10,INDUSINDBK.NS,IndusInd Bank,Private,1533.3162841796875
2024-04-12,INDUSINDBK.NS,IndusInd Bank,Private,1536.0811767578125
2024-04-15,INDUSINDBK.NS,IndusInd Bank,Private,1520.529296875
2024-04-16,INDUSINDBK.NS,IndusInd Bank,Private,1472.1949462890625
2024-04-18,INDUSINDBK.NS,IndusInd Bank,Private,1455.853271484375
2024-04-19,INDUSINDBK.NS,IndusInd Bank,Private,1463.406982421875
2024-04-22,INDUSINDBK.NS,IndusInd Bank,Private,1458.9141845703125
2024-04-23,INDUSINDBK.NS,IndusInd Bank,Private,1455.951904296875
2024-04-24,INDUSINDBK.NS,IndusInd Bank,Private,1456.10009765625
2024-04-25,INDUSINDBK.NS,IndusInd Bank,Private,1477.2802734375
2024-04-26,INDUSINDBK.NS,IndusInd Bank,Private,1428.2054443359375
2024-04-29,INDUSINDBK.NS,IndusInd Bank,Private,1468.54150390625
2024-04-30,INDUSINDBK.NS,IndusInd Bank,Private,1496.633544921875
2024-05-02,INDUSINDBK.NS,IndusInd Bank,Private,1486.2657470703125
2024-05-03,INDUSINDBK.NS,IndusInd Bank,Private,1465.0361328125
2024-05-06,INDUSINDBK.NS,IndusInd Bank,Private,1478.6627197265625
2024-05-07,INDUSINDBK.NS,IndusInd Bank,Private,1434.278076171875
2024-05-08,INDUSINDBK.NS,IndusInd Bank,Private,1424.3544921875
2024-05-09,INDUSINDBK.NS,IndusInd Bank,Private,1383.82080078125
2024-05-10,INDUSINDBK.NS,IndusInd Bank,Private,1392.4114990234375
2024-05-13,INDUSINDBK.NS,IndusInd Bank,Private,1386.8819580078125
2024-05-14,INDUSINDBK.NS,IndusInd Bank,Private,1403.125
2024-05-15,INDUSINDBK.NS,IndusInd Bank,Private,1399.2740478515625
2024-05-16,INDUSINDBK.NS,IndusInd Bank,Private,1391.029052734375
2024-05-17,INDUSINDBK.NS,IndusInd Bank,Private,1394.583740234375
2024-05-21,INDUSINDBK.NS,IndusInd Bank,Private,1388.807373046875
2024-05-22,INDUSINDBK.NS,IndusInd Bank,Private,1387.27685546875
2024-05-23,INDUSINDBK.NS,IndusInd Bank,Private,1422.7252197265625
2024-05-24,INDUSINDBK.NS,IndusInd Bank,Private,1423.663330078125
2024-05-27,INDUSINDBK.NS,IndusInd Bank,Private,1446.670166015625
2024-05-28,INDUSINDBK.NS,IndusInd Bank,Private,1440.9925537109375
2024-05-29,INDUSINDBK.NS,IndusInd Bank,Private,1441.8812255859375
2024-05-30,INDUSINDBK.NS,IndusInd Bank,Private,1428.6004638671875
2024-05-31,INDUSINDBK.NS,IndusInd Bank,Private,1443.4610595703125
2024-06-03,INDUSINDBK.NS,IndusInd Bank,Private,1510.45751953125
2024-06-04,INDUSINDBK.NS,IndusInd Bank,Private,1373.99609375
2024-06-05,INDUSINDBK.NS,IndusInd Bank,Private,1482.0692138671875
2024-06-06,INDUSINDBK.NS,IndusInd Bank,Private,1462.468994140625
2024-06-07,INDUSINDBK.NS,IndusInd Bank,Private,1473.33056640625
2024-06-10,INDUSINDBK.NS,IndusInd Bank,Private,1467.1591796875
2024-06-11,INDUSINDBK.NS,IndusInd Bank,Private,1462.4195556640625
2024-06-12,INDUSINDBK.NS,IndusInd Bank,Private,1465.579345703125
2024-06-13,INDUSINDBK.NS,IndusInd Bank,Private,1488.2899169921875
2024-06-14,INDUSINDBK.NS,IndusInd Bank,Private,1483.4515380859375
2024-06-18,INDUSINDBK.NS,IndusInd Bank,Private,1488.931884765625
2024-06-19,INDUSINDBK.NS,IndusInd Bank,Private,1508.9764404296875
2024-06-20,INDUSINDBK.NS,IndusInd Bank,Private,1508.6307373046875
2024-06-21,INDUSINDBK.NS,IndusInd Bank,Private,1507.939697265625
2024-06-24,INDUSINDBK.NS,IndusInd Bank,Private,1471.6519775390625
2024-06-25,INDUSINDBK.NS,IndusInd Bank,Private,1476.7371826171875
2024-06-26,INDUSINDBK.NS,IndusInd Bank,Private,1479.0576171875
2024-06-27,INDUSINDBK.NS,IndusInd Bank,Private,1483.8465576171875
2024-06-28,INDUSINDBK.NS,IndusInd Bank,Private,1462.1318359375
2024-07-01,INDUSINDBK.NS,IndusInd Bank,Private,1454.5440673828125
2024-07-02,INDUSINDBK.NS,IndusInd Bank,Private,1427.138427734375
2024-07-03,INDUSINDBK.NS,IndusInd Bank,Private,1453.1463623046875
2024-07-04,INDUSINDBK.NS,IndusInd Bank,Private,1440.5167236328125
2024-07-05,INDUSINDBK.NS,IndusInd Bank,Private,1431.9306640625
2024-07-08,INDUSINDBK.NS,IndusInd Bank,Private,1435.724609375
2024-07-09,INDUSINDBK.NS,IndusInd Bank,Private,1431.9306640625
2024-07-10,INDUSINDBK.NS,IndusInd Bank,Private,1423.64404296875
2024-07-11,INDUSINDBK.NS,IndusInd Bank,Private,1427.43798828125
2024-07-12,INDUSINDBK.NS,IndusInd Bank,Private,1432.230224609375
2024-07-15,INDUSINDBK.NS,IndusInd Bank,Private,1441.7149658203125
2024-07-16,INDUSINDBK.NS,IndusInd Bank,Private,1443.5618896484375
2024-07-18,INDUSINDBK.NS,IndusInd Bank,Private,1454.5440673828125
2024-07-19,INDUSINDBK.NS,IndusInd Bank,Private,1430.133544921875
2024-07-22,INDUSINDBK.NS,IndusInd Bank,Private,1421.0982666015625
2024-07-23,INDUSINDBK.NS,IndusInd Bank,Private,1410.9146728515625
2024-07-24,INDUSINDBK.NS,IndusInd Bank,Private,1394.3914794921875
2024-07-25,INDUSINDBK.NS,IndusInd Bank,Private,1376.869873046875
2024-07-26,INDUSINDBK.NS,IndusInd Bank,Private,1401.6297607421875
2024-07-29,INDUSINDBK.NS,IndusInd Bank,Private,1409.217529296875
2024-07-30,INDUSINDBK.NS,IndusInd Bank,Private,1427.3880615234375
2024-07-31,INDUSINDBK.NS,IndusInd Bank,Private,1425.4912109375
2024-08-01,INDUSINDBK.NS,IndusInd Bank,Private,1417.553955078125
2024-08-02,INDUSINDBK.NS,IndusInd Bank,Private,1402.0291748046875
2024-08-05,INDUSINDBK.NS,IndusInd Bank,Private,1387.203125
2024-08-06,INDUSINDBK.NS,IndusInd Bank,Private,1378.766845703125
2024-08-07,INDUSINDBK.NS,IndusInd Bank,Private,1342.974853515625
2024-08-08,INDUSINDBK.NS,IndusInd Bank,Private,1345.121337890625
2024-08-09,INDUSINDBK.NS,IndusInd Bank,Private,1347.6173095703125
2024-08-12,INDUSINDBK.NS,IndusInd Bank,Private,1348.66552734375
2024-08-13,INDUSINDBK.NS,IndusInd Bank,Private,1348.416015625
2024-08-14,INDUSINDBK.NS,IndusInd Bank,Private,1335.9361572265625
2024-08-16,INDUSINDBK.NS,IndusInd Bank,Private,1361.944091796875
2024-08-19,INDUSINDBK.NS,IndusInd Bank,Private,1345.4207763671875
2024-08-20,INDUSINDBK.NS,IndusInd Bank,Private,1379.06640625
2024-08-21,INDUSINDBK.NS,IndusInd Bank,Private,1381.761962890625
2024-08-22,INDUSINDBK.NS,IndusInd Bank,Private,1379.6654052734375
2024-08-23,INDUSINDBK.NS,IndusInd Bank,Private,1386.3046875
2024-08-26,INDUSINDBK.NS,IndusInd Bank,Private,1382.2611083984375
2024-08-27,INDUSINDBK.NS,IndusInd Bank,Private,1380.9632568359375
2024-08-28,INDUSINDBK.NS,IndusInd Bank,Private,1413.4605712890625
2024-08-29,INDUSINDBK.NS,IndusInd Bank,Private,1415.1578369140625
2024-08-30,INDUSINDBK.NS,IndusInd Bank,Private,1422.9453125
2024-09-02,INDUSINDBK.NS,IndusInd Bank,Private,1446.706787109375
2024-09-03,INDUSINDBK.NS,IndusInd Bank,Private,1434.376708984375
2024-09-04,INDUSINDBK.NS,IndusInd Bank,Private,1432.0804443359375
2024-09-05,INDUSINDBK.NS,IndusInd Bank,Private,1420.59912109375
2024-09-06,INDUSINDBK.NS,IndusInd Bank,Private,1407.0709228515625
2024-09-09,INDUSINDBK.NS,IndusInd Bank,Private,1425.7906494140625
2024-09-10,INDUSINDBK.NS,IndusInd Bank,Private,1433.2286376953125
2024-09-11,INDUSINDBK.NS,IndusInd Bank,Private,1418.9017333984375
2024-09-12,INDUSINDBK.NS,IndusInd Bank,Private,1441.0159912109375
2024-09-13,INDUSINDBK.NS,IndusInd Bank,Private,1461.6826171875
2024-09-16,INDUSINDBK.NS,IndusInd Bank,Private,1467.822509765625
2024-09-17,INDUSINDBK.NS,IndusInd Bank,Private,1463.978759765625
2024-09-18,INDUSINDBK.NS,IndusInd Bank,Private,1477.8563232421875
2024-09-19,INDUSINDBK.NS,IndusInd Bank,Private,1482.3489990234375
2024-09-20,INDUSINDBK.NS,IndusInd Bank,Private,1477.806396484375
2024-09-23,INDUSINDBK.NS,IndusInd Bank,Private,1462.7308349609375
2024-09-24,INDUSINDBK.NS,IndusInd Bank,Private,1445.9580078125
2024-09-25,INDUSINDBK.NS,IndusInd Bank,Private,1437.1722412109375
2024-09-26,INDUSINDBK.NS,IndusInd Bank,Private,1450.350830078125
2024-09-27,INDUSINDBK.NS,IndusInd Bank,Private,1460.334716796875
2024-09-30,INDUSINDBK.NS,IndusInd Bank,Private,1445.2591552734375
2024-10-01,INDUSINDBK.NS,IndusInd Bank,Private,1407.42041015625
2024-10-03,INDUSINDBK.NS,IndusInd Bank,Private,1385.505859375
2024-10-04,INDUSINDBK.NS,IndusInd Bank,Private,1380.61376953125
2024-10-07,INDUSINDBK.NS,IndusInd Bank,Private,1348.66552734375
2024-10-08,INDUSINDBK.NS,IndusInd Bank,Private,1357.3515625
2024-10-09,INDUSINDBK.NS,IndusInd Bank,Private,1339.380615234375
2024-10-10,INDUSINDBK.NS,IndusInd Bank,Private,1354.2066650390625
2024-10-11,INDUSINDBK.NS,IndusInd Bank,Private,1345.4207763671875
2024-10-14,INDUSINDBK.NS,IndusInd Bank,Private,1368.23388671875
2024-10-15,INDUSINDBK.NS,IndusInd Bank,Private,1358.6993408203125
2024-10-16,INDUSINDBK.NS,IndusInd Bank,Private,1344.1229248046875
2024-10-17,INDUSINDBK.NS,IndusInd Bank,Private,1345.1712646484375
2024-10-18,INDUSINDBK.NS,IndusInd Bank,Private,1345.0714111328125
2024-10-21,INDUSINDBK.NS,IndusInd Bank,Private,1306.134521484375
2024-10-22,INDUSINDBK.NS,IndusInd Bank,Private,1272.289306640625
2024-10-23,INDUSINDBK.NS,IndusInd Bank,Private,1272.2393798828125
2024-10-24,INDUSINDBK.NS,IndusInd Bank,Private,1277.9801025390625
2024-10-25,INDUSINDBK.NS,IndusInd Bank,Private,1039.9156494140625
2024-10-28,INDUSINDBK.NS,IndusInd Bank,Private,1053.0943603515625
2024-10-29,INDUSINDBK.NS,IndusInd Bank,Private,1036.4713134765625
2024-10-30,INDUSINDBK.NS,IndusInd Bank,Private,1054.6917724609375
2024-10-31,INDUSINDBK.NS,IndusInd Bank,Private,1053.8929443359375
2024-11-01,INDUSINDBK.NS,IndusInd Bank,Private,1060.7818603515625
2024-11-04,INDUSINDBK.NS,IndusInd Bank,Private,1062.079833984375
2024-11-05,INDUSINDBK.NS,IndusInd Bank,Private,1088.337158203125
2024-11-06,INDUSINDBK.NS,IndusInd Bank,Private,1075.9073486328125
2024-11-07,INDUSINDBK.NS,IndusInd Bank,Private,1055.091064453125
2024-11-08,INDUSINDBK.NS,IndusInd Bank,Private,1052.095947265625
2024-11-11,INDUSINDBK.NS,IndusInd Bank,Private,1059.084716796875
2024-11-12,INDUSINDBK.NS,IndusInd Bank,Private,1057.836669921875
2024-11-13,INDUSINDBK.NS,IndusInd Bank,Private,1035.0235595703125
2024-11-14,INDUSINDBK.NS,IndusInd Bank,Private,1015.5051879882812
2024-11-18,INDUSINDBK.NS,IndusInd Bank,Private,1002.9754638671875
2024-11-19,INDUSINDBK.NS,IndusInd Bank,Private,998.5826416015625
2024-11-21,INDUSINDBK.NS,IndusInd Bank,Private,979.8629150390625
2024-11-22,INDUSINDBK.NS,IndusInd Bank,Private,996.5858764648438
2024-11-25,INDUSINDBK.NS,IndusInd Bank,Private,1001.8772583007812
2024-11-26,INDUSINDBK.NS,IndusInd Bank,Private,1007.9674072265625
2024-11-27,INDUSINDBK.NS,IndusInd Bank,Private,1000.3297729492188
2024-11-28,INDUSINDBK.NS,IndusInd Bank,Private,991.9932250976562
2024-11-29,INDUSINDBK.NS,IndusInd Bank,Private,994.2396240234375
2024-12-02,INDUSINDBK.NS,IndusInd Bank,Private,989.3475952148438
2024-12-03,INDUSINDBK.NS,IndusInd Bank,Private,996.735595703125
2024-12-04,INDUSINDBK.NS,IndusInd Bank,Private,997.2347412109375
2024-12-05,INDUSINDBK.NS,IndusInd Bank,Private,996.5858764648438
2024-12-06,INDUSINDBK.NS,IndusInd Bank,Private,988.74853515625
2024-12-09,INDUSINDBK.NS,IndusInd Bank,Private,981.0110473632812
2024-12-10,INDUSINDBK.NS,IndusInd Bank,Private,982.7083129882812
2024-12-11,INDUSINDBK.NS,IndusInd Bank,Private,983.2573852539062
2024-12-12,INDUSINDBK.NS,IndusInd Bank,Private,996.3362426757812
2024-12-13,INDUSINDBK.NS,IndusInd Bank,Private,985.0545654296875
2024-12-16,INDUSINDBK.NS,IndusInd Bank,Private,997.7339477539062
2024-12-17,INDUSINDBK.NS,IndusInd Bank,Private,974.0723266601562
2024-12-18,INDUSINDBK.NS,IndusInd Bank,Private,963.6392211914062
2024-12-19,INDUSINDBK.NS,IndusInd Bank,Private,962.8405151367188
2024-12-20,INDUSINDBK.NS,IndusInd Bank,Private,927.947021484375
2024-12-23,INDUSINDBK.NS,IndusInd Bank,Private,944.1707153320312
2024-12-24,INDUSINDBK.NS,IndusInd Bank,Private,933.7875366210938
2024-12-26,INDUSINDBK.NS,IndusInd Bank,Private,930.4429931640625
2024-12-27,INDUSINDBK.NS,IndusInd Bank,Private,951.8582763671875
2024-12-30,INDUSINDBK.NS,IndusInd Bank,Private,961.9419555664062
2024-12-31,INDUSINDBK.NS,IndusInd Bank,Private,958.597412109375
2025-01-01,INDUSINDBK.NS,IndusInd Bank,Private,967.8324584960938
2025-01-02,INDUSINDBK.NS,IndusInd Bank,Private,989.7468872070312
2025-01-03,INDUSINDBK.NS,IndusInd Bank,Private,996.2863159179688
2025-01-06,INDUSINDBK.NS,IndusInd Bank,Private,968.4813232421875
2025-01-07,INDUSINDBK.NS,IndusInd Bank,Private,982.0093994140625
2025-01-08,INDUSINDBK.NS,IndusInd Bank,Private,979.4635620117188
2025-01-09,INDUSINDBK.NS,IndusInd Bank,Private,979.3138427734375
2025-01-10,INDUSINDBK.NS,IndusInd Bank,Private,936.0838012695312
2025-01-13,INDUSINDBK.NS,IndusInd Bank,Private,940.1771850585938
2025-01-14,INDUSINDBK.NS,IndusInd Bank,Private,960.544189453125
2025-01-15,INDUSINDBK.NS,IndusInd Bank,Private,960.8936767578125
2025-01-16,INDUSINDBK.NS,IndusInd Bank,Private,973.7727661132812
2025-01-17,INDUSINDBK.NS,IndusInd Bank,Private,969.3799438476562
2025-01-20,INDUSINDBK.NS,IndusInd Bank,Private,969.1303100585938
2025-01-21,INDUSINDBK.NS,IndusInd Bank,Private,958.8969116210938
2025-01-22,INDUSINDBK.NS,IndusInd Bank,Private,969.3799438476562
2025-01-23,INDUSINDBK.NS,IndusInd Bank,Private,969.3799438476562
2025-01-24,INDUSINDBK.NS,IndusInd Bank,Private,949.262451171875
2025-01-27,INDUSINDBK.NS,IndusInd Bank,Private,924.951904296875
2025-01-28,INDUSINDBK.NS,IndusInd Bank,Private,932.639404296875
2025-01-29,INDUSINDBK.NS,IndusInd Bank,Private,946.7665405273438
2025-01-30,INDUSINDBK.NS,IndusInd Bank,Private,955.5023803710938
2025-01-31,INDUSINDBK.NS,IndusInd Bank,Private,989.59716796875
2025-02-01,INDUSINDBK.NS,IndusInd Bank,Private,1007.7677612304688
2025-02-03,INDUSINDBK.NS,IndusInd Bank,Private,1011.0623779296875
2025-02-04,INDUSINDBK.NS,IndusInd Bank,Private,1045.4566650390625
2025-02-05,INDUSINDBK.NS,IndusInd Bank,Private,1059.48388671875
2025-02-06,INDUSINDBK.NS,IndusInd Bank,Private,1063.8270263671875
2025-02-07,INDUSINDBK.NS,IndusInd Bank,Private,1077.35498046875
2025-02-10,INDUSINDBK.NS,IndusInd Bank,Private,1066.27294921875
2025-02-11,INDUSINDBK.NS,IndusInd Bank,Private,1052.4454345703125
2025-02-12,INDUSINDBK.NS,IndusInd Bank,Private,1037.9688720703125
2025-02-13,INDUSINDBK.NS,IndusInd Bank,Private,1045.5565185546875
2025-02-14,INDUSINDBK.NS,IndusInd Bank,Private,1022.7434692382812
2025-02-17,INDUSINDBK.NS,IndusInd Bank,Private,1046.554931640625
2025-02-18,INDUSINDBK.NS,IndusInd Bank,Private,1022.4439086914062
2025-02-19,INDUSINDBK.NS,IndusInd Bank,Private,1034.1251220703125
2025-02-20,INDUSINDBK.NS,IndusInd Bank,Private,1045.9559326171875
2025-02-21,INDUSINDBK.NS,IndusInd Bank,Private,1042.0621337890625
2025-02-24,INDUSINDBK.NS,IndusInd Bank,Private,1027.48583984375
2025-02-25,INDUSINDBK.NS,IndusInd Bank,Private,1032.5775146484375
2025-02-27,INDUSINDBK.NS,IndusInd Bank,Private,1045.00732421875
2025-02-28,INDUSINDBK.NS,IndusInd Bank,Private,988.4989013671875
2025-03-03,INDUSINDBK.NS,IndusInd Bank,Private,982.4088134765625
2025-03-04,INDUSINDBK.NS,IndusInd Bank,Private,986.0029296875
2025-03-05,INDUSINDBK.NS,IndusInd Bank,Private,970.2784423828125
2025-03-06,INDUSINDBK.NS,IndusInd Bank,Private,970.1287231445312
2025-03-07,INDUSINDBK.NS,IndusInd Bank,Private,935.2352294921875
2025-03-10,INDUSINDBK.NS,IndusInd Bank,Private,899.0438232421875
2025-03-11,INDUSINDBK.NS,IndusInd Bank,Private,654.8892822265625
2025-03-12,INDUSINDBK.NS,IndusInd Bank,Private,683.5927734375
2025-03-13,INDUSINDBK.NS,IndusInd Bank,Private,671.2627563476562
2025-03-17,INDUSINDBK.NS,IndusInd Bank,Private,676.3046264648438
2025-03-18,INDUSINDBK.NS,IndusInd Bank,Private,676.3046264648438
2025-03-19,INDUSINDBK.NS,IndusInd Bank,Private,691.5798950195312
2025-03-20,INDUSINDBK.NS,IndusInd Bank,Private,682.9937133789062
2025-03-21,INDUSINDBK.NS,IndusInd Bank,Private,685.7892456054688
2025-03-24,INDUSINDBK.NS,IndusInd Bank,Private,668.367431640625
2025-03-25,INDUSINDBK.NS,IndusInd Bank,Private,636.0198364257812
2025-03-26,INDUSINDBK.NS,IndusInd Bank,Private,654.2402954101562
2025-03-27,INDUSINDBK.NS,IndusInd Bank,Private,672.4608154296875
2025-03-28,INDUSINDBK.NS,IndusInd Bank,Private,648.7991333007812
2025-04-01,INDUSINDBK.NS,IndusInd Bank,Private,681.5960083007812
2025-04-02,INDUSINDBK.NS,IndusInd Bank,Private,701.3140869140625
2025-04-03,INDUSINDBK.NS,IndusInd Bank,Private,708.2528686523438
2025-04-04,INDUSINDBK.NS,IndusInd Bank,Private,680.8971557617188
2025-04-07,INDUSINDBK.NS,IndusInd Bank,Private,674.8070678710938
2025-04-08,INDUSINDBK.NS,IndusInd Bank,Private,678.5509643554688
2025-04-09,INDUSINDBK.NS,IndusInd Bank,Private,677.4526977539062
2025-04-11,INDUSINDBK.NS,IndusInd Bank,Private,688.385009765625
2025-04-15,INDUSINDBK.NS,IndusInd Bank,Private,734.7100219726562
2025-04-16,INDUSINDBK.NS,IndusInd Bank,Private,786.975341796875
2025-04-17,INDUSINDBK.NS,IndusInd Bank,Private,793.4149169921875
2025-04-21,INDUSINDBK.NS,IndusInd Bank,Private,826.8607788085938
2025-04-22,INDUSINDBK.NS,IndusInd Bank,Private,786.2265625
2025-04-23,INDUSINDBK.NS,IndusInd Bank,Private,792.9157104492188
2025-04-24,INDUSINDBK.NS,IndusInd Bank,Private,818.4243774414062
2025-04-25,INDUSINDBK.NS,IndusInd Bank,Private,821.0202026367188
2025-04-28,INDUSINDBK.NS,IndusInd Bank,Private,829.2069091796875
2025-04-29,INDUSINDBK.NS,IndusInd Bank,Private,835.5966186523438
2025-04-30,INDUSINDBK.NS,IndusInd Bank,Private,837.0442504882812
2025-05-02,INDUSINDBK.NS,IndusInd Bank,Private,855.0650634765625
2025-05-05,INDUSINDBK.NS,IndusInd Bank,Private,845.3807373046875
2025-05-06,INDUSINDBK.NS,IndusInd Bank,Private,830.4548950195312
2025-05-07,INDUSINDBK.NS,IndusInd Bank,Private,832.45166015625
2025-05-08,INDUSINDBK.NS,IndusInd Bank,Private,825.4630126953125
2025-05-09,INDUSINDBK.NS,IndusInd Bank,Private,816.8768920898438
2025-05-12,INDUSINDBK.NS,IndusInd Bank,Private,787.2249145507812
2025-05-13,INDUSINDBK.NS,IndusInd Bank,Private,768.8546752929688
2025-05-14,INDUSINDBK.NS,IndusInd Bank,Private,780.0864868164062
2025-05-15,INDUSINDBK.NS,IndusInd Bank,Private,779.2378540039062
2025-05-16,INDUSINDBK.NS,IndusInd Bank,Private,778.9383544921875
2025-05-19,INDUSINDBK.NS,IndusInd Bank,Private,782.7821044921875
2025-05-20,INDUSINDBK.NS,IndusInd Bank,Private,780.9850463867188
2025-05-21,INDUSINDBK.NS,IndusInd Bank,Private,768.7049560546875
2025-05-22,INDUSINDBK.NS,IndusInd Bank,Private,783.7305908203125
2025-05-23,INDUSINDBK.NS,IndusInd Bank,Private,792.1170654296875
2025-05-26,INDUSINDBK.NS,IndusInd Bank,Private,798.80615234375
2025-05-27,INDUSINDBK.NS,IndusInd Bank,Private,819.3728637695312
2025-05-28,INDUSINDBK.NS,IndusInd Bank,Private,803.8480224609375
2025-05-29,INDUSINDBK.NS,IndusInd Bank,Private,822.8173217773438
2025-05-30,INDUSINDBK.NS,IndusInd Bank,Private,815.6289672851562
2025-06-02,INDUSINDBK.NS,IndusInd Bank,Private,811.3858032226562
2025-06-03,INDUSINDBK.NS,IndusInd Bank,Private,799.554931640625
2025-06-04,INDUSINDBK.NS,IndusInd Bank,Private,813.0330810546875
2025-06-05,INDUSINDBK.NS,IndusInd Bank,Private,801.9011840820312
2025-06-06,INDUSINDBK.NS,IndusInd Bank,Private,821.5193481445312
2025-06-09,INDUSINDBK.NS,IndusInd Bank,Private,835.297119140625
2025-06-10,INDUSINDBK.NS,IndusInd Bank,Private,843.6834716796875
2025-06-11,INDUSINDBK.NS,IndusInd Bank,Private,834.9476318359375
2025-06-12,INDUSINDBK.NS,IndusInd Bank,Private,828.5580444335938
2025-06-13,INDUSINDBK.NS,IndusInd Bank,Private,815.529052734375
2025-06-16,INDUSINDBK.NS,IndusInd Bank,Private,819.9219970703125
2025-06-17,INDUSINDBK.NS,IndusInd Bank,Private,807.841552734375
2025-06-18,INDUSINDBK.NS,IndusInd Bank,Private,849.1246948242188
2025-06-19,INDUSINDBK.NS,IndusInd Bank,Private,836.1456909179688
2025-06-20,INDUSINDBK.NS,IndusInd Bank,Private,838.8912353515625
2025-06-23,INDUSINDBK.NS,IndusInd Bank,Private,838.5418701171875
2025-06-24,INDUSINDBK.NS,IndusInd Bank,Private,830.6046752929688
2025-06-25,INDUSINDBK.NS,IndusInd Bank,Private,828.4581298828125
2025-06-26,INDUSINDBK.NS,IndusInd Bank,Private,834.7479248046875
2025-06-27,INDUSINDBK.NS,IndusInd Bank,Private,856.3130493164062
2025-06-30,INDUSINDBK.NS,IndusInd Bank,Private,870.689697265625
2025-07-01,INDUSINDBK.NS,IndusInd Bank,Private,877.6784057617188
2025-07-02,INDUSINDBK.NS,IndusInd Bank,Private,856.2631225585938
2025-07-03,INDUSINDBK.NS,IndusInd Bank,Private,861.0054321289062
2025-07-04,INDUSINDBK.NS,IndusInd Bank,Private,854.8653564453125
2025-07-07,INDUSINDBK.NS,IndusInd Bank,Private,853.0682983398438
2025-07-08,INDUSINDBK.NS,IndusInd Bank,Private,848.9249877929688
2025-07-09,INDUSINDBK.NS,IndusInd Bank,Private,839.3904418945312
2025-07-10,INDUSINDBK.NS,IndusInd Bank,Private,851.4708251953125
2025-07-11,INDUSINDBK.NS,IndusInd Bank,Private,857.461181640625
2025-07-14,INDUSINDBK.NS,IndusInd Bank,Private,866.197021484375
2025-07-15,INDUSINDBK.NS,IndusInd Bank,Private,879.5753784179688
2025-07-16,INDUSINDBK.NS,IndusInd Bank,Private,878.327392578125
2025-07-17,INDUSINDBK.NS,IndusInd Bank,Private,863.7010498046875
2025-07-18,INDUSINDBK.NS,IndusInd Bank,Private,868.64306640625
2025-07-21,INDUSINDBK.NS,IndusInd Bank,Private,857.4112548828125
2025-07-22,INDUSINDBK.NS,IndusInd Bank,Private,841.8364868164062
2025-07-23,INDUSINDBK.NS,IndusInd Bank,Private,849.773681640625
2025-07-24,INDUSINDBK.NS,IndusInd Bank,Private,846.5289306640625
2025-07-25,INDUSINDBK.NS,IndusInd Bank,Private,822.3680419921875
2025-07-28,INDUSINDBK.NS,IndusInd Bank,Private,800.7529907226562
2025-07-29,INDUSINDBK.NS,IndusInd Bank,Private,806.89306640625
2025-07-30,INDUSINDBK.NS,IndusInd Bank,Private,800.603271484375
2025-07-31,INDUSINDBK.NS,IndusInd Bank,Private,797.608154296875
2025-08-01,INDUSINDBK.NS,IndusInd Bank,Private,782.4327392578125
2025-08-04,INDUSINDBK.NS,IndusInd Bank,Private,802.749755859375
2025-08-05,INDUSINDBK.NS,IndusInd Bank,Private,817.8253784179688
2025-08-06,INDUSINDBK.NS,IndusInd Bank,Private,802.0509033203125
2025-08-07,INDUSINDBK.NS,IndusInd Bank,Private,806.04443359375
2025-08-08,INDUSINDBK.NS,IndusInd Bank,Private,781.1847534179688
2025-08-11,INDUSINDBK.NS,IndusInd Bank,Private,781.9833984375
2025-08-12,INDUSINDBK.NS,IndusInd Bank,Private,781.7837524414062
2025-08-13,INDUSINDBK.NS,IndusInd Bank,Private,772.1992797851562
2025-08-14,INDUSINDBK.NS,IndusInd Bank,Private,768.5052490234375
2025-08-18,INDUSINDBK.NS,IndusInd Bank,Private,787.3746948242188
2025-08-19,INDUSINDBK.NS,IndusInd Bank,Private,784.2297973632812
2025-08-20,INDUSINDBK.NS,IndusInd Bank,Private,776.9415893554688
2025-08-21,INDUSINDBK.NS,IndusInd Bank,Private,766.208984375
2025-08-22,INDUSINDBK.NS,IndusInd Bank,Private,758.870849609375
2025-08-25,INDUSINDBK.NS,IndusInd Bank,Private,769.6034545898438
2025-08-26,INDUSINDBK.NS,IndusInd Bank,Private,755.1768798828125
2025-08-28,INDUSINDBK.NS,IndusInd Bank,Private,745.3926391601562
2025-08-29,INDUSINDBK.NS,IndusInd Bank,Private,738.30419921875
2025-09-01,INDUSINDBK.NS,IndusInd Bank,Private,751.632568359375
2025-09-02,INDUSINDBK.NS,IndusInd Bank,Private,749.9852905273438
2025-09-03,INDUSINDBK.NS,IndusInd Bank,Private,766.85791015625
2025-09-04,INDUSINDBK.NS,IndusInd Bank,Private,753.6293334960938
2025-09-05,INDUSINDBK.NS,IndusInd Bank,Private,755.8258056640625
2025-09-08,INDUSINDBK.NS,IndusInd Bank,Private,749.5360107421875
2025-09-09,INDUSINDBK.NS,IndusInd Bank,Private,744.9434204101562
2025-09-10,INDUSINDBK.NS,IndusInd Bank,Private,750.03515625
2025-09-11,INDUSINDBK.NS,IndusInd Bank,Private,747.389404296875
2025-09-12,INDUSINDBK.NS,IndusInd Bank,Private,739.3025512695312
2025-09-15,INDUSINDBK.NS,IndusInd Bank,Private,738.7035522460938
2025-09-16,INDUSINDBK.NS,IndusInd Bank,Private,741.0497436523438
2025-09-17,INDUSINDBK.NS,IndusInd Bank,Private,737.8549194335938
2025-09-18,INDUSINDBK.NS,IndusInd Bank,Private,734.2607421875
2025-09-19,INDUSINDBK.NS,IndusInd Bank,Private,743.1962890625
2025-09-22,INDUSINDBK.NS,IndusInd Bank,Private,733.112548828125
2025-09-23,INDUSINDBK.NS,IndusInd Bank,Private,754.0286865234375
2025-09-24,INDUSINDBK.NS,IndusInd Bank,Private,739.5521240234375
2025-09-25,INDUSINDBK.NS,IndusInd Bank,Private,739.5521240234375
2025-09-26,INDUSINDBK.NS,IndusInd Bank,Private,711.597412109375
2025-09-29,INDUSINDBK.NS,IndusInd Bank,Private,722.230224609375
2025-09-30,INDUSINDBK.NS,IndusInd Bank,Private,734.3605346679688
2025-10-01,INDUSINDBK.NS,IndusInd Bank,Private,741.9483032226562
2025-10-03,INDUSINDBK.NS,IndusInd Bank,Private,746.19140625
2025-10-06,INDUSINDBK.NS,IndusInd Bank,Private,738.1044921875
2025-10-07,INDUSINDBK.NS,IndusInd Bank,Private,747.788818359375
2025-10-08,INDUSINDBK.NS,IndusInd Bank,Private,739.7518310546875
2025-10-09,INDUSINDBK.NS,IndusInd Bank,Private,747.9385986328125
2025-10-10,INDUSINDBK.NS,IndusInd Bank,Private,762.1156005859375
2025-10-13,INDUSINDBK.NS,IndusInd Bank,Private,758.6712036132812
2025-10-14,INDUSINDBK.NS,IndusInd Bank,Private,749.1865844726562
2025-10-15,INDUSINDBK.NS,IndusInd Bank,Private,738.9031982421875
2025-10-16,INDUSINDBK.NS,IndusInd Bank,Private,738.30419921875
2025-10-17,INDUSINDBK.NS,IndusInd Bank,Private,749.7855834960938
2025-10-20,INDUSINDBK.NS,IndusInd Bank,Private,758.5214233398438
2025-10-21,INDUSINDBK.NS,IndusInd Bank,Private,757.2235717773438
2025-10-23,INDUSINDBK.NS,IndusInd Bank,Private,758.3716430664062
2025-10-24,INDUSINDBK.NS,IndusInd Bank,Private,753.8290405273438
2025-10-27,INDUSINDBK.NS,IndusInd Bank,Private,768.8047485351562
2025-10-28,INDUSINDBK.NS,IndusInd Bank,Private,798.4567260742188
2025-10-29,INDUSINDBK.NS,IndusInd Bank,Private,806.144287109375
2025-10-30,INDUSINDBK.NS,IndusInd Bank,Private,799.6548461914062
2025-10-31,INDUSINDBK.NS,IndusInd Bank,Private,793.5147094726562
2025-11-03,INDUSINDBK.NS,IndusInd Bank,Private,795.6113891601562
2025-11-04,INDUSINDBK.NS,IndusInd Bank,Private,788.9221801757812
2025-11-06,INDUSINDBK.NS,IndusInd Bank,Private,784.9286499023438
2025-11-07,INDUSINDBK.NS,IndusInd Bank,Private,795.9608154296875
2025-11-10,INDUSINDBK.NS,IndusInd Bank,Private,798.057373046875
2025-11-11,INDUSINDBK.NS,IndusInd Bank,Private,824.7640991210938
2025-11-12,INDUSINDBK.NS,IndusInd Bank,Private,863.002197265625
2025-11-13,INDUSINDBK.NS,IndusInd Bank,Private,862.0537719726562
2025-11-14,INDUSINDBK.NS,IndusInd Bank,Private,846.8782958984375
2025-11-17,INDUSINDBK.NS,IndusInd Bank,Private,852.6689453125
2025-11-18,INDUSINDBK.NS,IndusInd Bank,Private,846.5787963867188
2025-11-19,INDUSINDBK.NS,IndusInd Bank,Private,838.2423095703125
2025-11-20,INDUSINDBK.NS,IndusInd Bank,Private,828.058837890625
2025-11-21,INDUSINDBK.NS,IndusInd Bank,Private,845.1810302734375
2025-11-24,INDUSINDBK.NS,IndusInd Bank,Private,834.6980590820312
2025-11-25,INDUSINDBK.NS,IndusInd Bank,Private,838.5418701171875
2025-11-26,INDUSINDBK.NS,IndusInd Bank,Private,849.3243408203125
2025-11-27,INDUSINDBK.NS,IndusInd Bank,Private,856.0634765625
2025-11-28,INDUSINDBK.NS,IndusInd Bank,Private,857.16162109375
2025-12-01,INDUSINDBK.NS,IndusInd Bank,Private,845.7800903320312
2025-12-02,INDUSINDBK.NS,IndusInd Bank,Private,848.9249877929688
2025-12-03,INDUSINDBK.NS,IndusInd Bank,Private,845.530517578125
2025-12-04,INDUSINDBK.NS,IndusInd Bank,Private,861.6044921875
2025-12-05,INDUSINDBK.NS,IndusInd Bank,Private,868.6929321289062
2025-12-08,INDUSINDBK.NS,IndusInd Bank,Private,840.0394287109375
2025-12-09,INDUSINDBK.NS,IndusInd Bank,Private,842.984619140625
2025-12-10,INDUSINDBK.NS,IndusInd Bank,Private,832.5015869140625
2025-12-11,INDUSINDBK.NS,IndusInd Bank,Private,834.1988525390625
2025-12-12,INDUSINDBK.NS,IndusInd Bank,Private,844.78173828125
2025-12-15,INDUSINDBK.NS,IndusInd Bank,Private,849.8734741210938
2025-12-16,INDUSINDBK.NS,IndusInd Bank,Private,843.6834716796875
2025-12-17,INDUSINDBK.NS,IndusInd Bank,Private,832.5015869140625
2025-12-18,INDUSINDBK.NS,IndusInd Bank,Private,833.5499267578125
2025-12-19,INDUSINDBK.NS,IndusInd Bank,Private,843.3340454101562
2025-12-22,INDUSINDBK.NS,IndusInd Bank,Private,855.01513671875
2025-12-23,INDUSINDBK.NS,IndusInd Bank,Private,848.5256958007812
2025-12-24,INDUSINDBK.NS,IndusInd Bank,Private,846.6786499023438
2025-12-26,INDUSINDBK.NS,IndusInd Bank,Private,848.4757080078125
2025-12-29,INDUSINDBK.NS,IndusInd Bank,Private,838.2423095703125
2025-12-30,INDUSINDBK.NS,IndusInd Bank,Private,840.1392211914062
2025-12-31,INDUSINDBK.NS,IndusInd Bank,Private,862.8025512695312
2026-01-01,INDUSINDBK.NS,IndusInd Bank,Private,888.760498046875
2026-01-02,INDUSINDBK.NS,IndusInd Bank,Private,900.9906616210938
2026-01-05,INDUSINDBK.NS,IndusInd Bank,Private,898.4947509765625
2026-01-06,INDUSINDBK.NS,IndusInd Bank,Private,912.7716064453125
2026-01-07,INDUSINDBK.NS,IndusInd Bank,Private,896.3980712890625
2026-01-08,INDUSINDBK.NS,IndusInd Bank,Private,882.0214233398438
2026-01-09,INDUSINDBK.NS,IndusInd Bank,Private,880.8233642578125
2026-01-12,INDUSINDBK.NS,IndusInd Bank,Private,903.98583984375
2026-01-13,INDUSINDBK.NS,IndusInd Bank,Private,909.0775756835938
2026-01-14,INDUSINDBK.NS,IndusInd Bank,Private,942.97265625
2026-01-15,INDUSINDBK.NS,IndusInd Bank,Private,942.97265625
2026-01-16,INDUSINDBK.NS,IndusInd Bank,Private,952.3075561523438
2026-01-19,INDUSINDBK.NS,IndusInd Bank,Private,948.2640991210938
2026-01-20,INDUSINDBK.NS,IndusInd Bank,Private,903.6863403320312
2026-01-21,INDUSINDBK.NS,IndusInd Bank,Private,905.68310546875
2026-01-22,INDUSINDBK.NS,IndusInd Bank,Private,900.9906616210938
2026-01-23,INDUSINDBK.NS,IndusInd Bank,Private,891.0068359375
2026-01-27,INDUSINDBK.NS,IndusInd Bank,Private,893.3031005859375
2026-01-28,INDUSINDBK.NS,IndusInd Bank,Private,900.2418823242188
2026-01-29,INDUSINDBK.NS,IndusInd Bank,Private,896.947265625
2026-01-30,INDUSINDBK.NS,IndusInd Bank,Private,894.6509399414062
2026-02-02,INDUSINDBK.NS,IndusInd Bank,Private,908.778076171875
2026-02-03,INDUSINDBK.NS,IndusInd Bank,Private,920.908447265625
2026-02-04,INDUSINDBK.NS,IndusInd Bank,Private,919.8101806640625
2026-02-05,INDUSINDBK.NS,IndusInd Bank,Private,912.92138671875
2026-02-06,INDUSINDBK.NS,IndusInd Bank,Private,902.1387939453125
2026-02-09,INDUSINDBK.NS,IndusInd Bank,Private,926.3995361328125
2026-02-10,INDUSINDBK.NS,IndusInd Bank,Private,926.0999755859375
2026-02-11,INDUSINDBK.NS,IndusInd Bank,Private,923.5042114257812
2026-02-12,INDUSINDBK.NS,IndusInd Bank,Private,921.2079467773438
2026-02-13,INDUSINDBK.NS,IndusInd Bank,Private,924.552490234375
2026-02-16,INDUSINDBK.NS,IndusInd Bank,Private,930.39306640625
2026-02-17,INDUSINDBK.NS,IndusInd Bank,Private,942.2738037109375
2026-02-18,INDUSINDBK.NS,IndusInd Bank,Private,943.1224365234375
2026-02-19,INDUSINDBK.NS,IndusInd Bank,Private,925.8504028320312
2026-02-20,INDUSINDBK.NS,IndusInd Bank,Private,924.552490234375
2026-02-23,INDUSINDBK.NS,IndusInd Bank,Private,918.2626953125
2026-02-24,INDUSINDBK.NS,IndusInd Bank,Private,929.8938598632812
2026-02-25,INDUSINDBK.NS,IndusInd Bank,Private,935.834228515625
2026-02-26,INDUSINDBK.NS,IndusInd Bank,Private,963.0401611328125
2026-02-27,INDUSINDBK.NS,IndusInd Bank,Private,955.202880859375
2026-03-02,INDUSINDBK.NS,IndusInd Bank,Private,940.9758911132812
2026-03-04,INDUSINDBK.NS,IndusInd Bank,Private,926.050048828125
2026-03-05,INDUSINDBK.NS,IndusInd Bank,Private,935.6845092773438
2026-03-06,INDUSINDBK.NS,IndusInd Bank,Private,916.36572265625
2026-03-09,INDUSINDBK.NS,IndusInd Bank,Private,879.7750244140625
2026-03-10,INDUSINDBK.NS,IndusInd Bank,Private,897.2467651367188
2026-03-11,INDUSINDBK.NS,IndusInd Bank,Private,875.7316284179688
2026-03-12,INDUSINDBK.NS,IndusInd Bank,Private,830.005615234375
2026-03-13,INDUSINDBK.NS,IndusInd Bank,Private,813.0830688476562
2026-03-16,INDUSINDBK.NS,IndusInd Bank,Private,823.7158203125
2026-03-17,INDUSINDBK.NS,IndusInd Bank,Private,819.5225830078125
2026-03-18,INDUSINDBK.NS,IndusInd Bank,Private,840.7882080078125
2026-03-19,INDUSINDBK.NS,IndusInd Bank,Private,814.97998046875
2026-03-20,INDUSINDBK.NS,IndusInd Bank,Private,817.2762451171875
2026-03-23,INDUSINDBK.NS,IndusInd Bank,Private,777.09130859375
2026-03-24,INDUSINDBK.NS,IndusInd Bank,Private,795.9608154296875
2026-03-25,INDUSINDBK.NS,IndusInd Bank,Private,817.0765991210938
2026-03-27,INDUSINDBK.NS,IndusInd Bank,Private,791.2683715820312
2026-03-30,INDUSINDBK.NS,IndusInd Bank,Private,751.2332153320312
2026-04-01,INDUSINDBK.NS,IndusInd Bank,Private,784.3795776367188
2026-04-02,INDUSINDBK.NS,IndusInd Bank,Private,777.4407958984375
2026-04-06,INDUSINDBK.NS,IndusInd Bank,Private,784.9286499023438
2026-04-07,INDUSINDBK.NS,IndusInd Bank,Private,783.5308837890625
2026-04-08,INDUSINDBK.NS,IndusInd Bank,Private,834.5982055664062
2026-04-09,INDUSINDBK.NS,IndusInd Bank,Private,813.2327880859375
2026-04-10,INDUSINDBK.NS,IndusInd Bank,Private,829.556396484375
2026-04-13,INDUSINDBK.NS,IndusInd Bank,Private,817.5758056640625
2026-04-15,INDUSINDBK.NS,IndusInd Bank,Private,838.741455078125
2026-04-16,INDUSINDBK.NS,IndusInd Bank,Private,846.5289306640625
2026-04-17,INDUSINDBK.NS,IndusInd Bank,Private,852.5192260742188
2026-04-20,INDUSINDBK.NS,IndusInd Bank,Private,850.5723266601562
2026-04-21,INDUSINDBK.NS,IndusInd Bank,Private,855.01513671875
2026-04-22,INDUSINDBK.NS,IndusInd Bank,Private,868.6929321289062
2026-04-23,INDUSINDBK.NS,IndusInd Bank,Private,858.958740234375
2026-04-24,INDUSINDBK.NS,IndusInd Bank,Private,846.5787963867188
2026-04-27,INDUSINDBK.NS,IndusInd Bank,Private,898.6943969726562
2026-04-28,INDUSINDBK.NS,IndusInd Bank,Private,884.1179809570312
2026-04-29,INDUSINDBK.NS,IndusInd Bank,Private,912.2723999023438
2026-04-30,INDUSINDBK.NS,IndusInd Bank,Private,914.5686645507812
2026-05-01,INDUSINDBK.NS,IndusInd Bank,Private,914.5686645507812
2026-05-04,INDUSINDBK.NS,IndusInd Bank,Private,912.4221801757812
2026-05-05,INDUSINDBK.NS,IndusInd Bank,Private,909.2273559570312
2026-05-06,INDUSINDBK.NS,IndusInd Bank,Private,945.2190551757812
2026-05-07,INDUSINDBK.NS,IndusInd Bank,Private,945.418701171875
2026-05-08,INDUSINDBK.NS,IndusInd Bank,Private,949.2125854492188
2026-05-11,INDUSINDBK.NS,IndusInd Bank,Private,920.8085327148438
2026-05-12,INDUSINDBK.NS,IndusInd Bank,Private,891.4061889648438
2026-05-13,INDUSINDBK.NS,IndusInd Bank,Private,891.0567626953125
2026-05-14,INDUSINDBK.NS,IndusInd Bank,Private,906.431884765625
2026-05-15,INDUSINDBK.NS,IndusInd Bank,Private,884.9666748046875
2026-05-18,INDUSINDBK.NS,IndusInd Bank,Private,890.7073364257812
2026-05-19,INDUSINDBK.NS,IndusInd Bank,Private,893.8023071289062
2026-05-20,INDUSINDBK.NS,IndusInd Bank,Private,895.6992797851562
2026-05-21,INDUSINDBK.NS,IndusInd Bank,Private,898.4947509765625
2026-05-22,INDUSINDBK.NS,IndusInd Bank,Private,908.67822265625
2026-05-25,INDUSINDBK.NS,IndusInd Bank,Private,924.6024169921875
2026-05-26,INDUSINDBK.NS,IndusInd Bank,Private,930.7924194335938
2026-05-27,INDUSINDBK.NS,IndusInd Bank,Private,930.7924194335938
2026-05-28,INDUSINDBK.NS,IndusInd Bank,Private,930.7924194335938
2026-05-29,INDUSINDBK.NS,IndusInd Bank,Private,912.8713989257812
2026-06-01,INDUSINDBK.NS,IndusInd Bank,Private,899.6928100585938
2026-06-02,INDUSINDBK.NS,IndusInd Bank,Private,911.0244140625
2026-06-03,INDUSINDBK.NS,IndusInd Bank,Private,898.4947509765625
2026-06-04,INDUSINDBK.NS,IndusInd Bank,Private,901.7394409179688
2026-06-05,INDUSINDBK.NS,IndusInd Bank,Private,903.3368530273438
2026-06-08,INDUSINDBK.NS,IndusInd Bank,Private,893.6026000976562
2026-06-09,INDUSINDBK.NS,IndusInd Bank,Private,921.3077392578125
2026-06-10,INDUSINDBK.NS,IndusInd Bank,Private,882.5206298828125
2026-06-11,INDUSINDBK.NS,IndusInd Bank,Private,887.5125122070312
2026-06-12,INDUSINDBK.NS,IndusInd Bank,Private,915.8665771484375
2026-06-15,INDUSINDBK.NS,IndusInd Bank,Private,931.6909790039062
2026-06-16,INDUSINDBK.NS,IndusInd Bank,Private,924.5025634765625
2026-06-17,INDUSINDBK.NS,IndusInd Bank,Private,934.6860961914062
2026-06-18,INDUSINDBK.NS,IndusInd Bank,Private,937.2319946289062
2026-06-19,INDUSINDBK.NS,IndusInd Bank,Private,945.9179077148438
2026-06-22,INDUSINDBK.NS,IndusInd Bank,Private,919.5606079101562
2026-06-23,INDUSINDBK.NS,IndusInd Bank,Private,903.98583984375
2026-06-24,INDUSINDBK.NS,IndusInd Bank,Private,926.0999755859375
2026-06-25,INDUSINDBK.NS,IndusInd Bank,Private,918.9500122070312
2026-06-26,INDUSINDBK.NS,IndusInd Bank,Private,918.9500122070312
2026-06-29,INDUSINDBK.NS,IndusInd Bank,Private,915.4000244140625
2026-06-30,INDUSINDBK.NS,IndusInd Bank,Private,924.2000122070312
2026-07-01,INDUSINDBK.NS,IndusInd Bank,Private,941.5999755859375
2026-07-02,INDUSINDBK.NS,IndusInd Bank,Private,943.5
2026-07-03,INDUSINDBK.NS,IndusInd Bank,Private,974.3499755859375
2026-07-06,INDUSINDBK.NS,IndusInd Bank,Private,1009.7999877929688
2026-07-07,INDUSINDBK.NS,IndusInd Bank,Private,1022.25
2026-07-08,INDUSINDBK.NS,IndusInd Bank,Private,994.6500244140625
2026-07-09,INDUSINDBK.NS,IndusInd Bank,Private,1015.1500244140625
2026-07-10,INDUSINDBK.NS,IndusInd Bank,Private,1015.7999877929688
2026-07-13,INDUSINDBK.NS,IndusInd Bank,Private,1012.9000244140625
2026-07-14,INDUSINDBK.NS,IndusInd Bank,Private,997.3499755859375
2026-07-15,INDUSINDBK.NS,IndusInd Bank,Private,1009.7000122070312
2026-07-16,INDUSINDBK.NS,IndusInd Bank,Private,1013.5
2026-07-17,INDUSINDBK.NS,IndusInd Bank,Private,1027.199951171875
2026-07-21,INDUSINDBK.NS,IndusInd Bank,Private,1063.449951171875
2026-07-23,INDUSINDBK.NS,IndusInd Bank,Private,1005.5
2026-07-24,INDUSINDBK.NS,IndusInd Bank,Private,996.0499877929688
2026-07-27,INDUSINDBK.NS,IndusInd Bank,Private,1006.6500244140625
2026-07-28,INDUSINDBK.NS,IndusInd Bank,Private,991.9500122070312
2026-07-29,INDUSINDBK.NS,IndusInd Bank,Private,1012.2999877929688
2026-07-30,INDUSINDBK.NS,IndusInd Bank,Private,1011.4500122070312
2026-08-03,INDUSINDBK.NS,IndusInd Bank,Private,1028.9000244140625
2026-08-04,INDUSINDBK.NS,IndusInd Bank,Private,1026.0
2026-08-05,INDUSINDBK.NS,IndusInd Bank,Private,1019.0
2026-08-06,INDUSINDBK.NS,IndusInd Bank,Private,1016.2000122070312
2026-08-07,INDUSINDBK.NS,IndusInd Bank,Private,1022.0
2026-08-10,INDUSINDBK.NS,IndusInd Bank,Private,1027.300048828125
2026-08-11,INDUSINDBK.NS,IndusInd Bank,Private,1008.9000244140625
2026-08-12,INDUSINDBK.NS,IndusInd Bank,Private,1017.5
2026-08-13,INDUSINDBK.NS,IndusInd Bank,Private,1024.699951171875
2026-08-17,INDUSINDBK.NS,IndusInd Bank,Private,1010.5999755859375
2026-08-18,INDUSINDBK.NS,IndusInd Bank,Private,1015.0
2026-08-19,INDUSINDBK.NS,IndusInd Bank,Private,1016.7000122070312
2026-08-20,INDUSINDBK.NS,IndusInd Bank,Private,1008.0
2021-08-20,KOTAKBANK.NS,Kotak Mahindra Bank,Private,338.87591552734375
2021-08-23,KOTAKBANK.NS,Kotak Mahindra Bank,Private,341.5216369628906
2021-08-24,KOTAKBANK.NS,Kotak Mahindra Bank,Private,339.14453125
2021-08-25,KOTAKBANK.NS,Kotak Mahindra Bank,Private,337.6128234863281
2021-08-26,KOTAKBANK.NS,Kotak Mahindra Bank,Private,337.6724853515625
2021-08-27,KOTAKBANK.NS,Kotak Mahindra Bank,Private,340.86517333984375
2021-08-30,KOTAKBANK.NS,Kotak Mahindra Bank,Private,345.30120849609375
2021-08-31,KOTAKBANK.NS,Kotak Mahindra Bank,Private,348.8519287109375
2021-09-01,KOTAKBANK.NS,Kotak Mahindra Bank,Private,347.44952392578125
2021-09-02,KOTAKBANK.NS,Kotak Mahindra Bank,Private,353.3675231933594
2021-09-03,KOTAKBANK.NS,Kotak Mahindra Bank,Private,356.44091796875
2021-09-06,KOTAKBANK.NS,Kotak Mahindra Bank,Private,352.9995422363281
2021-09-07,KOTAKBANK.NS,Kotak Mahindra Bank,Private,351.0699462890625
2021-09-08,KOTAKBANK.NS,Kotak Mahindra Bank,Private,361.1155700683594
2021-09-09,KOTAKBANK.NS,Kotak Mahindra Bank,Private,361.61285400390625
2021-09-13,KOTAKBANK.NS,Kotak Mahindra Bank,Private,366.02899169921875
2021-09-14,KOTAKBANK.NS,Kotak Mahindra Bank,Private,371.5391845703125
2021-09-15,KOTAKBANK.NS,Kotak Mahindra Bank,Private,372.324951171875
2021-09-16,KOTAKBANK.NS,Kotak Mahindra Bank,Private,379.30712890625
2021-09-17,KOTAKBANK.NS,Kotak Mahindra Bank,Private,399.42822265625
2021-09-20,KOTAKBANK.NS,Kotak Mahindra Bank,Private,398.13525390625
2021-09-21,KOTAKBANK.NS,Kotak Mahindra Bank,Private,400.0250244140625
2021-09-22,KOTAKBANK.NS,Kotak Mahindra Bank,Private,394.97235107421875
2021-09-23,KOTAKBANK.NS,Kotak Mahindra Bank,Private,402.6209411621094
2021-09-24,KOTAKBANK.NS,Kotak Mahindra Bank,Private,403.4364929199219
2021-09-27,KOTAKBANK.NS,Kotak Mahindra Bank,Private,404.48089599609375
2021-09-28,KOTAKBANK.NS,Kotak Mahindra Bank,Private,411.41339111328125
2021-09-29,KOTAKBANK.NS,Kotak Mahindra Bank,Private,403.9040222167969
2021-09-30,KOTAKBANK.NS,Kotak Mahindra Bank,Private,398.94085693359375
2021-10-01,KOTAKBANK.NS,Kotak Mahindra Bank,Private,396.5637512207031
2021-10-04,KOTAKBANK.NS,Kotak Mahindra Bank,Private,396.0465393066406
2021-10-05,KOTAKBANK.NS,Kotak Mahindra Bank,Private,394.3358154296875
2021-10-06,KOTAKBANK.NS,Kotak Mahindra Bank,Private,389.04443359375
2021-10-07,KOTAKBANK.NS,Kotak Mahindra Bank,Private,388.38800048828125
2021-10-08,KOTAKBANK.NS,Kotak Mahindra Bank,Private,385.185302734375
2021-10-11,KOTAKBANK.NS,Kotak Mahindra Bank,Private,392.9532470703125
2021-10-12,KOTAKBANK.NS,Kotak Mahindra Bank,Private,396.8720397949219
2021-10-13,KOTAKBANK.NS,Kotak Mahindra Bank,Private,399.70672607421875
2021-10-14,KOTAKBANK.NS,Kotak Mahindra Bank,Private,401.38763427734375
2021-10-18,KOTAKBANK.NS,Kotak Mahindra Bank,Private,400.1542663574219
2021-10-19,KOTAKBANK.NS,Kotak Mahindra Bank,Private,404.8787536621094
2021-10-20,KOTAKBANK.NS,Kotak Mahindra Bank,Private,400.920166015625
2021-10-21,KOTAKBANK.NS,Kotak Mahindra Bank,Private,426.4419860839844
2021-10-22,KOTAKBANK.NS,Kotak Mahindra Bank,Private,431.9422302246094
2021-10-25,KOTAKBANK.NS,Kotak Mahindra Bank,Private,428.5804138183594
2021-10-26,KOTAKBANK.NS,Kotak Mahindra Bank,Private,439.8096618652344
2021-10-27,KOTAKBANK.NS,Kotak Mahindra Bank,Private,435.29412841796875
2021-10-28,KOTAKBANK.NS,Kotak Mahindra Bank,Private,417.4407653808594
2021-10-29,KOTAKBANK.NS,Kotak Mahindra Bank,Private,404.0432434082031
2021-11-01,KOTAKBANK.NS,Kotak Mahindra Bank,Private,413.06439208984375
2021-11-02,KOTAKBANK.NS,Kotak Mahindra Bank,Private,413.09423828125
2021-11-03,KOTAKBANK.NS,Kotak Mahindra Bank,Private,405.3163757324219
2021-11-04,KOTAKBANK.NS,Kotak Mahindra Bank,Private,409.1854248046875
2021-11-08,KOTAKBANK.NS,Kotak Mahindra Bank,Private,421.4888000488281
2021-11-09,KOTAKBANK.NS,Kotak Mahindra Bank,Private,417.1821594238281
2021-11-10,KOTAKBANK.NS,Kotak Mahindra Bank,Private,412.97491455078125
2021-11-11,KOTAKBANK.NS,Kotak Mahindra Bank,Private,408.60858154296875
2021-11-12,KOTAKBANK.NS,Kotak Mahindra Bank,Private,412.70635986328125
2021-11-15,KOTAKBANK.NS,Kotak Mahindra Bank,Private,417.2020263671875
2021-11-16,KOTAKBANK.NS,Kotak Mahindra Bank,Private,414.3276062011719
2021-11-17,KOTAKBANK.NS,Kotak Mahindra Bank,Private,408.4096374511719
2021-11-18,KOTAKBANK.NS,Kotak Mahindra Bank,Private,402.71051025390625
2021-11-22,KOTAKBANK.NS,Kotak Mahindra Bank,Private,388.9847717285156
2021-11-23,KOTAKBANK.NS,Kotak Mahindra Bank,Private,394.4451904296875
2021-11-24,KOTAKBANK.NS,Kotak Mahindra Bank,Private,400.1145324707031
2021-11-25,KOTAKBANK.NS,Kotak Mahindra Bank,Private,404.82904052734375
2021-11-26,KOTAKBANK.NS,Kotak Mahindra Bank,Private,390.7452087402344
2021-11-29,KOTAKBANK.NS,Kotak Mahindra Bank,Private,401.7456970214844
2021-11-30,KOTAKBANK.NS,Kotak Mahindra Bank,Private,390.2677917480469
2021-12-01,KOTAKBANK.NS,Kotak Mahindra Bank,Private,388.5670471191406
2021-12-02,KOTAKBANK.NS,Kotak Mahindra Bank,Private,390.7353210449219
2021-12-03,KOTAKBANK.NS,Kotak Mahindra Bank,Private,380.7791442871094
2021-12-06,KOTAKBANK.NS,Kotak Mahindra Bank,Private,375.0103759765625
2021-12-07,KOTAKBANK.NS,Kotak Mahindra Bank,Private,385.344482421875
2021-12-08,KOTAKBANK.NS,Kotak Mahindra Bank,Private,382.0224304199219
2021-12-09,KOTAKBANK.NS,Kotak Mahindra Bank,Private,381.20684814453125
2021-12-10,KOTAKBANK.NS,Kotak Mahindra Bank,Private,377.30792236328125
2021-12-13,KOTAKBANK.NS,Kotak Mahindra Bank,Private,372.6034240722656
2021-12-14,KOTAKBANK.NS,Kotak Mahindra Bank,Private,366.0986022949219
2021-12-15,KOTAKBANK.NS,Kotak Mahindra Bank,Private,371.46954345703125
2021-12-16,KOTAKBANK.NS,Kotak Mahindra Bank,Private,370.1466979980469
2021-12-17,KOTAKBANK.NS,Kotak Mahindra Bank,Private,356.82879638671875
2021-12-20,KOTAKBANK.NS,Kotak Mahindra Bank,Private,346.6239929199219
2021-12-21,KOTAKBANK.NS,Kotak Mahindra Bank,Private,345.4404296875
2021-12-22,KOTAKBANK.NS,Kotak Mahindra Bank,Private,350.5826110839844
2021-12-23,KOTAKBANK.NS,Kotak Mahindra Bank,Private,353.2083740234375
2021-12-24,KOTAKBANK.NS,Kotak Mahindra Bank,Private,347.79766845703125
2021-12-27,KOTAKBANK.NS,Kotak Mahindra Bank,Private,352.78070068359375
2021-12-28,KOTAKBANK.NS,Kotak Mahindra Bank,Private,353.06915283203125
2021-12-29,KOTAKBANK.NS,Kotak Mahindra Bank,Private,350.9407043457031
2021-12-30,KOTAKBANK.NS,Kotak Mahindra Bank,Private,349.1602783203125
2021-12-31,KOTAKBANK.NS,Kotak Mahindra Bank,Private,357.28631591796875
2022-01-03,KOTAKBANK.NS,Kotak Mahindra Bank,Private,362.9258117675781
2022-01-04,KOTAKBANK.NS,Kotak Mahindra Bank,Private,368.5254821777344
2022-01-05,KOTAKBANK.NS,Kotak Mahindra Bank,Private,382.3605651855469
2022-01-06,KOTAKBANK.NS,Kotak Mahindra Bank,Private,376.3431701660156
2022-01-07,KOTAKBANK.NS,Kotak Mahindra Bank,Private,378.7998962402344
2022-01-10,KOTAKBANK.NS,Kotak Mahindra Bank,Private,387.4927978515625
2022-01-11,KOTAKBANK.NS,Kotak Mahindra Bank,Private,385.2747802734375
2022-01-12,KOTAKBANK.NS,Kotak Mahindra Bank,Private,389.2135314941406
2022-01-13,KOTAKBANK.NS,Kotak Mahindra Bank,Private,383.1960754394531
2022-01-14,KOTAKBANK.NS,Kotak Mahindra Bank,Private,385.5533447265625
2022-01-17,KOTAKBANK.NS,Kotak Mahindra Bank,Private,385.4041442871094
2022-01-18,KOTAKBANK.NS,Kotak Mahindra Bank,Private,386.3390808105469
2022-01-19,KOTAKBANK.NS,Kotak Mahindra Bank,Private,379.0783386230469
2022-01-20,KOTAKBANK.NS,Kotak Mahindra Bank,Private,376.4824523925781
2022-01-21,KOTAKBANK.NS,Kotak Mahindra Bank,Private,376.711181640625
2022-01-24,KOTAKBANK.NS,Kotak Mahindra Bank,Private,364.2088317871094
2022-01-25,KOTAKBANK.NS,Kotak Mahindra Bank,Private,368.93328857421875
2022-01-27,KOTAKBANK.NS,Kotak Mahindra Bank,Private,375.8160705566406
2022-01-28,KOTAKBANK.NS,Kotak Mahindra Bank,Private,377.6163024902344
2022-01-31,KOTAKBANK.NS,Kotak Mahindra Bank,Private,369.4504699707031
2022-02-01,KOTAKBANK.NS,Kotak Mahindra Bank,Private,374.4335021972656
2022-02-02,KOTAKBANK.NS,Kotak Mahindra Bank,Private,386.4285888671875
2022-02-03,KOTAKBANK.NS,Kotak Mahindra Bank,Private,379.7547302246094
2022-02-04,KOTAKBANK.NS,Kotak Mahindra Bank,Private,374.8114929199219
2022-02-07,KOTAKBANK.NS,Kotak Mahindra Bank,Private,363.72149658203125
2022-02-08,KOTAKBANK.NS,Kotak Mahindra Bank,Private,361.60296630859375
2022-02-09,KOTAKBANK.NS,Kotak Mahindra Bank,Private,365.0244445800781
2022-02-10,KOTAKBANK.NS,Kotak Mahindra Bank,Private,371.42974853515625
2022-02-11,KOTAKBANK.NS,Kotak Mahindra Bank,Private,363.6816711425781
2022-02-14,KOTAKBANK.NS,Kotak Mahindra Bank,Private,347.48931884765625
2022-02-15,KOTAKBANK.NS,Kotak Mahindra Bank,Private,360.66802978515625
2022-02-16,KOTAKBANK.NS,Kotak Mahindra Bank,Private,364.039794921875
2022-02-17,KOTAKBANK.NS,Kotak Mahindra Bank,Private,361.50341796875
2022-02-18,KOTAKBANK.NS,Kotak Mahindra Bank,Private,363.3435363769531
2022-02-21,KOTAKBANK.NS,Kotak Mahindra Bank,Private,363.4529724121094
2022-02-22,KOTAKBANK.NS,Kotak Mahindra Bank,Private,366.3671875
2022-02-23,KOTAKBANK.NS,Kotak Mahindra Bank,Private,375.1894226074219
2022-02-24,KOTAKBANK.NS,Kotak Mahindra Bank,Private,357.0376281738281
2022-02-25,KOTAKBANK.NS,Kotak Mahindra Bank,Private,369.341064453125
2022-02-28,KOTAKBANK.NS,Kotak Mahindra Bank,Private,366.5660705566406
2022-03-02,KOTAKBANK.NS,Kotak Mahindra Bank,Private,359.2556457519531
2022-03-03,KOTAKBANK.NS,Kotak Mahindra Bank,Private,356.5204772949219
2022-03-04,KOTAKBANK.NS,Kotak Mahindra Bank,Private,348.5435791015625
2022-03-07,KOTAKBANK.NS,Kotak Mahindra Bank,Private,340.5369873046875
2022-03-08,KOTAKBANK.NS,Kotak Mahindra Bank,Private,342.764892578125
2022-03-09,KOTAKBANK.NS,Kotak Mahindra Bank,Private,345.94769287109375
2022-03-10,KOTAKBANK.NS,Kotak Mahindra Bank,Private,348.9812927246094
2022-03-11,KOTAKBANK.NS,Kotak Mahindra Bank,Private,350.70196533203125
2022-03-14,KOTAKBANK.NS,Kotak Mahindra Bank,Private,355.82421875
2022-03-15,KOTAKBANK.NS,Kotak Mahindra Bank,Private,344.8834533691406
2022-03-16,KOTAKBANK.NS,Kotak Mahindra Bank,Private,350.20458984375
2022-03-17,KOTAKBANK.NS,Kotak Mahindra Bank,Private,362.04058837890625
2022-03-21,KOTAKBANK.NS,Kotak Mahindra Bank,Private,353.50677490234375
2022-03-22,KOTAKBANK.NS,Kotak Mahindra Bank,Private,359.6236572265625
2022-03-23,KOTAKBANK.NS,Kotak Mahindra Bank,Private,352.0447082519531
2022-03-24,KOTAKBANK.NS,Kotak Mahindra Bank,Private,340.9845275878906
2022-03-25,KOTAKBANK.NS,Kotak Mahindra Bank,Private,342.5958251953125
2022-03-28,KOTAKBANK.NS,Kotak Mahindra Bank,Private,343.18267822265625
2022-03-29,KOTAKBANK.NS,Kotak Mahindra Bank,Private,344.13751220703125
2022-03-30,KOTAKBANK.NS,Kotak Mahindra Bank,Private,350.7218322753906
2022-03-31,KOTAKBANK.NS,Kotak Mahindra Bank,Private,348.88177490234375
2022-04-01,KOTAKBANK.NS,Kotak Mahindra Bank,Private,353.417236328125
2022-04-04,KOTAKBANK.NS,Kotak Mahindra Bank,Private,365.2333068847656
2022-04-05,KOTAKBANK.NS,Kotak Mahindra Bank,Private,358.4997863769531
2022-04-06,KOTAKBANK.NS,Kotak Mahindra Bank,Private,353.96429443359375
2022-04-07,KOTAKBANK.NS,Kotak Mahindra Bank,Private,351.38824462890625
2022-04-08,KOTAKBANK.NS,Kotak Mahindra Bank,Private,354.9787902832031
2022-04-11,KOTAKBANK.NS,Kotak Mahindra Bank,Private,354.76995849609375
2022-04-12,KOTAKBANK.NS,Kotak Mahindra Bank,Private,358.43011474609375
2022-04-13,KOTAKBANK.NS,Kotak Mahindra Bank,Private,354.0041198730469
2022-04-18,KOTAKBANK.NS,Kotak Mahindra Bank,Private,348.19549560546875
2022-04-19,KOTAKBANK.NS,Kotak Mahindra Bank,Private,339.66168212890625
2022-04-20,KOTAKBANK.NS,Kotak Mahindra Bank,Private,342.4068603515625
2022-04-21,KOTAKBANK.NS,Kotak Mahindra Bank,Private,350.2742919921875
2022-04-22,KOTAKBANK.NS,Kotak Mahindra Bank,Private,343.68988037109375
2022-04-25,KOTAKBANK.NS,Kotak Mahindra Bank,Private,343.90869140625
2022-04-26,KOTAKBANK.NS,Kotak Mahindra Bank,Private,346.663818359375
2022-04-27,KOTAKBANK.NS,Kotak Mahindra Bank,Private,346.4250793457031
2022-04-28,KOTAKBANK.NS,Kotak Mahindra Bank,Private,351.2290954589844
2022-04-29,KOTAKBANK.NS,Kotak Mahindra Bank,Private,356.2220764160156
2022-05-02,KOTAKBANK.NS,Kotak Mahindra Bank,Private,352.959716796875
2022-05-04,KOTAKBANK.NS,Kotak Mahindra Bank,Private,353.2083740234375
2022-05-05,KOTAKBANK.NS,Kotak Mahindra Bank,Private,357.584716796875
2022-05-06,KOTAKBANK.NS,Kotak Mahindra Bank,Private,353.1487121582031
2022-05-09,KOTAKBANK.NS,Kotak Mahindra Bank,Private,351.59710693359375
2022-05-10,KOTAKBANK.NS,Kotak Mahindra Bank,Private,357.49517822265625
2022-05-11,KOTAKBANK.NS,Kotak Mahindra Bank,Private,360.0413818359375
2022-05-12,KOTAKBANK.NS,Kotak Mahindra Bank,Private,350.2842102050781
2022-05-13,KOTAKBANK.NS,Kotak Mahindra Bank,Private,353.994140625
2022-05-16,KOTAKBANK.NS,Kotak Mahindra Bank,Private,360.6182861328125
2022-05-17,KOTAKBANK.NS,Kotak Mahindra Bank,Private,366.0787353515625
2022-05-18,KOTAKBANK.NS,Kotak Mahindra Bank,Private,367.3717041015625
2022-05-19,KOTAKBANK.NS,Kotak Mahindra Bank,Private,354.75994873046875
2022-05-20,KOTAKBANK.NS,Kotak Mahindra Bank,Private,363.8607482910156
2022-05-23,KOTAKBANK.NS,Kotak Mahindra Bank,Private,368.8636474609375
2022-05-24,KOTAKBANK.NS,Kotak Mahindra Bank,Private,374.49322509765625
2022-05-25,KOTAKBANK.NS,Kotak Mahindra Bank,Private,379.45635986328125
2022-05-26,KOTAKBANK.NS,Kotak Mahindra Bank,Private,379.6751403808594
2022-05-27,KOTAKBANK.NS,Kotak Mahindra Bank,Private,387.14471435546875
2022-05-30,KOTAKBANK.NS,Kotak Mahindra Bank,Private,378.591064453125
2022-05-31,KOTAKBANK.NS,Kotak Mahindra Bank,Private,367.38165283203125
2022-06-01,KOTAKBANK.NS,Kotak Mahindra Bank,Private,371.01202392578125
2022-06-02,KOTAKBANK.NS,Kotak Mahindra Bank,Private,369.530029296875
2022-06-03,KOTAKBANK.NS,Kotak Mahindra Bank,Private,369.72900390625
2022-06-06,KOTAKBANK.NS,Kotak Mahindra Bank,Private,371.8475036621094
2022-06-07,KOTAKBANK.NS,Kotak Mahindra Bank,Private,369.6294860839844
2022-06-08,KOTAKBANK.NS,Kotak Mahindra Bank,Private,367.1131286621094
2022-06-09,KOTAKBANK.NS,Kotak Mahindra Bank,Private,371.03192138671875
2022-06-10,KOTAKBANK.NS,Kotak Mahindra Bank,Private,356.4309387207031
2022-06-13,KOTAKBANK.NS,Kotak Mahindra Bank,Private,345.59954833984375
2022-06-14,KOTAKBANK.NS,Kotak Mahindra Bank,Private,346.0670471191406
2022-06-15,KOTAKBANK.NS,Kotak Mahindra Bank,Private,345.4602966308594
2022-06-16,KOTAKBANK.NS,Kotak Mahindra Bank,Private,333.3558349609375
2022-06-17,KOTAKBANK.NS,Kotak Mahindra Bank,Private,332.9181823730469
2022-06-20,KOTAKBANK.NS,Kotak Mahindra Bank,Private,334.03216552734375
2022-06-21,KOTAKBANK.NS,Kotak Mahindra Bank,Private,334.4896545410156
2022-06-22,KOTAKBANK.NS,Kotak Mahindra Bank,Private,332.14239501953125
2022-06-23,KOTAKBANK.NS,Kotak Mahindra Bank,Private,335.00689697265625
2022-06-24,KOTAKBANK.NS,Kotak Mahindra Bank,Private,337.8514709472656
2022-06-27,KOTAKBANK.NS,Kotak Mahindra Bank,Private,336.4888610839844
2022-06-28,KOTAKBANK.NS,Kotak Mahindra Bank,Private,331.9633483886719
2022-06-29,KOTAKBANK.NS,Kotak Mahindra Bank,Private,326.72174072265625
2022-06-30,KOTAKBANK.NS,Kotak Mahindra Bank,Private,330.431640625
2022-07-01,KOTAKBANK.NS,Kotak Mahindra Bank,Private,331.75445556640625
2022-07-04,KOTAKBANK.NS,Kotak Mahindra Bank,Private,332.381103515625
2022-07-05,KOTAKBANK.NS,Kotak Mahindra Bank,Private,330.819580078125
2022-07-06,KOTAKBANK.NS,Kotak Mahindra Bank,Private,339.0649108886719
2022-07-07,KOTAKBANK.NS,Kotak Mahindra Bank,Private,345.8283386230469
2022-07-08,KOTAKBANK.NS,Kotak Mahindra Bank,Private,347.0716247558594
2022-07-11,KOTAKBANK.NS,Kotak Mahindra Bank,Private,346.3753356933594
2022-07-12,KOTAKBANK.NS,Kotak Mahindra Bank,Private,341.9393615722656
2022-07-13,KOTAKBANK.NS,Kotak Mahindra Bank,Private,346.5345153808594
2022-07-14,KOTAKBANK.NS,Kotak Mahindra Bank,Private,352.1044006347656
2022-07-15,KOTAKBANK.NS,Kotak Mahindra Bank,Private,355.6153869628906
2022-07-18,KOTAKBANK.NS,Kotak Mahindra Bank,Private,367.1429748535156
2022-07-19,KOTAKBANK.NS,Kotak Mahindra Bank,Private,365.0144958496094
2022-07-20,KOTAKBANK.NS,Kotak Mahindra Bank,Private,363.5822448730469
2022-07-21,KOTAKBANK.NS,Kotak Mahindra Bank,Private,358.1714782714844
2022-07-22,KOTAKBANK.NS,Kotak Mahindra Bank,Private,363.4529724121094
2022-07-25,KOTAKBANK.NS,Kotak Mahindra Bank,Private,357.1768798828125
2022-07-26,KOTAKBANK.NS,Kotak Mahindra Bank,Private,350.4234924316406
2022-07-27,KOTAKBANK.NS,Kotak Mahindra Bank,Private,348.9315185546875
2022-07-28,KOTAKBANK.NS,Kotak Mahindra Bank,Private,363.7314147949219
2022-07-29,KOTAKBANK.NS,Kotak Mahindra Bank,Private,360.1210021972656
2022-08-01,KOTAKBANK.NS,Kotak Mahindra Bank,Private,369.1520690917969
2022-08-02,KOTAKBANK.NS,Kotak Mahindra Bank,Private,374.89105224609375
2022-08-03,KOTAKBANK.NS,Kotak Mahindra Bank,Private,368.2270812988281
2022-08-04,KOTAKBANK.NS,Kotak Mahindra Bank,Private,365.1338195800781
2022-08-05,KOTAKBANK.NS,Kotak Mahindra Bank,Private,364.8056335449219
2022-08-08,KOTAKBANK.NS,Kotak Mahindra Bank,Private,366.9142150878906
2022-08-10,KOTAKBANK.NS,Kotak Mahindra Bank,Private,363.70159912109375
2022-08-11,KOTAKBANK.NS,Kotak Mahindra Bank,Private,368.9264831542969
2022-08-12,KOTAKBANK.NS,Kotak Mahindra Bank,Private,366.478271484375
2022-08-16,KOTAKBANK.NS,Kotak Mahindra Bank,Private,367.5033264160156
2022-08-17,KOTAKBANK.NS,Kotak Mahindra Bank,Private,366.1797180175781
2022-08-18,KOTAKBANK.NS,Kotak Mahindra Bank,Private,379.0776672363281
2022-08-19,KOTAKBANK.NS,Kotak Mahindra Bank,Private,373.60400390625
2022-08-22,KOTAKBANK.NS,Kotak Mahindra Bank,Private,364.6570129394531
2022-08-23,KOTAKBANK.NS,Kotak Mahindra Bank,Private,369.37432861328125
2022-08-24,KOTAKBANK.NS,Kotak Mahindra Bank,Private,371.73297119140625
2022-08-25,KOTAKBANK.NS,Kotak Mahindra Bank,Private,371.9618835449219
2022-08-26,KOTAKBANK.NS,Kotak Mahindra Bank,Private,378.5900573730469
2022-08-29,KOTAKBANK.NS,Kotak Mahindra Bank,Private,368.22979736328125
2022-08-30,KOTAKBANK.NS,Kotak Mahindra Bank,Private,381.2572021484375
2022-09-01,KOTAKBANK.NS,Kotak Mahindra Bank,Private,378.749267578125
2022-09-02,KOTAKBANK.NS,Kotak Mahindra Bank,Private,381.9339599609375
2022-09-05,KOTAKBANK.NS,Kotak Mahindra Bank,Private,385.7257080078125
2022-09-06,KOTAKBANK.NS,Kotak Mahindra Bank,Private,381.3069763183594
2022-09-07,KOTAKBANK.NS,Kotak Mahindra Bank,Private,379.8240966796875
2022-09-08,KOTAKBANK.NS,Kotak Mahindra Bank,Private,384.1632385253906
2022-09-09,KOTAKBANK.NS,Kotak Mahindra Bank,Private,383.4267883300781
2022-09-12,KOTAKBANK.NS,Kotak Mahindra Bank,Private,382.9590148925781
2022-09-13,KOTAKBANK.NS,Kotak Mahindra Bank,Private,382.8395690917969
2022-09-14,KOTAKBANK.NS,Kotak Mahindra Bank,Private,389.0696716308594
2022-09-15,KOTAKBANK.NS,Kotak Mahindra Bank,Private,384.97930908203125
2022-09-16,KOTAKBANK.NS,Kotak Mahindra Bank,Private,384.21295166015625
2022-09-19,KOTAKBANK.NS,Kotak Mahindra Bank,Private,384.05377197265625
2022-09-20,KOTAKBANK.NS,Kotak Mahindra Bank,Private,386.0939636230469
2022-09-21,KOTAKBANK.NS,Kotak Mahindra Bank,Private,381.8642883300781
2022-09-22,KOTAKBANK.NS,Kotak Mahindra Bank,Private,376.73895263671875
2022-09-23,KOTAKBANK.NS,Kotak Mahindra Bank,Private,370.7576904296875
2022-09-26,KOTAKBANK.NS,Kotak Mahindra Bank,Private,364.0498962402344
2022-09-27,KOTAKBANK.NS,Kotak Mahindra Bank,Private,358.13836669921875
2022-09-28,KOTAKBANK.NS,Kotak Mahindra Bank,Private,356.8047790527344
2022-09-29,KOTAKBANK.NS,Kotak Mahindra Bank,Private,351.370849609375
2022-09-30,KOTAKBANK.NS,Kotak Mahindra Bank,Private,362.09930419921875
2022-10-03,KOTAKBANK.NS,Kotak Mahindra Bank,Private,355.0730895996094
2022-10-04,KOTAKBANK.NS,Kotak Mahindra Bank,Private,362.7063903808594
2022-10-06,KOTAKBANK.NS,Kotak Mahindra Bank,Private,362.0395812988281
2022-10-07,KOTAKBANK.NS,Kotak Mahindra Bank,Private,363.3333740234375
2022-10-10,KOTAKBANK.NS,Kotak Mahindra Bank,Private,359.91973876953125
2022-10-11,KOTAKBANK.NS,Kotak Mahindra Bank,Private,355.8692321777344
2022-10-12,KOTAKBANK.NS,Kotak Mahindra Bank,Private,360.3079528808594
2022-10-13,KOTAKBANK.NS,Kotak Mahindra Bank,Private,358.57623291015625
2022-10-14,KOTAKBANK.NS,Kotak Mahindra Bank,Private,365.0451354980469
2022-10-17,KOTAKBANK.NS,Kotak Mahindra Bank,Private,369.85205078125
2022-10-18,KOTAKBANK.NS,Kotak Mahindra Bank,Private,370.1605529785156
2022-10-19,KOTAKBANK.NS,Kotak Mahindra Bank,Private,372.081298828125
2022-10-20,KOTAKBANK.NS,Kotak Mahindra Bank,Private,370.9268493652344
2022-10-21,KOTAKBANK.NS,Kotak Mahindra Bank,Private,378.7094421386719
2022-10-24,KOTAKBANK.NS,Kotak Mahindra Bank,Private,377.34600830078125
2022-10-25,KOTAKBANK.NS,Kotak Mahindra Bank,Private,367.5531311035156
2022-10-27,KOTAKBANK.NS,Kotak Mahindra Bank,Private,371.2154846191406
2022-10-28,KOTAKBANK.NS,Kotak Mahindra Bank,Private,375.0470886230469
2022-10-31,KOTAKBANK.NS,Kotak Mahindra Bank,Private,378.5701599121094
2022-11-01,KOTAKBANK.NS,Kotak Mahindra Bank,Private,380.01318359375
2022-11-02,KOTAKBANK.NS,Kotak Mahindra Bank,Private,380.1624755859375
2022-11-03,KOTAKBANK.NS,Kotak Mahindra Bank,Private,378.21185302734375
2022-11-04,KOTAKBANK.NS,Kotak Mahindra Bank,Private,378.1720275878906
2022-11-07,KOTAKBANK.NS,Kotak Mahindra Bank,Private,374.7185974121094
2022-11-09,KOTAKBANK.NS,Kotak Mahindra Bank,Private,376.8682861328125
2022-11-10,KOTAKBANK.NS,Kotak Mahindra Bank,Private,380.6003723144531
2022-11-11,KOTAKBANK.NS,Kotak Mahindra Bank,Private,378.0028381347656
2022-11-14,KOTAKBANK.NS,Kotak Mahindra Bank,Private,382.7201843261719
2022-11-15,KOTAKBANK.NS,Kotak Mahindra Bank,Private,380.650146484375
2022-11-16,KOTAKBANK.NS,Kotak Mahindra Bank,Private,391.2989196777344
2022-11-17,KOTAKBANK.NS,Kotak Mahindra Bank,Private,388.24359130859375
2022-11-18,KOTAKBANK.NS,Kotak Mahindra Bank,Private,390.0350341796875
2022-11-21,KOTAKBANK.NS,Kotak Mahindra Bank,Private,386.9598388671875
2022-11-22,KOTAKBANK.NS,Kotak Mahindra Bank,Private,386.0939636230469
2022-11-23,KOTAKBANK.NS,Kotak Mahindra Bank,Private,388.8009338378906
2022-11-24,KOTAKBANK.NS,Kotak Mahindra Bank,Private,387.10906982421875
2022-11-25,KOTAKBANK.NS,Kotak Mahindra Bank,Private,383.8348083496094
2022-11-28,KOTAKBANK.NS,Kotak Mahindra Bank,Private,383.7850646972656
2022-11-29,KOTAKBANK.NS,Kotak Mahindra Bank,Private,383.2675476074219
2022-11-30,KOTAKBANK.NS,Kotak Mahindra Bank,Private,387.5469665527344
2022-12-01,KOTAKBANK.NS,Kotak Mahindra Bank,Private,385.0091552734375
2022-12-02,KOTAKBANK.NS,Kotak Mahindra Bank,Private,384.31256103515625
2022-12-05,KOTAKBANK.NS,Kotak Mahindra Bank,Private,385.8351745605469
2022-12-06,KOTAKBANK.NS,Kotak Mahindra Bank,Private,385.1982421875
2022-12-07,KOTAKBANK.NS,Kotak Mahindra Bank,Private,380.4610595703125
2022-12-08,KOTAKBANK.NS,Kotak Mahindra Bank,Private,377.5848693847656
2022-12-09,KOTAKBANK.NS,Kotak Mahindra Bank,Private,375.8033752441406
2022-12-12,KOTAKBANK.NS,Kotak Mahindra Bank,Private,371.36474609375
2022-12-13,KOTAKBANK.NS,Kotak Mahindra Bank,Private,371.9121398925781
2022-12-14,KOTAKBANK.NS,Kotak Mahindra Bank,Private,372.84765625
2022-12-15,KOTAKBANK.NS,Kotak Mahindra Bank,Private,370.85723876953125
2022-12-16,KOTAKBANK.NS,Kotak Mahindra Bank,Private,366.3488464355469
2022-12-19,KOTAKBANK.NS,Kotak Mahindra Bank,Private,369.85205078125
2022-12-20,KOTAKBANK.NS,Kotak Mahindra Bank,Private,367.6526184082031
2022-12-21,KOTAKBANK.NS,Kotak Mahindra Bank,Private,361.1837463378906
2022-12-22,KOTAKBANK.NS,Kotak Mahindra Bank,Private,363.46270751953125
2022-12-23,KOTAKBANK.NS,Kotak Mahindra Bank,Private,362.64666748046875
2022-12-26,KOTAKBANK.NS,Kotak Mahindra Bank,Private,360.97467041015625
2022-12-27,KOTAKBANK.NS,Kotak Mahindra Bank,Private,362.4376525878906
2022-12-28,KOTAKBANK.NS,Kotak Mahindra Bank,Private,362.2784423828125
2022-12-29,KOTAKBANK.NS,Kotak Mahindra Bank,Private,362.0097351074219
2022-12-30,KOTAKBANK.NS,Kotak Mahindra Bank,Private,363.70159912109375
2023-01-02,KOTAKBANK.NS,Kotak Mahindra Bank,Private,363.26373291015625
2023-01-03,KOTAKBANK.NS,Kotak Mahindra Bank,Private,364.8162536621094
2023-01-04,KOTAKBANK.NS,Kotak Mahindra Bank,Private,362.4078063964844
2023-01-05,KOTAKBANK.NS,Kotak Mahindra Bank,Private,362.3182373046875
2023-01-06,KOTAKBANK.NS,Kotak Mahindra Bank,Private,355.6502990722656
2023-01-09,KOTAKBANK.NS,Kotak Mahindra Bank,Private,360.64630126953125
2023-01-10,KOTAKBANK.NS,Kotak Mahindra Bank,Private,357.3919372558594
2023-01-11,KOTAKBANK.NS,Kotak Mahindra Bank,Private,358.6458740234375
2023-01-12,KOTAKBANK.NS,Kotak Mahindra Bank,Private,354.197265625
2023-01-13,KOTAKBANK.NS,Kotak Mahindra Bank,Private,354.35650634765625
2023-01-16,KOTAKBANK.NS,Kotak Mahindra Bank,Private,355.2522277832031
2023-01-17,KOTAKBANK.NS,Kotak Mahindra Bank,Private,357.8099060058594
2023-01-18,KOTAKBANK.NS,Kotak Mahindra Bank,Private,358.0985412597656
2023-01-19,KOTAKBANK.NS,Kotak Mahindra Bank,Private,351.7689514160156
2023-01-20,KOTAKBANK.NS,Kotak Mahindra Bank,Private,350.8931579589844
2023-01-23,KOTAKBANK.NS,Kotak Mahindra Bank,Private,355.043212890625
2023-01-24,KOTAKBANK.NS,Kotak Mahindra Bank,Private,350.3656921386719
2023-01-25,KOTAKBANK.NS,Kotak Mahindra Bank,Private,348.28570556640625
2023-01-27,KOTAKBANK.NS,Kotak Mahindra Bank,Private,340.9808349609375
2023-01-30,KOTAKBANK.NS,Kotak Mahindra Bank,Private,343.5982360839844
2023-01-31,KOTAKBANK.NS,Kotak Mahindra Bank,Private,344.543701171875
2023-02-01,KOTAKBANK.NS,Kotak Mahindra Bank,Private,347.2705993652344
2023-02-02,KOTAKBANK.NS,Kotak Mahindra Bank,Private,350.6642761230469
2023-02-03,KOTAKBANK.NS,Kotak Mahindra Bank,Private,354.35650634765625
2023-02-06,KOTAKBANK.NS,Kotak Mahindra Bank,Private,347.7284240722656
2023-02-07,KOTAKBANK.NS,Kotak Mahindra Bank,Private,353.38116455078125
2023-02-08,KOTAKBANK.NS,Kotak Mahindra Bank,Private,351.41070556640625
2023-02-09,KOTAKBANK.NS,Kotak Mahindra Bank,Private,352.4855041503906
2023-02-10,KOTAKBANK.NS,Kotak Mahindra Bank,Private,352.71441650390625
2023-02-13,KOTAKBANK.NS,Kotak Mahindra Bank,Private,353.0627136230469
2023-02-14,KOTAKBANK.NS,Kotak Mahindra Bank,Private,352.37603759765625
2023-02-15,KOTAKBANK.NS,Kotak Mahindra Bank,Private,355.3915710449219
2023-02-16,KOTAKBANK.NS,Kotak Mahindra Bank,Private,355.87921142578125
2023-02-17,KOTAKBANK.NS,Kotak Mahindra Bank,Private,350.1666564941406
2023-02-20,KOTAKBANK.NS,Kotak Mahindra Bank,Private,345.79766845703125
2023-02-21,KOTAKBANK.NS,Kotak Mahindra Bank,Private,344.38446044921875
2023-02-22,KOTAKBANK.NS,Kotak Mahindra Bank,Private,338.4828186035156
2023-02-23,KOTAKBANK.NS,Kotak Mahindra Bank,Private,339.7965087890625
2023-02-24,KOTAKBANK.NS,Kotak Mahindra Bank,Private,337.8359680175781
2023-02-27,KOTAKBANK.NS,Kotak Mahindra Bank,Private,343.53851318359375
2023-02-28,KOTAKBANK.NS,Kotak Mahindra Bank,Private,344.19537353515625
2023-03-01,KOTAKBANK.NS,Kotak Mahindra Bank,Private,347.3104248046875
2023-03-02,KOTAKBANK.NS,Kotak Mahindra Bank,Private,342.6925964355469
2023-03-03,KOTAKBANK.NS,Kotak Mahindra Bank,Private,348.5245666503906
2023-03-06,KOTAKBANK.NS,Kotak Mahindra Bank,Private,348.5245666503906
2023-03-08,KOTAKBANK.NS,Kotak Mahindra Bank,Private,346.3748779296875
2023-03-09,KOTAKBANK.NS,Kotak Mahindra Bank,Private,341.6973876953125
2023-03-10,KOTAKBANK.NS,Kotak Mahindra Bank,Private,338.2340393066406
2023-03-13,KOTAKBANK.NS,Kotak Mahindra Bank,Private,333.1783752441406
2023-03-14,KOTAKBANK.NS,Kotak Mahindra Bank,Private,328.0728759765625
2023-03-15,KOTAKBANK.NS,Kotak Mahindra Bank,Private,331.595947265625
2023-03-16,KOTAKBANK.NS,Kotak Mahindra Bank,Private,331.1181945800781
2023-03-17,KOTAKBANK.NS,Kotak Mahindra Bank,Private,336.99993896484375
2023-03-20,KOTAKBANK.NS,Kotak Mahindra Bank,Private,338.3036804199219
2023-03-21,KOTAKBANK.NS,Kotak Mahindra Bank,Private,339.7367858886719
2023-03-22,KOTAKBANK.NS,Kotak Mahindra Bank,Private,339.3984375
2023-03-23,KOTAKBANK.NS,Kotak Mahindra Bank,Private,334.332763671875
2023-03-24,KOTAKBANK.NS,Kotak Mahindra Bank,Private,336.81085205078125
2023-03-27,KOTAKBANK.NS,Kotak Mahindra Bank,Private,339.40838623046875
2023-03-28,KOTAKBANK.NS,Kotak Mahindra Bank,Private,338.1544189453125
2023-03-29,KOTAKBANK.NS,Kotak Mahindra Bank,Private,342.5632019042969
2023-03-31,KOTAKBANK.NS,Kotak Mahindra Bank,Private,344.91192626953125
2023-04-03,KOTAKBANK.NS,Kotak Mahindra Bank,Private,347.46966552734375
2023-04-05,KOTAKBANK.NS,Kotak Mahindra Bank,Private,348.70367431640625
2023-04-06,KOTAKBANK.NS,Kotak Mahindra Bank,Private,349.7387390136719
2023-04-10,KOTAKBANK.NS,Kotak Mahindra Bank,Private,350.17657470703125
2023-04-11,KOTAKBANK.NS,Kotak Mahindra Bank,Private,367.5331726074219
2023-04-12,KOTAKBANK.NS,Kotak Mahindra Bank,Private,367.0455322265625
2023-04-13,KOTAKBANK.NS,Kotak Mahindra Bank,Private,372.1111755371094
2023-04-17,KOTAKBANK.NS,Kotak Mahindra Bank,Private,377.21661376953125
2023-04-18,KOTAKBANK.NS,Kotak Mahindra Bank,Private,375.85321044921875
2023-04-19,KOTAKBANK.NS,Kotak Mahindra Bank,Private,375.17645263671875
2023-04-20,KOTAKBANK.NS,Kotak Mahindra Bank,Private,374.9972839355469
2023-04-21,KOTAKBANK.NS,Kotak Mahindra Bank,Private,376.9180603027344
2023-04-24,KOTAKBANK.NS,Kotak Mahindra Bank,Private,377.6346130371094
2023-04-25,KOTAKBANK.NS,Kotak Mahindra Bank,Private,376.05218505859375
2023-04-26,KOTAKBANK.NS,Kotak Mahindra Bank,Private,373.9224548339844
2023-04-27,KOTAKBANK.NS,Kotak Mahindra Bank,Private,379.8937683105469
2023-04-28,KOTAKBANK.NS,Kotak Mahindra Bank,Private,385.75555419921875
2023-05-02,KOTAKBANK.NS,Kotak Mahindra Bank,Private,382.3917541503906
2023-05-03,KOTAKBANK.NS,Kotak Mahindra Bank,Private,384.3424072265625
2023-05-04,KOTAKBANK.NS,Kotak Mahindra Bank,Private,387.6564025878906
2023-05-05,KOTAKBANK.NS,Kotak Mahindra Bank,Private,383.89453125
2023-05-08,KOTAKBANK.NS,Kotak Mahindra Bank,Private,389.8956604003906
2023-05-09,KOTAKBANK.NS,Kotak Mahindra Bank,Private,388.9900207519531
2023-05-10,KOTAKBANK.NS,Kotak Mahindra Bank,Private,389.8658142089844
2023-05-11,KOTAKBANK.NS,Kotak Mahindra Bank,Private,389.7165222167969
2023-05-12,KOTAKBANK.NS,Kotak Mahindra Bank,Private,390.2440185546875
2023-05-15,KOTAKBANK.NS,Kotak Mahindra Bank,Private,392.7121276855469
2023-05-16,KOTAKBANK.NS,Kotak Mahindra Bank,Private,387.5469665527344
2023-05-17,KOTAKBANK.NS,Kotak Mahindra Bank,Private,380.00323486328125
2023-05-18,KOTAKBANK.NS,Kotak Mahindra Bank,Private,383.6357727050781
2023-05-19,KOTAKBANK.NS,Kotak Mahindra Bank,Private,386.47210693359375
2023-05-22,KOTAKBANK.NS,Kotak Mahindra Bank,Private,386.1835632324219
2023-05-23,KOTAKBANK.NS,Kotak Mahindra Bank,Private,382.46142578125
2023-05-24,KOTAKBANK.NS,Kotak Mahindra Bank,Private,380.24212646484375
2023-05-25,KOTAKBANK.NS,Kotak Mahindra Bank,Private,384.143310546875
2023-05-26,KOTAKBANK.NS,Kotak Mahindra Bank,Private,387.14892578125
2023-05-29,KOTAKBANK.NS,Kotak Mahindra Bank,Private,388.7710876464844
2023-05-30,KOTAKBANK.NS,Kotak Mahindra Bank,Private,393.050537109375
2023-05-31,KOTAKBANK.NS,Kotak Mahindra Bank,Private,400.94256591796875
2023-06-01,KOTAKBANK.NS,Kotak Mahindra Bank,Private,384.1632385253906
2023-06-02,KOTAKBANK.NS,Kotak Mahindra Bank,Private,385.8949279785156
2023-06-05,KOTAKBANK.NS,Kotak Mahindra Bank,Private,383.1381530761719
2023-06-06,KOTAKBANK.NS,Kotak Mahindra Bank,Private,389.9354553222656
2023-06-07,KOTAKBANK.NS,Kotak Mahindra Bank,Private,386.0242919921875
2023-06-08,KOTAKBANK.NS,Kotak Mahindra Bank,Private,375.494873046875
2023-06-09,KOTAKBANK.NS,Kotak Mahindra Bank,Private,372.6087646484375
2023-06-12,KOTAKBANK.NS,Kotak Mahindra Bank,Private,374.0916442871094
2023-06-13,KOTAKBANK.NS,Kotak Mahindra Bank,Private,369.4141540527344
2023-06-14,KOTAKBANK.NS,Kotak Mahindra Bank,Private,371.1457824707031
2023-06-15,KOTAKBANK.NS,Kotak Mahindra Bank,Private,364.9455871582031
2023-06-16,KOTAKBANK.NS,Kotak Mahindra Bank,Private,369.7027587890625
2023-06-19,KOTAKBANK.NS,Kotak Mahindra Bank,Private,363.1641845703125
2023-06-20,KOTAKBANK.NS,Kotak Mahindra Bank,Private,367.0355529785156
2023-06-21,KOTAKBANK.NS,Kotak Mahindra Bank,Private,367.3440856933594
2023-06-22,KOTAKBANK.NS,Kotak Mahindra Bank,Private,365.463134765625
2023-06-23,KOTAKBANK.NS,Kotak Mahindra Bank,Private,363.9603576660156
2023-06-26,KOTAKBANK.NS,Kotak Mahindra Bank,Private,362.845703125
2023-06-27,KOTAKBANK.NS,Kotak Mahindra Bank,Private,367.1748962402344
2023-06-28,KOTAKBANK.NS,Kotak Mahindra Bank,Private,366.3488464355469
2023-06-30,KOTAKBANK.NS,Kotak Mahindra Bank,Private,367.5431213378906
2023-07-03,KOTAKBANK.NS,Kotak Mahindra Bank,Private,367.0256652832031
2023-07-04,KOTAKBANK.NS,Kotak Mahindra Bank,Private,370.5586242675781
2023-07-05,KOTAKBANK.NS,Kotak Mahindra Bank,Private,371.1856384277344
2023-07-06,KOTAKBANK.NS,Kotak Mahindra Bank,Private,373.6636962890625
2023-07-07,KOTAKBANK.NS,Kotak Mahindra Bank,Private,368.9264831542969
2023-07-10,KOTAKBANK.NS,Kotak Mahindra Bank,Private,371.5936584472656
2023-07-11,KOTAKBANK.NS,Kotak Mahindra Bank,Private,371.5339660644531
2023-07-12,KOTAKBANK.NS,Kotak Mahindra Bank,Private,373.8229675292969
2023-07-13,KOTAKBANK.NS,Kotak Mahindra Bank,Private,372.1509704589844
2023-07-14,KOTAKBANK.NS,Kotak Mahindra Bank,Private,372.0116271972656
2023-07-17,KOTAKBANK.NS,Kotak Mahindra Bank,Private,377.5948181152344
2023-07-18,KOTAKBANK.NS,Kotak Mahindra Bank,Private,376.3607482910156
2023-07-19,KOTAKBANK.NS,Kotak Mahindra Bank,Private,379.49566650390625
2023-07-20,KOTAKBANK.NS,Kotak Mahindra Bank,Private,389.5075378417969
2023-07-21,KOTAKBANK.NS,Kotak Mahindra Bank,Private,392.15478515625
2023-07-24,KOTAKBANK.NS,Kotak Mahindra Bank,Private,377.6346130371094
2023-07-25,KOTAKBANK.NS,Kotak Mahindra Bank,Private,373.3054504394531
2023-07-26,KOTAKBANK.NS,Kotak Mahindra Bank,Private,377.2464904785156
2023-07-27,KOTAKBANK.NS,Kotak Mahindra Bank,Private,372.9571228027344
2023-07-28,KOTAKBANK.NS,Kotak Mahindra Bank,Private,373.5741271972656
2023-07-31,KOTAKBANK.NS,Kotak Mahindra Bank,Private,369.5335693359375
2023-08-01,KOTAKBANK.NS,Kotak Mahindra Bank,Private,368.22979736328125
2023-08-02,KOTAKBANK.NS,Kotak Mahindra Bank,Private,362.9949951171875
2023-08-03,KOTAKBANK.NS,Kotak Mahindra Bank,Private,362.9053955078125
2023-08-04,KOTAKBANK.NS,Kotak Mahindra Bank,Private,366.2421569824219
2023-08-07,KOTAKBANK.NS,Kotak Mahindra Bank,Private,364.857666015625
2023-08-08,KOTAKBANK.NS,Kotak Mahindra Bank,Private,364.15045166015625
2023-08-09,KOTAKBANK.NS,Kotak Mahindra Bank,Private,364.8476867675781
2023-08-10,KOTAKBANK.NS,Kotak Mahindra Bank,Private,358.7420349121094
2023-08-11,KOTAKBANK.NS,Kotak Mahindra Bank,Private,356.8694763183594
2023-08-14,KOTAKBANK.NS,Kotak Mahindra Bank,Private,357.3973693847656
2023-08-16,KOTAKBANK.NS,Kotak Mahindra Bank,Private,355.8236083984375
2023-08-17,KOTAKBANK.NS,Kotak Mahindra Bank,Private,351.7398681640625
2023-08-18,KOTAKBANK.NS,Kotak Mahindra Bank,Private,348.7716979980469
2023-08-21,KOTAKBANK.NS,Kotak Mahindra Bank,Private,350.67413330078125
2023-08-22,KOTAKBANK.NS,Kotak Mahindra Bank,Private,351.2219543457031
2023-08-23,KOTAKBANK.NS,Kotak Mahindra Bank,Private,354.5984802246094
2023-08-24,KOTAKBANK.NS,Kotak Mahindra Bank,Private,354.7778015136719
2023-08-25,KOTAKBANK.NS,Kotak Mahindra Bank,Private,354.35943603515625
2023-08-28,KOTAKBANK.NS,Kotak Mahindra Bank,Private,356.65032958984375
2023-08-29,KOTAKBANK.NS,Kotak Mahindra Bank,Private,355.2060546875
2023-08-30,KOTAKBANK.NS,Kotak Mahindra Bank,Private,353.5726013183594
2023-08-31,KOTAKBANK.NS,Kotak Mahindra Bank,Private,350.35540771484375
2023-09-01,KOTAKBANK.NS,Kotak Mahindra Bank,Private,352.8155822753906
2023-09-04,KOTAKBANK.NS,Kotak Mahindra Bank,Private,351.04266357421875
2023-09-05,KOTAKBANK.NS,Kotak Mahindra Bank,Private,352.8056335449219
2023-09-06,KOTAKBANK.NS,Kotak Mahindra Bank,Private,352.6562194824219
2023-09-07,KOTAKBANK.NS,Kotak Mahindra Bank,Private,356.38140869140625
2023-09-08,KOTAKBANK.NS,Kotak Mahindra Bank,Private,357.21807861328125
2023-09-11,KOTAKBANK.NS,Kotak Mahindra Bank,Private,360.1463928222656
2023-09-12,KOTAKBANK.NS,Kotak Mahindra Bank,Private,360.8038024902344
2023-09-13,KOTAKBANK.NS,Kotak Mahindra Bank,Private,363.4731750488281
2023-09-14,KOTAKBANK.NS,Kotak Mahindra Bank,Private,362.8655700683594
2023-09-15,KOTAKBANK.NS,Kotak Mahindra Bank,Private,361.3416748046875
2023-09-18,KOTAKBANK.NS,Kotak Mahindra Bank,Private,358.2440185546875
2023-09-20,KOTAKBANK.NS,Kotak Mahindra Bank,Private,356.4710693359375
2023-09-21,KOTAKBANK.NS,Kotak Mahindra Bank,Private,349.7478332519531
2023-09-22,KOTAKBANK.NS,Kotak Mahindra Bank,Private,349.897216796875
2023-09-25,KOTAKBANK.NS,Kotak Mahindra Bank,Private,355.4650573730469
2023-09-26,KOTAKBANK.NS,Kotak Mahindra Bank,Private,351.421142578125
2023-09-27,KOTAKBANK.NS,Kotak Mahindra Bank,Private,351.63031005859375
2023-09-28,KOTAKBANK.NS,Kotak Mahindra Bank,Private,345.2656555175781
2023-09-29,KOTAKBANK.NS,Kotak Mahindra Bank,Private,345.763671875
2023-10-03,KOTAKBANK.NS,Kotak Mahindra Bank,Private,344.0404968261719
2023-10-04,KOTAKBANK.NS,Kotak Mahindra Bank,Private,343.04449462890625
2023-10-05,KOTAKBANK.NS,Kotak Mahindra Bank,Private,345.4748229980469
2023-10-06,KOTAKBANK.NS,Kotak Mahindra Bank,Private,347.39715576171875
2023-10-09,KOTAKBANK.NS,Kotak Mahindra Bank,Private,342.4966735839844
2023-10-10,KOTAKBANK.NS,Kotak Mahindra Bank,Private,349.8275146484375
2023-10-11,KOTAKBANK.NS,Kotak Mahindra Bank,Private,352.8753356933594
2023-10-12,KOTAKBANK.NS,Kotak Mahindra Bank,Private,351.3713073730469
2023-10-13,KOTAKBANK.NS,Kotak Mahindra Bank,Private,351.0028076171875
2023-10-16,KOTAKBANK.NS,Kotak Mahindra Bank,Private,348.5625305175781
2023-10-17,KOTAKBANK.NS,Kotak Mahindra Bank,Private,352.90521240234375
2023-10-18,KOTAKBANK.NS,Kotak Mahindra Bank,Private,349.28961181640625
2023-10-19,KOTAKBANK.NS,Kotak Mahindra Bank,Private,346.3114929199219
2023-10-20,KOTAKBANK.NS,Kotak Mahindra Bank,Private,352.51678466796875
2023-10-23,KOTAKBANK.NS,Kotak Mahindra Bank,Private,346.7696533203125
2023-10-25,KOTAKBANK.NS,Kotak Mahindra Bank,Private,344.2397155761719
2023-10-26,KOTAKBANK.NS,Kotak Mahindra Bank,Private,337.6260681152344
2023-10-27,KOTAKBANK.NS,Kotak Mahindra Bank,Private,339.1898193359375
2023-10-30,KOTAKBANK.NS,Kotak Mahindra Bank,Private,342.1380920410156
2023-10-31,KOTAKBANK.NS,Kotak Mahindra Bank,Private,346.500732421875
2023-11-01,KOTAKBANK.NS,Kotak Mahindra Bank,Private,343.5126037597656
2023-11-02,KOTAKBANK.NS,Kotak Mahindra Bank,Private,346.1620788574219
2023-11-03,KOTAKBANK.NS,Kotak Mahindra Bank,Private,345.275634765625
2023-11-06,KOTAKBANK.NS,Kotak Mahindra Bank,Private,346.66009521484375
2023-11-07,KOTAKBANK.NS,Kotak Mahindra Bank,Private,348.861328125
2023-11-08,KOTAKBANK.NS,Kotak Mahindra Bank,Private,347.8653259277344
2023-11-09,KOTAKBANK.NS,Kotak Mahindra Bank,Private,347.6063232421875
2023-11-10,KOTAKBANK.NS,Kotak Mahindra Bank,Private,347.7059326171875
2023-11-13,KOTAKBANK.NS,Kotak Mahindra Bank,Private,348.2537841796875
2023-11-15,KOTAKBANK.NS,Kotak Mahindra Bank,Private,352.49688720703125
2023-11-16,KOTAKBANK.NS,Kotak Mahindra Bank,Private,353.16424560546875
2023-11-17,KOTAKBANK.NS,Kotak Mahindra Bank,Private,351.5207824707031
2023-11-20,KOTAKBANK.NS,Kotak Mahindra Bank,Private,352.7060241699219
2023-11-21,KOTAKBANK.NS,Kotak Mahindra Bank,Private,352.0386657714844
2023-11-22,KOTAKBANK.NS,Kotak Mahindra Bank,Private,347.74578857421875
2023-11-23,KOTAKBANK.NS,Kotak Mahindra Bank,Private,346.4808044433594
2023-11-24,KOTAKBANK.NS,Kotak Mahindra Bank,Private,347.4170837402344
2023-11-28,KOTAKBANK.NS,Kotak Mahindra Bank,Private,347.0684814453125
2023-11-29,KOTAKBANK.NS,Kotak Mahindra Bank,Private,349.29962158203125
2023-11-30,KOTAKBANK.NS,Kotak Mahindra Bank,Private,349.697998046875
2023-12-01,KOTAKBANK.NS,Kotak Mahindra Bank,Private,348.7119445800781
2023-12-04,KOTAKBANK.NS,Kotak Mahindra Bank,Private,362.2679748535156
2023-12-05,KOTAKBANK.NS,Kotak Mahindra Bank,Private,364.2401123046875
2023-12-06,KOTAKBANK.NS,Kotak Mahindra Bank,Private,362.835693359375
2023-12-07,KOTAKBANK.NS,Kotak Mahindra Bank,Private,363.9213562011719
2023-12-08,KOTAKBANK.NS,Kotak Mahindra Bank,Private,366.2322082519531
2023-12-11,KOTAKBANK.NS,Kotak Mahindra Bank,Private,367.3477478027344
2023-12-12,KOTAKBANK.NS,Kotak Mahindra Bank,Private,363.4233703613281
2023-12-13,KOTAKBANK.NS,Kotak Mahindra Bank,Private,363.7919006347656
2023-12-14,KOTAKBANK.NS,Kotak Mahindra Bank,Private,369.29998779296875
2023-12-15,KOTAKBANK.NS,Kotak Mahindra Bank,Private,368.6525573730469
2023-12-18,KOTAKBANK.NS,Kotak Mahindra Bank,Private,367.92547607421875
2023-12-19,KOTAKBANK.NS,Kotak Mahindra Bank,Private,367.84576416015625
2023-12-20,KOTAKBANK.NS,Kotak Mahindra Bank,Private,363.8516540527344
2023-12-21,KOTAKBANK.NS,Kotak Mahindra Bank,Private,369.0709228515625
2023-12-22,KOTAKBANK.NS,Kotak Mahindra Bank,Private,370.6247253417969
2023-12-26,KOTAKBANK.NS,Kotak Mahindra Bank,Private,375.87384033203125
2023-12-27,KOTAKBANK.NS,Kotak Mahindra Bank,Private,378.9615478515625
2023-12-28,KOTAKBANK.NS,Kotak Mahindra Bank,Private,382.7464294433594
2023-12-29,KOTAKBANK.NS,Kotak Mahindra Bank,Private,380.1069641113281
2024-01-01,KOTAKBANK.NS,Kotak Mahindra Bank,Private,380.3161315917969
2024-01-02,KOTAKBANK.NS,Kotak Mahindra Bank,Private,371.5310974121094
2024-01-03,KOTAKBANK.NS,Kotak Mahindra Bank,Private,371.7004089355469
2024-01-04,KOTAKBANK.NS,Kotak Mahindra Bank,Private,371.2422790527344
2024-01-05,KOTAKBANK.NS,Kotak Mahindra Bank,Private,368.0549011230469
2024-01-08,KOTAKBANK.NS,Kotak Mahindra Bank,Private,363.7720031738281
2024-01-09,KOTAKBANK.NS,Kotak Mahindra Bank,Private,363.8815612792969
2024-01-10,KOTAKBANK.NS,Kotak Mahindra Bank,Private,362.7162170410156
2024-01-11,KOTAKBANK.NS,Kotak Mahindra Bank,Private,363.12457275390625
2024-01-12,KOTAKBANK.NS,Kotak Mahindra Bank,Private,365.1962890625
2024-01-15,KOTAKBANK.NS,Kotak Mahindra Bank,Private,368.8318176269531
2024-01-16,KOTAKBANK.NS,Kotak Mahindra Bank,Private,368.1346435546875
2024-01-17,KOTAKBANK.NS,Kotak Mahindra Bank,Private,354.518798828125
2024-01-18,KOTAKBANK.NS,Kotak Mahindra Bank,Private,354.04071044921875
2024-01-19,KOTAKBANK.NS,Kotak Mahindra Bank,Private,351.4609680175781
2024-01-23,KOTAKBANK.NS,Kotak Mahindra Bank,Private,355.4849548339844
2024-01-24,KOTAKBANK.NS,Kotak Mahindra Bank,Private,356.3017272949219
2024-01-25,KOTAKBANK.NS,Kotak Mahindra Bank,Private,352.2777404785156
2024-01-29,KOTAKBANK.NS,Kotak Mahindra Bank,Private,363.134521484375
2024-01-30,KOTAKBANK.NS,Kotak Mahindra Bank,Private,363.27398681640625
2024-01-31,KOTAKBANK.NS,Kotak Mahindra Bank,Private,363.6026611328125
2024-02-01,KOTAKBANK.NS,Kotak Mahindra Bank,Private,363.1046447753906
2024-02-02,KOTAKBANK.NS,Kotak Mahindra Bank,Private,363.1444396972656
2024-02-05,KOTAKBANK.NS,Kotak Mahindra Bank,Private,360.2360534667969
2024-02-06,KOTAKBANK.NS,Kotak Mahindra Bank,Private,355.98297119140625
2024-02-07,KOTAKBANK.NS,Kotak Mahindra Bank,Private,357.0985412597656
2024-02-08,KOTAKBANK.NS,Kotak Mahindra Bank,Private,344.56842041015625
2024-02-09,KOTAKBANK.NS,Kotak Mahindra Bank,Private,347.1083068847656
2024-02-12,KOTAKBANK.NS,Kotak Mahindra Bank,Private,340.5544128417969
2024-02-13,KOTAKBANK.NS,Kotak Mahindra Bank,Private,346.0525207519531
2024-02-14,KOTAKBANK.NS,Kotak Mahindra Bank,Private,348.40313720703125
2024-02-15,KOTAKBANK.NS,Kotak Mahindra Bank,Private,346.4708557128906
2024-02-16,KOTAKBANK.NS,Kotak Mahindra Bank,Private,345.67401123046875
2024-02-19,KOTAKBANK.NS,Kotak Mahindra Bank,Private,344.90704345703125
2024-02-20,KOTAKBANK.NS,Kotak Mahindra Bank,Private,351.1023864746094
2024-02-21,KOTAKBANK.NS,Kotak Mahindra Bank,Private,347.83544921875
2024-02-22,KOTAKBANK.NS,Kotak Mahindra Bank,Private,343.5823669433594
2024-02-23,KOTAKBANK.NS,Kotak Mahindra Bank,Private,343.43292236328125
2024-02-26,KOTAKBANK.NS,Kotak Mahindra Bank,Private,339.906982421875
2024-02-27,KOTAKBANK.NS,Kotak Mahindra Bank,Private,339.9966125488281
2024-02-28,KOTAKBANK.NS,Kotak Mahindra Bank,Private,335.3849792480469
2024-02-29,KOTAKBANK.NS,Kotak Mahindra Bank,Private,336.55035400390625
2024-03-01,KOTAKBANK.NS,Kotak Mahindra Bank,Private,344.1700134277344
2024-03-04,KOTAKBANK.NS,Kotak Mahindra Bank,Private,344.0704040527344
2024-03-05,KOTAKBANK.NS,Kotak Mahindra Bank,Private,341.7795715332031
2024-03-06,KOTAKBANK.NS,Kotak Mahindra Bank,Private,350.55462646484375
2024-03-07,KOTAKBANK.NS,Kotak Mahindra Bank,Private,348.223876953125
2024-03-11,KOTAKBANK.NS,Kotak Mahindra Bank,Private,344.5584716796875
2024-03-12,KOTAKBANK.NS,Kotak Mahindra Bank,Private,342.7058410644531
2024-03-13,KOTAKBANK.NS,Kotak Mahindra Bank,Private,344.53851318359375
2024-03-14,KOTAKBANK.NS,Kotak Mahindra Bank,Private,347.0983581542969
2024-03-15,KOTAKBANK.NS,Kotak Mahindra Bank,Private,346.2816467285156
2024-03-18,KOTAKBANK.NS,Kotak Mahindra Bank,Private,346.2019348144531
2024-03-19,KOTAKBANK.NS,Kotak Mahindra Bank,Private,348.5425720214844
2024-03-20,KOTAKBANK.NS,Kotak Mahindra Bank,Private,351.68011474609375
2024-03-21,KOTAKBANK.NS,Kotak Mahindra Bank,Private,353.0247802734375
2024-03-22,KOTAKBANK.NS,Kotak Mahindra Bank,Private,353.87139892578125
2024-03-26,KOTAKBANK.NS,Kotak Mahindra Bank,Private,349.3493957519531
2024-03-27,KOTAKBANK.NS,Kotak Mahindra Bank,Private,353.7120361328125
2024-03-28,KOTAKBANK.NS,Kotak Mahindra Bank,Private,355.6841735839844
2024-04-01,KOTAKBANK.NS,Kotak Mahindra Bank,Private,356.7200622558594
2024-04-02,KOTAKBANK.NS,Kotak Mahindra Bank,Private,350.08648681640625
2024-04-03,KOTAKBANK.NS,Kotak Mahindra Bank,Private,344.8572692871094
2024-04-04,KOTAKBANK.NS,Kotak Mahindra Bank,Private,348.4429931640625
2024-04-05,KOTAKBANK.NS,Kotak Mahindra Bank,Private,355.6144714355469
2024-04-08,KOTAKBANK.NS,Kotak Mahindra Bank,Private,356.2618408203125
2024-04-09,KOTAKBANK.NS,Kotak Mahindra Bank,Private,354.7080383300781
2024-04-10,KOTAKBANK.NS,Kotak Mahindra Bank,Private,363.74212646484375
2024-04-12,KOTAKBANK.NS,Kotak Mahindra Bank,Private,361.17230224609375
2024-04-15,KOTAKBANK.NS,Kotak Mahindra Bank,Private,358.2041320800781
2024-04-16,KOTAKBANK.NS,Kotak Mahindra Bank,Private,357.0985412597656
2024-04-18,KOTAKBANK.NS,Kotak Mahindra Bank,Private,355.9331970214844
2024-04-19,KOTAKBANK.NS,Kotak Mahindra Bank,Private,357.1084899902344
2024-04-22,KOTAKBANK.NS,Kotak Mahindra Bank,Private,360.5547790527344
2024-04-23,KOTAKBANK.NS,Kotak Mahindra Bank,Private,361.17230224609375
2024-04-24,KOTAKBANK.NS,Kotak Mahindra Bank,Private,367.0987548828125
2024-04-25,KOTAKBANK.NS,Kotak Mahindra Bank,Private,327.1875915527344
2024-04-26,KOTAKBANK.NS,Kotak Mahindra Bank,Private,320.4245300292969
2024-04-29,KOTAKBANK.NS,Kotak Mahindra Bank,Private,326.7792053222656
2024-04-30,KOTAKBANK.NS,Kotak Mahindra Bank,Private,323.5022888183594
2024-05-02,KOTAKBANK.NS,Kotak Mahindra Bank,Private,313.880615234375
2024-05-03,KOTAKBANK.NS,Kotak Mahindra Bank,Private,308.113525390625
2024-05-06,KOTAKBANK.NS,Kotak Mahindra Bank,Private,323.572021484375
2024-05-07,KOTAKBANK.NS,Kotak Mahindra Bank,Private,327.4764709472656
2024-05-08,KOTAKBANK.NS,Kotak Mahindra Bank,Private,328.3629455566406
2024-05-09,KOTAKBANK.NS,Kotak Mahindra Bank,Private,327.3171081542969
2024-05-10,KOTAKBANK.NS,Kotak Mahindra Bank,Private,324.2991027832031
2024-05-13,KOTAKBANK.NS,Kotak Mahindra Bank,Private,326.9385681152344
2024-05-14,KOTAKBANK.NS,Kotak Mahindra Bank,Private,327.95458984375
2024-05-15,KOTAKBANK.NS,Kotak Mahindra Bank,Private,328.85101318359375
2024-05-16,KOTAKBANK.NS,Kotak Mahindra Bank,Private,333.0841369628906
2024-05-17,KOTAKBANK.NS,Kotak Mahindra Bank,Private,337.9647216796875
2024-05-21,KOTAKBANK.NS,Kotak Mahindra Bank,Private,338.3033447265625
2024-05-22,KOTAKBANK.NS,Kotak Mahindra Bank,Private,338.5623474121094
2024-05-23,KOTAKBANK.NS,Kotak Mahindra Bank,Private,340.454833984375
2024-05-24,KOTAKBANK.NS,Kotak Mahindra Bank,Private,339.3392639160156
2024-05-27,KOTAKBANK.NS,Kotak Mahindra Bank,Private,340.8432922363281
2024-05-28,KOTAKBANK.NS,Kotak Mahindra Bank,Private,339.3790588378906
2024-05-29,KOTAKBANK.NS,Kotak Mahindra Bank,Private,336.23162841796875
2024-05-30,KOTAKBANK.NS,Kotak Mahindra Bank,Private,336.6798095703125
2024-05-31,KOTAKBANK.NS,Kotak Mahindra Bank,Private,334.74749755859375
2024-06-03,KOTAKBANK.NS,Kotak Mahindra Bank,Private,342.2476501464844
2024-06-04,KOTAKBANK.NS,Kotak Mahindra Bank,Private,326.29119873046875
2024-06-05,KOTAKBANK.NS,Kotak Mahindra Bank,Private,342.25762939453125
2024-06-06,KOTAKBANK.NS,Kotak Mahindra Bank,Private,345.5644836425781
2024-06-07,KOTAKBANK.NS,Kotak Mahindra Bank,Private,349.3493957519531
2024-06-10,KOTAKBANK.NS,Kotak Mahindra Bank,Private,347.74578857421875
2024-06-11,KOTAKBANK.NS,Kotak Mahindra Bank,Private,342.6361083984375
2024-06-12,KOTAKBANK.NS,Kotak Mahindra Bank,Private,341.7894592285156
2024-06-13,KOTAKBANK.NS,Kotak Mahindra Bank,Private,343.9010314941406
2024-06-14,KOTAKBANK.NS,Kotak Mahindra Bank,Private,342.0783386230469
2024-06-18,KOTAKBANK.NS,Kotak Mahindra Bank,Private,342.5166015625
2024-06-19,KOTAKBANK.NS,Kotak Mahindra Bank,Private,347.9549255371094
2024-06-20,KOTAKBANK.NS,Kotak Mahindra Bank,Private,351.84942626953125
2024-06-21,KOTAKBANK.NS,Kotak Mahindra Bank,Private,353.72198486328125
2024-06-24,KOTAKBANK.NS,Kotak Mahindra Bank,Private,353.1044616699219
2024-06-25,KOTAKBANK.NS,Kotak Mahindra Bank,Private,354.967041015625
2024-06-26,KOTAKBANK.NS,Kotak Mahindra Bank,Private,358.2041320800781
2024-06-27,KOTAKBANK.NS,Kotak Mahindra Bank,Private,364.658447265625
2024-06-28,KOTAKBANK.NS,Kotak Mahindra Bank,Private,359.0706787109375
2024-07-01,KOTAKBANK.NS,Kotak Mahindra Bank,Private,360.1862487792969
2024-07-02,KOTAKBANK.NS,Kotak Mahindra Bank,Private,352.51678466796875
2024-07-03,KOTAKBANK.NS,Kotak Mahindra Bank,Private,360.7042236328125
2024-07-04,KOTAKBANK.NS,Kotak Mahindra Bank,Private,365.3157958984375
2024-07-05,KOTAKBANK.NS,Kotak Mahindra Bank,Private,369.0709228515625
2024-07-08,KOTAKBANK.NS,Kotak Mahindra Bank,Private,369.1705017089844
2024-07-09,KOTAKBANK.NS,Kotak Mahindra Bank,Private,368.1047668457031
2024-07-10,KOTAKBANK.NS,Kotak Mahindra Bank,Private,364.51904296875
2024-07-11,KOTAKBANK.NS,Kotak Mahindra Bank,Private,367.4373779296875
2024-07-12,KOTAKBANK.NS,Kotak Mahindra Bank,Private,365.11663818359375
2024-07-15,KOTAKBANK.NS,Kotak Mahindra Bank,Private,367.2481384277344
2024-07-16,KOTAKBANK.NS,Kotak Mahindra Bank,Private,359.62847900390625
2024-07-18,KOTAKBANK.NS,Kotak Mahindra Bank,Private,363.9014892578125
2024-07-19,KOTAKBANK.NS,Kotak Mahindra Bank,Private,363.2732849121094
2024-07-22,KOTAKBANK.NS,Kotak Mahindra Bank,Private,350.5000915527344
2024-07-23,KOTAKBANK.NS,Kotak Mahindra Bank,Private,352.7635498046875
2024-07-24,KOTAKBANK.NS,Kotak Mahindra Bank,Private,348.2366027832031
2024-07-25,KOTAKBANK.NS,Kotak Mahindra Bank,Private,354.0099792480469
2024-07-26,KOTAKBANK.NS,Kotak Mahindra Bank,Private,361.72772216796875
2024-07-29,KOTAKBANK.NS,Kotak Mahindra Bank,Private,357.7491760253906
2024-07-30,KOTAKBANK.NS,Kotak Mahindra Bank,Private,356.19366455078125
2024-07-31,KOTAKBANK.NS,Kotak Mahindra Bank,Private,360.5411376953125
2024-08-01,KOTAKBANK.NS,Kotak Mahindra Bank,Private,357.4999084472656
2024-08-02,KOTAKBANK.NS,Kotak Mahindra Bank,Private,359.6536865234375
2024-08-05,KOTAKBANK.NS,Kotak Mahindra Bank,Private,353.7108459472656
2024-08-06,KOTAKBANK.NS,Kotak Mahindra Bank,Private,353.09259033203125
2024-08-07,KOTAKBANK.NS,Kotak Mahindra Bank,Private,354.2891540527344
2024-08-08,KOTAKBANK.NS,Kotak Mahindra Bank,Private,353.5313415527344
2024-08-09,KOTAKBANK.NS,Kotak Mahindra Bank,Private,352.9131164550781
2024-08-12,KOTAKBANK.NS,Kotak Mahindra Bank,Private,353.491455078125
2024-08-13,KOTAKBANK.NS,Kotak Mahindra Bank,Private,349.40325927734375
2024-08-14,KOTAKBANK.NS,Kotak Mahindra Bank,Private,348.57562255859375
2024-08-16,KOTAKBANK.NS,Kotak Mahindra Bank,Private,354.438720703125
2024-08-19,KOTAKBANK.NS,Kotak Mahindra Bank,Private,355.24639892578125
2024-08-20,KOTAKBANK.NS,Kotak Mahindra Bank,Private,360.0924377441406
2024-08-21,KOTAKBANK.NS,Kotak Mahindra Bank,Private,361.5482482910156
2024-08-22,KOTAKBANK.NS,Kotak Mahindra Bank,Private,363.2532958984375
2024-08-23,KOTAKBANK.NS,Kotak Mahindra Bank,Private,362.55535888671875
2024-08-26,KOTAKBANK.NS,Kotak Mahindra Bank,Private,361.45849609375
2024-08-27,KOTAKBANK.NS,Kotak Mahindra Bank,Private,359.6337585449219
2024-08-28,KOTAKBANK.NS,Kotak Mahindra Bank,Private,357.2306823730469
2024-08-29,KOTAKBANK.NS,Kotak Mahindra Bank,Private,354.42877197265625
2024-08-30,KOTAKBANK.NS,Kotak Mahindra Bank,Private,355.13671875
2024-09-02,KOTAKBANK.NS,Kotak Mahindra Bank,Private,355.0270080566406
2024-09-03,KOTAKBANK.NS,Kotak Mahindra Bank,Private,355.7349853515625
2024-09-04,KOTAKBANK.NS,Kotak Mahindra Bank,Private,355.7349853515625
2024-09-05,KOTAKBANK.NS,Kotak Mahindra Bank,Private,354.5683288574219
2024-09-06,KOTAKBANK.NS,Kotak Mahindra Bank,Private,351.8162536621094
2024-09-09,KOTAKBANK.NS,Kotak Mahindra Bank,Private,357.0013427734375
2024-09-10,KOTAKBANK.NS,Kotak Mahindra Bank,Private,357.29052734375
2024-09-11,KOTAKBANK.NS,Kotak Mahindra Bank,Private,356.8218688964844
2024-09-12,KOTAKBANK.NS,Kotak Mahindra Bank,Private,364.4399108886719
2024-09-13,KOTAKBANK.NS,Kotak Mahindra Bank,Private,363.02398681640625
2024-09-16,KOTAKBANK.NS,Kotak Mahindra Bank,Private,365.2077331542969
2024-09-17,KOTAKBANK.NS,Kotak Mahindra Bank,Private,368.26885986328125
2024-09-18,KOTAKBANK.NS,Kotak Mahindra Bank,Private,366.88287353515625
2024-09-19,KOTAKBANK.NS,Kotak Mahindra Bank,Private,373.3143310546875
2024-09-20,KOTAKBANK.NS,Kotak Mahindra Bank,Private,379.8056335449219
2024-09-23,KOTAKBANK.NS,Kotak Mahindra Bank,Private,385.8282775878906
2024-09-24,KOTAKBANK.NS,Kotak Mahindra Bank,Private,381.83978271484375
2024-09-25,KOTAKBANK.NS,Kotak Mahindra Bank,Private,378.4993896484375
2024-09-26,KOTAKBANK.NS,Kotak Mahindra Bank,Private,379.3669128417969
2024-09-27,KOTAKBANK.NS,Kotak Mahindra Bank,Private,373.4140319824219
2024-09-30,KOTAKBANK.NS,Kotak Mahindra Bank,Private,369.7247009277344
2024-10-01,KOTAKBANK.NS,Kotak Mahindra Bank,Private,374.800048828125
2024-10-03,KOTAKBANK.NS,Kotak Mahindra Bank,Private,363.5126037597656
2024-10-04,KOTAKBANK.NS,Kotak Mahindra Bank,Private,360.760498046875
2024-10-07,KOTAKBANK.NS,Kotak Mahindra Bank,Private,357.0212707519531
2024-10-08,KOTAKBANK.NS,Kotak Mahindra Bank,Private,359.64373779296875
2024-10-09,KOTAKBANK.NS,Kotak Mahindra Bank,Private,359.1252136230469
2024-10-10,KOTAKBANK.NS,Kotak Mahindra Bank,Private,374.1419677734375
2024-10-11,KOTAKBANK.NS,Kotak Mahindra Bank,Private,375.3983459472656
2024-10-14,KOTAKBANK.NS,Kotak Mahindra Bank,Private,381.0620422363281
2024-10-15,KOTAKBANK.NS,Kotak Mahindra Bank,Private,377.95098876953125
2024-10-16,KOTAKBANK.NS,Kotak Mahindra Bank,Private,374.1918029785156
2024-10-17,KOTAKBANK.NS,Kotak Mahindra Bank,Private,371.7388916015625
2024-10-18,KOTAKBANK.NS,Kotak Mahindra Bank,Private,373.1348571777344
2024-10-21,KOTAKBANK.NS,Kotak Mahindra Bank,Private,356.8118896484375
2024-10-22,KOTAKBANK.NS,Kotak Mahindra Bank,Private,351.6168518066406
2024-10-23,KOTAKBANK.NS,Kotak Mahindra Bank,Private,352.544189453125
2024-10-24,KOTAKBANK.NS,Kotak Mahindra Bank,Private,351.4273986816406
2024-10-25,KOTAKBANK.NS,Kotak Mahindra Bank,Private,352.7535705566406
2024-10-28,KOTAKBANK.NS,Kotak Mahindra Bank,Private,348.9645080566406
2024-10-29,KOTAKBANK.NS,Kotak Mahindra Bank,Private,351.028564453125
2024-10-30,KOTAKBANK.NS,Kotak Mahindra Bank,Private,345.92327880859375
2024-10-31,KOTAKBANK.NS,Kotak Mahindra Bank,Private,345.2252502441406
2024-11-01,KOTAKBANK.NS,Kotak Mahindra Bank,Private,347.87762451171875
2024-11-04,KOTAKBANK.NS,Kotak Mahindra Bank,Private,344.87628173828125
2024-11-05,KOTAKBANK.NS,Kotak Mahindra Bank,Private,350.4202880859375
2024-11-06,KOTAKBANK.NS,Kotak Mahindra Bank,Private,351.5071716308594
2024-11-07,KOTAKBANK.NS,Kotak Mahindra Bank,Private,348.3761901855469
2024-11-08,KOTAKBANK.NS,Kotak Mahindra Bank,Private,348.1568298339844
2024-11-11,KOTAKBANK.NS,Kotak Mahindra Bank,Private,347.7978515625
2024-11-12,KOTAKBANK.NS,Kotak Mahindra Bank,Private,343.2908630371094
2024-11-13,KOTAKBANK.NS,Kotak Mahindra Bank,Private,336.6001281738281
2024-11-14,KOTAKBANK.NS,Kotak Mahindra Bank,Private,340.59857177734375
2024-11-18,KOTAKBANK.NS,Kotak Mahindra Bank,Private,343.56005859375
2024-11-19,KOTAKBANK.NS,Kotak Mahindra Bank,Private,344.55718994140625
2024-11-21,KOTAKBANK.NS,Kotak Mahindra Bank,Private,346.4218444824219
2024-11-22,KOTAKBANK.NS,Kotak Mahindra Bank,Private,351.2778625488281
2024-11-25,KOTAKBANK.NS,Kotak Mahindra Bank,Private,357.1210021972656
2024-11-26,KOTAKBANK.NS,Kotak Mahindra Bank,Private,355.6950988769531
2024-11-27,KOTAKBANK.NS,Kotak Mahindra Bank,Private,355.6153564453125
2024-11-28,KOTAKBANK.NS,Kotak Mahindra Bank,Private,350.8291320800781
2024-11-29,KOTAKBANK.NS,Kotak Mahindra Bank,Private,352.03564453125
2024-12-02,KOTAKBANK.NS,Kotak Mahindra Bank,Private,349.7821350097656
2024-12-03,KOTAKBANK.NS,Kotak Mahindra Bank,Private,348.9744873046875
2024-12-04,KOTAKBANK.NS,Kotak Mahindra Bank,Private,350.4901123046875
2024-12-05,KOTAKBANK.NS,Kotak Mahindra Bank,Private,354.0099792480469
2024-12-06,KOTAKBANK.NS,Kotak Mahindra Bank,Private,354.3689270019531
2024-12-09,KOTAKBANK.NS,Kotak Mahindra Bank,Private,356.22357177734375
2024-12-10,KOTAKBANK.NS,Kotak Mahindra Bank,Private,357.9087219238281
2024-12-11,KOTAKBANK.NS,Kotak Mahindra Bank,Private,357.9087219238281
2024-12-12,KOTAKBANK.NS,Kotak Mahindra Bank,Private,352.7236633300781
2024-12-13,KOTAKBANK.NS,Kotak Mahindra Bank,Private,360.0924377441406
2024-12-16,KOTAKBANK.NS,Kotak Mahindra Bank,Private,359.8531494140625
2024-12-17,KOTAKBANK.NS,Kotak Mahindra Bank,Private,355.78485107421875
2024-12-18,KOTAKBANK.NS,Kotak Mahindra Bank,Private,354.9771728515625
2024-12-19,KOTAKBANK.NS,Kotak Mahindra Bank,Private,351.407470703125
2024-12-20,KOTAKBANK.NS,Kotak Mahindra Bank,Private,347.7081298828125
2024-12-23,KOTAKBANK.NS,Kotak Mahindra Bank,Private,348.06707763671875
2024-12-24,KOTAKBANK.NS,Kotak Mahindra Bank,Private,348.8049621582031
2024-12-26,KOTAKBANK.NS,Kotak Mahindra Bank,Private,349.55279541015625
2024-12-27,KOTAKBANK.NS,Kotak Mahindra Bank,Private,350.9687194824219
2024-12-30,KOTAKBANK.NS,Kotak Mahindra Bank,Private,347.1397705078125
2024-12-31,KOTAKBANK.NS,Kotak Mahindra Bank,Private,356.1836853027344
2025-01-01,KOTAKBANK.NS,Kotak Mahindra Bank,Private,356.65234375
2025-01-02,KOTAKBANK.NS,Kotak Mahindra Bank,Private,366.37432861328125
2025-01-03,KOTAKBANK.NS,Kotak Mahindra Bank,Private,366.6734924316406
2025-01-06,KOTAKBANK.NS,Kotak Mahindra Bank,Private,354.9073791503906
2025-01-07,KOTAKBANK.NS,Kotak Mahindra Bank,Private,353.3917541503906
2025-01-08,KOTAKBANK.NS,Kotak Mahindra Bank,Private,352.7137145996094
2025-01-09,KOTAKBANK.NS,Kotak Mahindra Bank,Private,357.0113220214844
2025-01-10,KOTAKBANK.NS,Kotak Mahindra Bank,Private,350.2308349609375
2025-01-13,KOTAKBANK.NS,Kotak Mahindra Bank,Private,346.6810607910156
2025-01-14,KOTAKBANK.NS,Kotak Mahindra Bank,Private,349.11407470703125
2025-01-15,KOTAKBANK.NS,Kotak Mahindra Bank,Private,356.8916931152344
2025-01-16,KOTAKBANK.NS,Kotak Mahindra Bank,Private,360.0724792480469
2025-01-17,KOTAKBANK.NS,Kotak Mahindra Bank,Private,350.70947265625
2025-01-20,KOTAKBANK.NS,Kotak Mahindra Bank,Private,382.9964294433594
2025-01-21,KOTAKBANK.NS,Kotak Mahindra Bank,Private,377.5720520019531
2025-01-22,KOTAKBANK.NS,Kotak Mahindra Bank,Private,382.3981628417969
2025-01-23,KOTAKBANK.NS,Kotak Mahindra Bank,Private,377.8811950683594
2025-01-24,KOTAKBANK.NS,Kotak Mahindra Bank,Private,376.1561584472656
2025-01-27,KOTAKBANK.NS,Kotak Mahindra Bank,Private,375.19891357421875
2025-01-28,KOTAKBANK.NS,Kotak Mahindra Bank,Private,376.4652404785156
2025-01-29,KOTAKBANK.NS,Kotak Mahindra Bank,Private,382.966552734375
2025-01-30,KOTAKBANK.NS,Kotak Mahindra Bank,Private,379.2073669433594
2025-01-31,KOTAKBANK.NS,Kotak Mahindra Bank,Private,379.16748046875
2025-02-01,KOTAKBANK.NS,Kotak Mahindra Bank,Private,379.5264587402344
2025-02-03,KOTAKBANK.NS,Kotak Mahindra Bank,Private,375.817138671875
2025-02-04,KOTAKBANK.NS,Kotak Mahindra Bank,Private,384.59185791015625
2025-02-05,KOTAKBANK.NS,Kotak Mahindra Bank,Private,381.25146484375
2025-02-06,KOTAKBANK.NS,Kotak Mahindra Bank,Private,382.08905029296875
2025-02-07,KOTAKBANK.NS,Kotak Mahindra Bank,Private,384.7414245605469
2025-02-10,KOTAKBANK.NS,Kotak Mahindra Bank,Private,390.9036560058594
2025-02-11,KOTAKBANK.NS,Kotak Mahindra Bank,Private,382.6175537109375
2025-02-12,KOTAKBANK.NS,Kotak Mahindra Bank,Private,387.6729736328125
2025-02-13,KOTAKBANK.NS,Kotak Mahindra Bank,Private,393.4263610839844
2025-02-14,KOTAKBANK.NS,Kotak Mahindra Bank,Private,389.3581237792969
2025-02-17,KOTAKBANK.NS,Kotak Mahindra Bank,Private,387.94219970703125
2025-02-18,KOTAKBANK.NS,Kotak Mahindra Bank,Private,391.5418395996094
2025-02-19,KOTAKBANK.NS,Kotak Mahindra Bank,Private,395.859375
2025-02-20,KOTAKBANK.NS,Kotak Mahindra Bank,Private,392.9776611328125
2025-02-21,KOTAKBANK.NS,Kotak Mahindra Bank,Private,389.4877014160156
2025-02-24,KOTAKBANK.NS,Kotak Mahindra Bank,Private,392.0902404785156
2025-02-25,KOTAKBANK.NS,Kotak Mahindra Bank,Private,392.319580078125
2025-02-27,KOTAKBANK.NS,Kotak Mahindra Bank,Private,388.39093017578125
2025-02-28,KOTAKBANK.NS,Kotak Mahindra Bank,Private,379.49652099609375
2025-03-03,KOTAKBANK.NS,Kotak Mahindra Bank,Private,381.8198547363281
2025-03-04,KOTAKBANK.NS,Kotak Mahindra Bank,Private,380.4637451171875
2025-03-05,KOTAKBANK.NS,Kotak Mahindra Bank,Private,385.50921630859375
2025-03-06,KOTAKBANK.NS,Kotak Mahindra Bank,Private,383.2357482910156
2025-03-07,KOTAKBANK.NS,Kotak Mahindra Bank,Private,385.9678649902344
2025-03-10,KOTAKBANK.NS,Kotak Mahindra Bank,Private,383.2457275390625
2025-03-11,KOTAKBANK.NS,Kotak Mahindra Bank,Private,385.9280090332031
2025-03-12,KOTAKBANK.NS,Kotak Mahindra Bank,Private,395.37078857421875
2025-03-13,KOTAKBANK.NS,Kotak Mahindra Bank,Private,395.8793029785156
2025-03-17,KOTAKBANK.NS,Kotak Mahindra Bank,Private,397.4747009277344
2025-03-18,KOTAKBANK.NS,Kotak Mahindra Bank,Private,397.4747009277344
2025-03-19,KOTAKBANK.NS,Kotak Mahindra Bank,Private,403.14837646484375
2025-03-20,KOTAKBANK.NS,Kotak Mahindra Bank,Private,405.96026611328125
2025-03-21,KOTAKBANK.NS,Kotak Mahindra Bank,Private,414.6053466796875
2025-03-24,KOTAKBANK.NS,Kotak Mahindra Bank,Private,433.97955322265625
2025-03-25,KOTAKBANK.NS,Kotak Mahindra Bank,Private,432.7530822753906
2025-03-26,KOTAKBANK.NS,Kotak Mahindra Bank,Private,427.7475280761719
2025-03-27,KOTAKBANK.NS,Kotak Mahindra Bank,Private,424.5068359375
2025-03-28,KOTAKBANK.NS,Kotak Mahindra Bank,Private,432.99237060546875
2025-04-01,KOTAKBANK.NS,Kotak Mahindra Bank,Private,427.9468994140625
2025-04-02,KOTAKBANK.NS,Kotak Mahindra Bank,Private,429.68194580078125
2025-04-03,KOTAKBANK.NS,Kotak Mahindra Bank,Private,425.2945251464844
2025-04-04,KOTAKBANK.NS,Kotak Mahindra Bank,Private,425.1649475097656
2025-04-07,KOTAKBANK.NS,Kotak Mahindra Bank,Private,406.3990173339844
2025-04-08,KOTAKBANK.NS,Kotak Mahindra Bank,Private,409.84906005859375
2025-04-09,KOTAKBANK.NS,Kotak Mahindra Bank,Private,409.3604736328125
2025-04-11,KOTAKBANK.NS,Kotak Mahindra Bank,Private,421.02685546875
2025-04-15,KOTAKBANK.NS,Kotak Mahindra Bank,Private,422.82171630859375
2025-04-16,KOTAKBANK.NS,Kotak Mahindra Bank,Private,423.4598388671875
2025-04-17,KOTAKBANK.NS,Kotak Mahindra Bank,Private,436.3626708984375
2025-04-21,KOTAKBANK.NS,Kotak Mahindra Bank,Private,446.9920654296875
2025-04-22,KOTAKBANK.NS,Kotak Mahindra Bank,Private,452.456298828125
2025-04-23,KOTAKBANK.NS,Kotak Mahindra Bank,Private,444.12030029296875
2025-04-24,KOTAKBANK.NS,Kotak Mahindra Bank,Private,443.3226013183594
2025-04-25,KOTAKBANK.NS,Kotak Mahindra Bank,Private,439.61328125
2025-04-28,KOTAKBANK.NS,Kotak Mahindra Bank,Private,443.84112548828125
2025-04-29,KOTAKBANK.NS,Kotak Mahindra Bank,Private,439.73297119140625
2025-04-30,KOTAKBANK.NS,Kotak Mahindra Bank,Private,440.3511962890625
2025-05-02,KOTAKBANK.NS,Kotak Mahindra Bank,Private,435.08636474609375
2025-05-05,KOTAKBANK.NS,Kotak Mahindra Bank,Private,415.781982421875
2025-05-06,KOTAKBANK.NS,Kotak Mahindra Bank,Private,413.60821533203125
2025-05-07,KOTAKBANK.NS,Kotak Mahindra Bank,Private,417.7762145996094
2025-05-08,KOTAKBANK.NS,Kotak Mahindra Bank,Private,421.3060302734375
2025-05-09,KOTAKBANK.NS,Kotak Mahindra Bank,Private,419.4115295410156
2025-05-12,KOTAKBANK.NS,Kotak Mahindra Bank,Private,427.7674255371094
2025-05-13,KOTAKBANK.NS,Kotak Mahindra Bank,Private,421.9043273925781
2025-05-14,KOTAKBANK.NS,Kotak Mahindra Bank,Private,417.2776794433594
2025-05-15,KOTAKBANK.NS,Kotak Mahindra Bank,Private,420.0696105957031
2025-05-16,KOTAKBANK.NS,Kotak Mahindra Bank,Private,420.4285888671875
2025-05-19,KOTAKBANK.NS,Kotak Mahindra Bank,Private,421.02685546875
2025-05-20,KOTAKBANK.NS,Kotak Mahindra Bank,Private,416.8189697265625
2025-05-21,KOTAKBANK.NS,Kotak Mahindra Bank,Private,413.0697937011719
2025-05-22,KOTAKBANK.NS,Kotak Mahindra Bank,Private,411.97296142578125
2025-05-23,KOTAKBANK.NS,Kotak Mahindra Bank,Private,418.9528503417969
2025-05-26,KOTAKBANK.NS,Kotak Mahindra Bank,Private,416.6594543457031
2025-05-27,KOTAKBANK.NS,Kotak Mahindra Bank,Private,414.2862854003906
2025-05-28,KOTAKBANK.NS,Kotak Mahindra Bank,Private,413.6680603027344
2025-05-29,KOTAKBANK.NS,Kotak Mahindra Bank,Private,415.1238708496094
2025-05-30,KOTAKBANK.NS,Kotak Mahindra Bank,Private,413.7478332519531
2025-06-02,KOTAKBANK.NS,Kotak Mahindra Bank,Private,411.5342102050781
2025-06-03,KOTAKBANK.NS,Kotak Mahindra Bank,Private,407.7251892089844
2025-06-04,KOTAKBANK.NS,Kotak Mahindra Bank,Private,408.08416748046875
2025-06-05,KOTAKBANK.NS,Kotak Mahindra Bank,Private,406.8078308105469
2025-06-06,KOTAKBANK.NS,Kotak Mahindra Bank,Private,413.4885559082031
2025-06-09,KOTAKBANK.NS,Kotak Mahindra Bank,Private,426.4113464355469
2025-06-10,KOTAKBANK.NS,Kotak Mahindra Bank,Private,428.9839172363281
2025-06-11,KOTAKBANK.NS,Kotak Mahindra Bank,Private,427.8272705078125
2025-06-12,KOTAKBANK.NS,Kotak Mahindra Bank,Private,424.13787841796875
2025-06-13,KOTAKBANK.NS,Kotak Mahindra Bank,Private,420.26904296875
2025-06-16,KOTAKBANK.NS,Kotak Mahindra Bank,Private,426.57086181640625
2025-06-17,KOTAKBANK.NS,Kotak Mahindra Bank,Private,426.13214111328125
2025-06-18,KOTAKBANK.NS,Kotak Mahindra Bank,Private,425.25469970703125
2025-06-19,KOTAKBANK.NS,Kotak Mahindra Bank,Private,428.046630859375
2025-06-20,KOTAKBANK.NS,Kotak Mahindra Bank,Private,432.7131652832031
2025-06-23,KOTAKBANK.NS,Kotak Mahindra Bank,Private,435.5649719238281
2025-06-24,KOTAKBANK.NS,Kotak Mahindra Bank,Private,443.4422912597656
2025-06-25,KOTAKBANK.NS,Kotak Mahindra Bank,Private,438.39678955078125
2025-06-26,KOTAKBANK.NS,Kotak Mahindra Bank,Private,439.5135803222656
2025-06-27,KOTAKBANK.NS,Kotak Mahindra Bank,Private,440.311279296875
2025-06-30,KOTAKBANK.NS,Kotak Mahindra Bank,Private,431.4568176269531
2025-07-01,KOTAKBANK.NS,Kotak Mahindra Bank,Private,435.4652404785156
2025-07-02,KOTAKBANK.NS,Kotak Mahindra Bank,Private,432.5735778808594
2025-07-03,KOTAKBANK.NS,Kotak Mahindra Bank,Private,424.0980224609375
2025-07-04,KOTAKBANK.NS,Kotak Mahindra Bank,Private,424.7361755371094
2025-07-07,KOTAKBANK.NS,Kotak Mahindra Bank,Private,428.72467041015625
2025-07-08,KOTAKBANK.NS,Kotak Mahindra Bank,Private,443.6217346191406
2025-07-09,KOTAKBANK.NS,Kotak Mahindra Bank,Private,444.5789794921875
2025-07-10,KOTAKBANK.NS,Kotak Mahindra Bank,Private,439.49365234375
2025-07-11,KOTAKBANK.NS,Kotak Mahindra Bank,Private,442.8439636230469
2025-07-14,KOTAKBANK.NS,Kotak Mahindra Bank,Private,439.49365234375
2025-07-15,KOTAKBANK.NS,Kotak Mahindra Bank,Private,436.3626708984375
2025-07-16,KOTAKBANK.NS,Kotak Mahindra Bank,Private,434.627685546875
2025-07-17,KOTAKBANK.NS,Kotak Mahindra Bank,Private,432.9126281738281
2025-07-18,KOTAKBANK.NS,Kotak Mahindra Bank,Private,427.3621826171875
2025-07-21,KOTAKBANK.NS,Kotak Mahindra Bank,Private,432.2936706542969
2025-07-22,KOTAKBANK.NS,Kotak Mahindra Bank,Private,431.29541015625
2025-07-23,KOTAKBANK.NS,Kotak Mahindra Bank,Private,433.3318786621094
2025-07-24,KOTAKBANK.NS,Kotak Mahindra Bank,Private,427.681640625
2025-07-25,KOTAKBANK.NS,Kotak Mahindra Bank,Private,424.18768310546875
2025-07-28,KOTAKBANK.NS,Kotak Mahindra Bank,Private,392.6421203613281
2025-07-29,KOTAKBANK.NS,Kotak Mahindra Bank,Private,393.86004638671875
2025-07-30,KOTAKBANK.NS,Kotak Mahindra Bank,Private,391.2644958496094
2025-07-31,KOTAKBANK.NS,Kotak Mahindra Bank,Private,395.0379943847656
2025-08-01,KOTAKBANK.NS,Kotak Mahindra Bank,Private,397.7932434082031
2025-08-04,KOTAKBANK.NS,Kotak Mahindra Bank,Private,398.7116394042969
2025-08-05,KOTAKBANK.NS,Kotak Mahindra Bank,Private,399.9095764160156
2025-08-06,KOTAKBANK.NS,Kotak Mahindra Bank,Private,399.789794921875
2025-08-07,KOTAKBANK.NS,Kotak Mahindra Bank,Private,397.73333740234375
2025-08-08,KOTAKBANK.NS,Kotak Mahindra Bank,Private,389.8669128417969
2025-08-11,KOTAKBANK.NS,Kotak Mahindra Bank,Private,394.4989013671875
2025-08-12,KOTAKBANK.NS,Kotak Mahindra Bank,Private,391.1247253417969
2025-08-13,KOTAKBANK.NS,Kotak Mahindra Bank,Private,396.8548583984375
2025-08-14,KOTAKBANK.NS,Kotak Mahindra Bank,Private,394.9581298828125
2025-08-18,KOTAKBANK.NS,Kotak Mahindra Bank,Private,399.5901184082031
2025-08-19,KOTAKBANK.NS,Kotak Mahindra Bank,Private,405.2803039550781
2025-08-20,KOTAKBANK.NS,Kotak Mahindra Bank,Private,402.8045654296875
2025-08-21,KOTAKBANK.NS,Kotak Mahindra Bank,Private,402.8644714355469
2025-08-22,KOTAKBANK.NS,Kotak Mahindra Bank,Private,396.63525390625
2025-08-25,KOTAKBANK.NS,Kotak Mahindra Bank,Private,395.97637939453125
2025-08-26,KOTAKBANK.NS,Kotak Mahindra Bank,Private,392.46246337890625
2025-08-28,KOTAKBANK.NS,Kotak Mahindra Bank,Private,388.2696838378906
2025-08-29,KOTAKBANK.NS,Kotak Mahindra Bank,Private,391.3843078613281
2025-09-01,KOTAKBANK.NS,Kotak Mahindra Bank,Private,393.04144287109375
2025-09-02,KOTAKBANK.NS,Kotak Mahindra Bank,Private,387.8304443359375
2025-09-03,KOTAKBANK.NS,Kotak Mahindra Bank,Private,391.3643493652344
2025-09-04,KOTAKBANK.NS,Kotak Mahindra Bank,Private,389.2679443359375
2025-09-05,KOTAKBANK.NS,Kotak Mahindra Bank,Private,388.4294128417969
2025-09-08,KOTAKBANK.NS,Kotak Mahindra Bank,Private,389.3478088378906
2025-09-09,KOTAKBANK.NS,Kotak Mahindra Bank,Private,391.40423583984375
2025-09-10,KOTAKBANK.NS,Kotak Mahindra Bank,Private,393.9798278808594
2025-09-11,KOTAKBANK.NS,Kotak Mahindra Bank,Private,393.7801513671875
2025-09-12,KOTAKBANK.NS,Kotak Mahindra Bank,Private,393.7801513671875
2025-09-15,KOTAKBANK.NS,Kotak Mahindra Bank,Private,393.4806823730469
2025-09-16,KOTAKBANK.NS,Kotak Mahindra Bank,Private,403.64312744140625
2025-09-17,KOTAKBANK.NS,Kotak Mahindra Bank,Private,409.353271484375
2025-09-18,KOTAKBANK.NS,Kotak Mahindra Bank,Private,410.2117919921875
2025-09-19,KOTAKBANK.NS,Kotak Mahindra Bank,Private,405.49993896484375
2025-09-22,KOTAKBANK.NS,Kotak Mahindra Bank,Private,403.64312744140625
2025-09-23,KOTAKBANK.NS,Kotak Mahindra Bank,Private,408.83416748046875
2025-09-24,KOTAKBANK.NS,Kotak Mahindra Bank,Private,405.5598449707031
2025-09-25,KOTAKBANK.NS,Kotak Mahindra Bank,Private,402.0059814453125
2025-09-26,KOTAKBANK.NS,Kotak Mahindra Bank,Private,398.27239990234375
2025-09-29,KOTAKBANK.NS,Kotak Mahindra Bank,Private,397.6335144042969
2025-09-30,KOTAKBANK.NS,Kotak Mahindra Bank,Private,397.8531494140625
2025-10-01,KOTAKBANK.NS,Kotak Mahindra Bank,Private,411.94879150390625
2025-10-03,KOTAKBANK.NS,Kotak Mahindra Bank,Private,419.3759765625
2025-10-06,KOTAKBANK.NS,Kotak Mahindra Bank,Private,428.4602966308594
2025-10-07,KOTAKBANK.NS,Kotak Mahindra Bank,Private,424.6468811035156
2025-10-08,KOTAKBANK.NS,Kotak Mahindra Bank,Private,422.83001708984375
2025-10-09,KOTAKBANK.NS,Kotak Mahindra Bank,Private,428.1807861328125
2025-10-10,KOTAKBANK.NS,Kotak Mahindra Bank,Private,429.27886962890625
2025-10-13,KOTAKBANK.NS,Kotak Mahindra Bank,Private,429.6781921386719
2025-10-14,KOTAKBANK.NS,Kotak Mahindra Bank,Private,429.6182861328125
2025-10-15,KOTAKBANK.NS,Kotak Mahindra Bank,Private,429.1790466308594
2025-10-16,KOTAKBANK.NS,Kotak Mahindra Bank,Private,440.3197937011719
2025-10-17,KOTAKBANK.NS,Kotak Mahindra Bank,Private,440.3996887207031
2025-10-20,KOTAKBANK.NS,Kotak Mahindra Bank,Private,441.9969177246094
2025-10-21,KOTAKBANK.NS,Kotak Mahindra Bank,Private,438.6427001953125
2025-10-23,KOTAKBANK.NS,Kotak Mahindra Bank,Private,444.35284423828125
2025-10-24,KOTAKBANK.NS,Kotak Mahindra Bank,Private,436.6461486816406
2025-10-27,KOTAKBANK.NS,Kotak Mahindra Bank,Private,428.9794006347656
2025-10-28,KOTAKBANK.NS,Kotak Mahindra Bank,Private,431.4151916503906
2025-10-29,KOTAKBANK.NS,Kotak Mahindra Bank,Private,429.3587341308594
2025-10-30,KOTAKBANK.NS,Kotak Mahindra Bank,Private,426.70330810546875
2025-10-31,KOTAKBANK.NS,Kotak Mahindra Bank,Private,419.71539306640625
2025-11-03,KOTAKBANK.NS,Kotak Mahindra Bank,Private,421.97149658203125
2025-11-04,KOTAKBANK.NS,Kotak Mahindra Bank,Private,418.5973205566406
2025-11-06,KOTAKBANK.NS,Kotak Mahindra Bank,Private,415.92193603515625
2025-11-07,KOTAKBANK.NS,Kotak Mahindra Bank,Private,416.940185546875
2025-11-10,KOTAKBANK.NS,Kotak Mahindra Bank,Private,417.81866455078125
2025-11-11,KOTAKBANK.NS,Kotak Mahindra Bank,Private,416.6606750488281
2025-11-12,KOTAKBANK.NS,Kotak Mahindra Bank,Private,416.1814880371094
2025-11-13,KOTAKBANK.NS,Kotak Mahindra Bank,Private,414.32470703125
2025-11-14,KOTAKBANK.NS,Kotak Mahindra Bank,Private,415.22314453125
2025-11-17,KOTAKBANK.NS,Kotak Mahindra Bank,Private,419.8551330566406
2025-11-18,KOTAKBANK.NS,Kotak Mahindra Bank,Private,417.8985290527344
2025-11-19,KOTAKBANK.NS,Kotak Mahindra Bank,Private,420.4541015625
2025-11-20,KOTAKBANK.NS,Kotak Mahindra Bank,Private,419.0165710449219
2025-11-21,KOTAKBANK.NS,Kotak Mahindra Bank,Private,416.84033203125
2025-11-24,KOTAKBANK.NS,Kotak Mahindra Bank,Private,416.7405090332031
2025-11-25,KOTAKBANK.NS,Kotak Mahindra Bank,Private,413.26654052734375
2025-11-26,KOTAKBANK.NS,Kotak Mahindra Bank,Private,420.03485107421875
2025-11-27,KOTAKBANK.NS,Kotak Mahindra Bank,Private,421.3126220703125
2025-11-28,KOTAKBANK.NS,Kotak Mahindra Bank,Private,424.1477355957031
2025-12-01,KOTAKBANK.NS,Kotak Mahindra Bank,Private,428.77972412109375
2025-12-02,KOTAKBANK.NS,Kotak Mahindra Bank,Private,427.7415466308594
2025-12-03,KOTAKBANK.NS,Kotak Mahindra Bank,Private,428.4802551269531
2025-12-04,KOTAKBANK.NS,Kotak Mahindra Bank,Private,426.34393310546875
2025-12-05,KOTAKBANK.NS,Kotak Mahindra Bank,Private,430.23724365234375
2025-12-08,KOTAKBANK.NS,Kotak Mahindra Bank,Private,425.58526611328125
2025-12-09,KOTAKBANK.NS,Kotak Mahindra Bank,Private,424.8066101074219
2025-12-10,KOTAKBANK.NS,Kotak Mahindra Bank,Private,425.16595458984375
2025-12-11,KOTAKBANK.NS,Kotak Mahindra Bank,Private,435.28851318359375
2025-12-12,KOTAKBANK.NS,Kotak Mahindra Bank,Private,434.5697326660156
2025-12-15,KOTAKBANK.NS,Kotak Mahindra Bank,Private,435.50811767578125
2025-12-16,KOTAKBANK.NS,Kotak Mahindra Bank,Private,435.7277526855469
2025-12-17,KOTAKBANK.NS,Kotak Mahindra Bank,Private,433.89093017578125
2025-12-18,KOTAKBANK.NS,Kotak Mahindra Bank,Private,432.17388916015625
2025-12-19,KOTAKBANK.NS,Kotak Mahindra Bank,Private,431.1556396484375
2025-12-22,KOTAKBANK.NS,Kotak Mahindra Bank,Private,429.1990051269531
2025-12-23,KOTAKBANK.NS,Kotak Mahindra Bank,Private,431.7945251464844
2025-12-24,KOTAKBANK.NS,Kotak Mahindra Bank,Private,431.9941711425781
2025-12-26,KOTAKBANK.NS,Kotak Mahindra Bank,Private,432.0940246582031
2025-12-29,KOTAKBANK.NS,Kotak Mahindra Bank,Private,430.9759521484375
2025-12-30,KOTAKBANK.NS,Kotak Mahindra Bank,Private,429.7979736328125
2025-12-31,KOTAKBANK.NS,Kotak Mahindra Bank,Private,439.4613037109375
2026-01-01,KOTAKBANK.NS,Kotak Mahindra Bank,Private,442.7955322265625
2026-01-02,KOTAKBANK.NS,Kotak Mahindra Bank,Private,438.26336669921875
2026-01-05,KOTAKBANK.NS,Kotak Mahindra Bank,Private,437.4248046875
2026-01-06,KOTAKBANK.NS,Kotak Mahindra Bank,Private,428.5401611328125
2026-01-07,KOTAKBANK.NS,Kotak Mahindra Bank,Private,428.06097412109375
2026-01-08,KOTAKBANK.NS,Kotak Mahindra Bank,Private,425.8647766113281
2026-01-09,KOTAKBANK.NS,Kotak Mahindra Bank,Private,424.62689208984375
2026-01-12,KOTAKBANK.NS,Kotak Mahindra Bank,Private,425.9246826171875
2026-01-13,KOTAKBANK.NS,Kotak Mahindra Bank,Private,425.7848815917969
2026-01-14,KOTAKBANK.NS,Kotak Mahindra Bank,Private,420.2744140625
2026-01-15,KOTAKBANK.NS,Kotak Mahindra Bank,Private,420.2744140625
2026-01-16,KOTAKBANK.NS,Kotak Mahindra Bank,Private,417.479248046875
2026-01-19,KOTAKBANK.NS,Kotak Mahindra Bank,Private,426.16424560546875
2026-01-20,KOTAKBANK.NS,Kotak Mahindra Bank,Private,423.069580078125
2026-01-21,KOTAKBANK.NS,Kotak Mahindra Bank,Private,420.8733825683594
2026-01-22,KOTAKBANK.NS,Kotak Mahindra Bank,Private,425.26580810546875
2026-01-23,KOTAKBANK.NS,Kotak Mahindra Bank,Private,422.0713195800781
2026-01-27,KOTAKBANK.NS,Kotak Mahindra Bank,Private,407.9956359863281
2026-01-28,KOTAKBANK.NS,Kotak Mahindra Bank,Private,411.6892395019531
2026-01-29,KOTAKBANK.NS,Kotak Mahindra Bank,Private,411.6892395019531
2026-01-30,KOTAKBANK.NS,Kotak Mahindra Bank,Private,407.29681396484375
2026-02-02,KOTAKBANK.NS,Kotak Mahindra Bank,Private,407.4964904785156
2026-02-03,KOTAKBANK.NS,Kotak Mahindra Bank,Private,415.0833740234375
2026-02-04,KOTAKBANK.NS,Kotak Mahindra Bank,Private,411.63934326171875
2026-02-05,KOTAKBANK.NS,Kotak Mahindra Bank,Private,408.0455322265625
2026-02-06,KOTAKBANK.NS,Kotak Mahindra Bank,Private,421.6221008300781
2026-02-09,KOTAKBANK.NS,Kotak Mahindra Bank,Private,428.06097412109375
2026-02-10,KOTAKBANK.NS,Kotak Mahindra Bank,Private,428.5600891113281
2026-02-11,KOTAKBANK.NS,Kotak Mahindra Bank,Private,428.8096618652344
2026-02-12,KOTAKBANK.NS,Kotak Mahindra Bank,Private,425.515380859375
2026-02-13,KOTAKBANK.NS,Kotak Mahindra Bank,Private,419.9250183105469
2026-02-16,KOTAKBANK.NS,Kotak Mahindra Bank,Private,424.8664855957031
2026-02-17,KOTAKBANK.NS,Kotak Mahindra Bank,Private,423.7184753417969
2026-02-18,KOTAKBANK.NS,Kotak Mahindra Bank,Private,425.6152038574219
2026-02-19,KOTAKBANK.NS,Kotak Mahindra Bank,Private,415.6823425292969
2026-02-20,KOTAKBANK.NS,Kotak Mahindra Bank,Private,420.6238098144531
2026-02-23,KOTAKBANK.NS,Kotak Mahindra Bank,Private,429.95770263671875
2026-02-24,KOTAKBANK.NS,Kotak Mahindra Bank,Private,426.962890625
2026-02-25,KOTAKBANK.NS,Kotak Mahindra Bank,Private,424.2176208496094
2026-02-26,KOTAKBANK.NS,Kotak Mahindra Bank,Private,423.81829833984375
2026-02-27,KOTAKBANK.NS,Kotak Mahindra Bank,Private,414.48443603515625
2026-03-02,KOTAKBANK.NS,Kotak Mahindra Bank,Private,412.3880310058594
2026-03-04,KOTAKBANK.NS,Kotak Mahindra Bank,Private,402.65484619140625
2026-03-05,KOTAKBANK.NS,Kotak Mahindra Bank,Private,406.5980224609375
2026-03-06,KOTAKBANK.NS,Kotak Mahindra Bank,Private,399.1109313964844
2026-03-09,KOTAKBANK.NS,Kotak Mahindra Bank,Private,385.68414306640625
2026-03-10,KOTAKBANK.NS,Kotak Mahindra Bank,Private,391.1746520996094
2026-03-11,KOTAKBANK.NS,Kotak Mahindra Bank,Private,382.5395812988281
2026-03-12,KOTAKBANK.NS,Kotak Mahindra Bank,Private,374.6531677246094
2026-03-13,KOTAKBANK.NS,Kotak Mahindra Bank,Private,366.2177429199219
2026-03-16,KOTAKBANK.NS,Kotak Mahindra Bank,Private,369.21258544921875
2026-03-17,KOTAKBANK.NS,Kotak Mahindra Bank,Private,373.5550842285156
2026-03-18,KOTAKBANK.NS,Kotak Mahindra Bank,Private,374.75299072265625
2026-03-19,KOTAKBANK.NS,Kotak Mahindra Bank,Private,367.5155029296875
2026-03-20,KOTAKBANK.NS,Kotak Mahindra Bank,Private,366.117919921875
2026-03-23,KOTAKBANK.NS,Kotak Mahindra Bank,Private,355.93548583984375
2026-03-24,KOTAKBANK.NS,Kotak Mahindra Bank,Private,366.2177429199219
2026-03-25,KOTAKBANK.NS,Kotak Mahindra Bank,Private,370.4604187011719
2026-03-27,KOTAKBANK.NS,Kotak Mahindra Bank,Private,365.5189514160156
2026-03-30,KOTAKBANK.NS,Kotak Mahindra Bank,Private,352.7909240722656
2026-04-01,KOTAKBANK.NS,Kotak Mahindra Bank,Private,355.43634033203125
2026-04-02,KOTAKBANK.NS,Kotak Mahindra Bank,Private,357.38299560546875
2026-04-06,KOTAKBANK.NS,Kotak Mahindra Bank,Private,359.9285888671875
2026-04-07,KOTAKBANK.NS,Kotak Mahindra Bank,Private,362.3244934082031
2026-04-08,KOTAKBANK.NS,Kotak Mahindra Bank,Private,379.49481201171875
2026-04-09,KOTAKBANK.NS,Kotak Mahindra Bank,Private,371.259033203125
2026-04-10,KOTAKBANK.NS,Kotak Mahindra Bank,Private,373.9044494628906
2026-04-13,KOTAKBANK.NS,Kotak Mahindra Bank,Private,371.259033203125
2026-04-15,KOTAKBANK.NS,Kotak Mahindra Bank,Private,381.7409362792969
2026-04-16,KOTAKBANK.NS,Kotak Mahindra Bank,Private,378.4965515136719
2026-04-17,KOTAKBANK.NS,Kotak Mahindra Bank,Private,382.9388732910156
2026-04-20,KOTAKBANK.NS,Kotak Mahindra Bank,Private,378.5464782714844
2026-04-21,KOTAKBANK.NS,Kotak Mahindra Bank,Private,381.4913635253906
2026-04-22,KOTAKBANK.NS,Kotak Mahindra Bank,Private,376.2005310058594
2026-04-23,KOTAKBANK.NS,Kotak Mahindra Bank,Private,369.7616271972656
2026-04-24,KOTAKBANK.NS,Kotak Mahindra Bank,Private,370.2108459472656
2026-04-27,KOTAKBANK.NS,Kotak Mahindra Bank,Private,376.15057373046875
2026-04-28,KOTAKBANK.NS,Kotak Mahindra Bank,Private,377.2986145019531
2026-04-29,KOTAKBANK.NS,Kotak Mahindra Bank,Private,381.3416442871094
2026-04-30,KOTAKBANK.NS,Kotak Mahindra Bank,Private,382.6393737792969
2026-05-01,KOTAKBANK.NS,Kotak Mahindra Bank,Private,382.6393737792969
2026-05-04,KOTAKBANK.NS,Kotak Mahindra Bank,Private,371.00946044921875
2026-05-05,KOTAKBANK.NS,Kotak Mahindra Bank,Private,370.7099914550781
2026-05-06,KOTAKBANK.NS,Kotak Mahindra Bank,Private,375.9509582519531
2026-05-07,KOTAKBANK.NS,Kotak Mahindra Bank,Private,378.7461242675781
2026-05-08,KOTAKBANK.NS,Kotak Mahindra Bank,Private,380.1436767578125
2026-05-11,KOTAKBANK.NS,Kotak Mahindra Bank,Private,380.39324951171875
2026-05-12,KOTAKBANK.NS,Kotak Mahindra Bank,Private,375.35198974609375
2026-05-13,KOTAKBANK.NS,Kotak Mahindra Bank,Private,376.9991149902344
2026-05-14,KOTAKBANK.NS,Kotak Mahindra Bank,Private,382.5395812988281
2026-05-15,KOTAKBANK.NS,Kotak Mahindra Bank,Private,386.3829345703125
2026-05-18,KOTAKBANK.NS,Kotak Mahindra Bank,Private,391.1247253417969
2026-05-19,KOTAKBANK.NS,Kotak Mahindra Bank,Private,381.291748046875
2026-05-20,KOTAKBANK.NS,Kotak Mahindra Bank,Private,382.5395812988281
2026-05-21,KOTAKBANK.NS,Kotak Mahindra Bank,Private,380.1936340332031
2026-05-22,KOTAKBANK.NS,Kotak Mahindra Bank,Private,383.4879150390625
2026-05-25,KOTAKBANK.NS,Kotak Mahindra Bank,Private,392.1729431152344
2026-05-26,KOTAKBANK.NS,Kotak Mahindra Bank,Private,387.98016357421875
2026-05-27,KOTAKBANK.NS,Kotak Mahindra Bank,Private,388.03009033203125
2026-05-28,KOTAKBANK.NS,Kotak Mahindra Bank,Private,388.03009033203125
2026-05-29,KOTAKBANK.NS,Kotak Mahindra Bank,Private,383.537841796875
2026-06-01,KOTAKBANK.NS,Kotak Mahindra Bank,Private,376.7495422363281
2026-06-02,KOTAKBANK.NS,Kotak Mahindra Bank,Private,378.3966979980469
2026-06-03,KOTAKBANK.NS,Kotak Mahindra Bank,Private,380.3433532714844
2026-06-04,KOTAKBANK.NS,Kotak Mahindra Bank,Private,380.8424987792969
2026-06-05,KOTAKBANK.NS,Kotak Mahindra Bank,Private,376.79949951171875
2026-06-08,KOTAKBANK.NS,Kotak Mahindra Bank,Private,376.4500732421875
2026-06-09,KOTAKBANK.NS,Kotak Mahindra Bank,Private,381.04217529296875
2026-06-10,KOTAKBANK.NS,Kotak Mahindra Bank,Private,387.4311218261719
2026-06-11,KOTAKBANK.NS,Kotak Mahindra Bank,Private,392.6720886230469
2026-06-12,KOTAKBANK.NS,Kotak Mahindra Bank,Private,402.60491943359375
2026-06-15,KOTAKBANK.NS,Kotak Mahindra Bank,Private,405.0506896972656
2026-06-16,KOTAKBANK.NS,Kotak Mahindra Bank,Private,407.1470947265625
2026-06-17,KOTAKBANK.NS,Kotak Mahindra Bank,Private,403.8028564453125
2026-06-18,KOTAKBANK.NS,Kotak Mahindra Bank,Private,402.25555419921875
2026-06-19,KOTAKBANK.NS,Kotak Mahindra Bank,Private,398.5619201660156
2026-06-22,KOTAKBANK.NS,Kotak Mahindra Bank,Private,401.4569091796875
2026-06-23,KOTAKBANK.NS,Kotak Mahindra Bank,Private,400.957763671875
2026-06-24,KOTAKBANK.NS,Kotak Mahindra Bank,Private,405.2503662109375
2026-06-25,KOTAKBANK.NS,Kotak Mahindra Bank,Private,408.29510498046875
2026-06-26,KOTAKBANK.NS,Kotak Mahindra Bank,Private,408.29510498046875
2026-06-29,KOTAKBANK.NS,Kotak Mahindra Bank,Private,394.818359375
2026-06-30,KOTAKBANK.NS,Kotak Mahindra Bank,Private,391.573974609375
2026-07-01,KOTAKBANK.NS,Kotak Mahindra Bank,Private,399.7598571777344
2026-07-02,KOTAKBANK.NS,Kotak Mahindra Bank,Private,398.61181640625
2026-07-03,KOTAKBANK.NS,Kotak Mahindra Bank,Private,396.06622314453125
2026-07-06,KOTAKBANK.NS,Kotak Mahindra Bank,Private,380.642822265625
2026-07-07,KOTAKBANK.NS,Kotak Mahindra Bank,Private,381.04217529296875
2026-07-08,KOTAKBANK.NS,Kotak Mahindra Bank,Private,369.462158203125
2026-07-09,KOTAKBANK.NS,Kotak Mahindra Bank,Private,376.5
2026-07-10,KOTAKBANK.NS,Kotak Mahindra Bank,Private,376.94921875
2026-07-13,KOTAKBANK.NS,Kotak Mahindra Bank,Private,383.987060546875
2026-07-14,KOTAKBANK.NS,Kotak Mahindra Bank,Private,377.9974060058594
2026-07-15,KOTAKBANK.NS,Kotak Mahindra Bank,Private,377.7478332519531
2026-07-16,KOTAKBANK.NS,Kotak Mahindra Bank,Private,376.5
2026-07-17,KOTAKBANK.NS,Kotak Mahindra Bank,Private,389.95001220703125
2026-07-20,KOTAKBANK.NS,Kotak Mahindra Bank,Private,382.04998779296875
2026-07-21,KOTAKBANK.NS,Kotak Mahindra Bank,Private,385.95001220703125
2026-07-23,KOTAKBANK.NS,Kotak Mahindra Bank,Private,383.3500061035156
2026-07-24,KOTAKBANK.NS,Kotak Mahindra Bank,Private,384.75
2026-07-27,KOTAKBANK.NS,Kotak Mahindra Bank,Private,384.6499938964844
2026-07-28,KOTAKBANK.NS,Kotak Mahindra Bank,Private,385.29998779296875
2026-07-29,KOTAKBANK.NS,Kotak Mahindra Bank,Private,390.20001220703125
2026-07-30,KOTAKBANK.NS,Kotak Mahindra Bank,Private,389.3999938964844
2026-08-03,KOTAKBANK.NS,Kotak Mahindra Bank,Private,397.5
2026-08-04,KOTAKBANK.NS,Kotak Mahindra Bank,Private,398.0
2026-08-05,KOTAKBANK.NS,Kotak Mahindra Bank,Private,400.0
2026-08-06,KOTAKBANK.NS,Kotak Mahindra Bank,Private,394.0
2026-08-07,KOTAKBANK.NS,Kotak Mahindra Bank,Private,390.75
2026-08-10,KOTAKBANK.NS,Kotak Mahindra Bank,Private,393.5
2026-08-11,KOTAKBANK.NS,Kotak Mahindra Bank,Private,392.8999938964844
2026-08-12,KOTAKBANK.NS,Kotak Mahindra Bank,Private,390.5
2026-08-13,KOTAKBANK.NS,Kotak Mahindra Bank,Private,392.3999938964844
2026-08-14,KOTAKBANK.NS,Kotak Mahindra Bank,Private,391.1499938964844
2026-08-17,KOTAKBANK.NS,Kotak Mahindra Bank,Private,392.70001220703125
2026-08-18,KOTAKBANK.NS,Kotak Mahindra Bank,Private,387.6499938964844
2026-08-19,KOTAKBANK.NS,Kotak Mahindra Bank,Private,390.25
2026-08-20,KOTAKBANK.NS,Kotak Mahindra Bank,Private,397.3500061035156
2021-11-18,PAYTM.NS,One97 (Paytm),Fintech,1560.800048828125
2021-11-22,PAYTM.NS,One97 (Paytm),Fintech,1359.5999755859375
2021-11-23,PAYTM.NS,One97 (Paytm),Fintech,1494.699951171875
2021-11-24,PAYTM.NS,One97 (Paytm),Fintech,1752.449951171875
2021-11-25,PAYTM.NS,One97 (Paytm),Fintech,1798.75
2021-11-26,PAYTM.NS,One97 (Paytm),Fintech,1782.5999755859375
2021-11-29,PAYTM.NS,One97 (Paytm),Fintech,1736.449951171875
2021-11-30,PAYTM.NS,One97 (Paytm),Fintech,1699.5999755859375
2021-12-01,PAYTM.NS,One97 (Paytm),Fintech,1636.699951171875
2021-12-02,PAYTM.NS,One97 (Paytm),Fintech,1600.8499755859375
2021-12-03,PAYTM.NS,One97 (Paytm),Fintech,1648.3499755859375
2021-12-06,PAYTM.NS,One97 (Paytm),Fintech,1604.449951171875
2021-12-07,PAYTM.NS,One97 (Paytm),Fintech,1577.5
2021-12-08,PAYTM.NS,One97 (Paytm),Fintech,1553.4000244140625
2021-12-09,PAYTM.NS,One97 (Paytm),Fintech,1593.949951171875
2021-12-10,PAYTM.NS,One97 (Paytm),Fintech,1567.550048828125
2021-12-13,PAYTM.NS,One97 (Paytm),Fintech,1555.050048828125
2021-12-14,PAYTM.NS,One97 (Paytm),Fintech,1496.050048828125
2021-12-15,PAYTM.NS,One97 (Paytm),Fintech,1379.949951171875
2021-12-16,PAYTM.NS,One97 (Paytm),Fintech,1399.3499755859375
2021-12-17,PAYTM.NS,One97 (Paytm),Fintech,1321.0
2021-12-20,PAYTM.NS,One97 (Paytm),Fintech,1304.0
2021-12-21,PAYTM.NS,One97 (Paytm),Fintech,1311.449951171875
2021-12-22,PAYTM.NS,One97 (Paytm),Fintech,1342.199951171875
2021-12-23,PAYTM.NS,One97 (Paytm),Fintech,1348.800048828125
2021-12-24,PAYTM.NS,One97 (Paytm),Fintech,1369.550048828125
2021-12-27,PAYTM.NS,One97 (Paytm),Fintech,1344.949951171875
2021-12-28,PAYTM.NS,One97 (Paytm),Fintech,1353.5
2021-12-29,PAYTM.NS,One97 (Paytm),Fintech,1341.550048828125
2021-12-30,PAYTM.NS,One97 (Paytm),Fintech,1327.949951171875
2021-12-31,PAYTM.NS,One97 (Paytm),Fintech,1334.550048828125
2022-01-03,PAYTM.NS,One97 (Paytm),Fintech,1339.800048828125
2022-01-04,PAYTM.NS,One97 (Paytm),Fintech,1317.75
2022-01-05,PAYTM.NS,One97 (Paytm),Fintech,1288.3499755859375
2022-01-06,PAYTM.NS,One97 (Paytm),Fintech,1254.050048828125
2022-01-07,PAYTM.NS,One97 (Paytm),Fintech,1231.5999755859375
2022-01-10,PAYTM.NS,One97 (Paytm),Fintech,1158.050048828125
2022-01-11,PAYTM.NS,One97 (Paytm),Fintech,1119.6500244140625
2022-01-12,PAYTM.NS,One97 (Paytm),Fintech,1082.699951171875
2022-01-13,PAYTM.NS,One97 (Paytm),Fintech,1031.800048828125
2022-01-14,PAYTM.NS,One97 (Paytm),Fintech,1118.5999755859375
2022-01-17,PAYTM.NS,One97 (Paytm),Fintech,1105.300048828125
2022-01-18,PAYTM.NS,One97 (Paytm),Fintech,1041.6500244140625
2022-01-19,PAYTM.NS,One97 (Paytm),Fintech,997.3499755859375
2022-01-20,PAYTM.NS,One97 (Paytm),Fintech,995.3499755859375
2022-01-21,PAYTM.NS,One97 (Paytm),Fintech,960.2999877929688
2022-01-24,PAYTM.NS,One97 (Paytm),Fintech,917.4500122070312
2022-01-25,PAYTM.NS,One97 (Paytm),Fintech,914.7999877929688
2022-01-27,PAYTM.NS,One97 (Paytm),Fintech,893.7000122070312
2022-01-28,PAYTM.NS,One97 (Paytm),Fintech,903.0499877929688
2022-01-31,PAYTM.NS,One97 (Paytm),Fintech,916.8499755859375
2022-02-01,PAYTM.NS,One97 (Paytm),Fintech,965.5999755859375
2022-02-02,PAYTM.NS,One97 (Paytm),Fintech,957.0999755859375
2022-02-03,PAYTM.NS,One97 (Paytm),Fintech,944.5
2022-02-04,PAYTM.NS,One97 (Paytm),Fintech,953.2999877929688
2022-02-07,PAYTM.NS,One97 (Paytm),Fintech,957.5499877929688
2022-02-08,PAYTM.NS,One97 (Paytm),Fintech,937.9500122070312
2022-02-09,PAYTM.NS,One97 (Paytm),Fintech,941.5
2022-02-10,PAYTM.NS,One97 (Paytm),Fintech,938.3499755859375
2022-02-11,PAYTM.NS,One97 (Paytm),Fintech,906.5
2022-02-14,PAYTM.NS,One97 (Paytm),Fintech,863.5
2022-02-15,PAYTM.NS,One97 (Paytm),Fintech,851.5
2022-02-16,PAYTM.NS,One97 (Paytm),Fintech,861.3499755859375
2022-02-17,PAYTM.NS,One97 (Paytm),Fintech,849.9500122070312
2022-02-18,PAYTM.NS,One97 (Paytm),Fintech,833.4000244140625
2022-02-21,PAYTM.NS,One97 (Paytm),Fintech,807.7000122070312
2022-02-22,PAYTM.NS,One97 (Paytm),Fintech,815.9000244140625
2022-02-23,PAYTM.NS,One97 (Paytm),Fintech,821.9500122070312
2022-02-24,PAYTM.NS,One97 (Paytm),Fintech,777.75
2022-02-25,PAYTM.NS,One97 (Paytm),Fintech,789.3499755859375
2022-02-28,PAYTM.NS,One97 (Paytm),Fintech,798.0999755859375
2022-03-02,PAYTM.NS,One97 (Paytm),Fintech,797.2000122070312
2022-03-03,PAYTM.NS,One97 (Paytm),Fintech,796.2999877929688
2022-03-04,PAYTM.NS,One97 (Paytm),Fintech,784.8499755859375
2022-03-07,PAYTM.NS,One97 (Paytm),Fintech,753.4500122070312
2022-03-08,PAYTM.NS,One97 (Paytm),Fintech,737.75
2022-03-09,PAYTM.NS,One97 (Paytm),Fintech,749.8499755859375
2022-03-10,PAYTM.NS,One97 (Paytm),Fintech,775.5999755859375
2022-03-11,PAYTM.NS,One97 (Paytm),Fintech,775.0499877929688
2022-03-14,PAYTM.NS,One97 (Paytm),Fintech,674.7999877929688
2022-03-15,PAYTM.NS,One97 (Paytm),Fintech,592.4500122070312
2022-03-16,PAYTM.NS,One97 (Paytm),Fintech,634.0499877929688
2022-03-17,PAYTM.NS,One97 (Paytm),Fintech,597.0499877929688
2022-03-21,PAYTM.NS,One97 (Paytm),Fintech,565.7000122070312
2022-03-22,PAYTM.NS,One97 (Paytm),Fintech,544.0
2022-03-23,PAYTM.NS,One97 (Paytm),Fintech,524.2999877929688
2022-03-24,PAYTM.NS,One97 (Paytm),Fintech,574.3499755859375
2022-03-25,PAYTM.NS,One97 (Paytm),Fintech,546.0
2022-03-28,PAYTM.NS,One97 (Paytm),Fintech,535.5499877929688
2022-03-29,PAYTM.NS,One97 (Paytm),Fintech,524.7999877929688
2022-03-30,PAYTM.NS,One97 (Paytm),Fintech,541.2999877929688
2022-03-31,PAYTM.NS,One97 (Paytm),Fintech,528.4500122070312
2022-04-01,PAYTM.NS,One97 (Paytm),Fintech,571.2999877929688
2022-04-04,PAYTM.NS,One97 (Paytm),Fintech,610.5499877929688
2022-04-05,PAYTM.NS,One97 (Paytm),Fintech,609.0499877929688
2022-04-06,PAYTM.NS,One97 (Paytm),Fintech,637.2000122070312
2022-04-07,PAYTM.NS,One97 (Paytm),Fintech,624.1500244140625
2022-04-08,PAYTM.NS,One97 (Paytm),Fintech,616.9500122070312
2022-04-11,PAYTM.NS,One97 (Paytm),Fintech,687.6500244140625
2022-04-12,PAYTM.NS,One97 (Paytm),Fintech,699.0999755859375
2022-04-13,PAYTM.NS,One97 (Paytm),Fintech,691.2000122070312
2022-04-18,PAYTM.NS,One97 (Paytm),Fintech,661.3499755859375
2022-04-19,PAYTM.NS,One97 (Paytm),Fintech,656.6500244140625
2022-04-20,PAYTM.NS,One97 (Paytm),Fintech,639.3499755859375
2022-04-21,PAYTM.NS,One97 (Paytm),Fintech,641.1500244140625
2022-04-22,PAYTM.NS,One97 (Paytm),Fintech,625.5999755859375
2022-04-25,PAYTM.NS,One97 (Paytm),Fintech,599.0499877929688
2022-04-26,PAYTM.NS,One97 (Paytm),Fintech,613.4000244140625
2022-04-27,PAYTM.NS,One97 (Paytm),Fintech,592.0999755859375
2022-04-28,PAYTM.NS,One97 (Paytm),Fintech,582.25
2022-04-29,PAYTM.NS,One97 (Paytm),Fintech,581.6500244140625
2022-05-02,PAYTM.NS,One97 (Paytm),Fintech,601.0999755859375
2022-05-04,PAYTM.NS,One97 (Paytm),Fintech,583.2000122070312
2022-05-05,PAYTM.NS,One97 (Paytm),Fintech,575.2000122070312
2022-05-06,PAYTM.NS,One97 (Paytm),Fintech,568.0
2022-05-09,PAYTM.NS,One97 (Paytm),Fintech,556.2000122070312
2022-05-10,PAYTM.NS,One97 (Paytm),Fintech,545.7999877929688
2022-05-11,PAYTM.NS,One97 (Paytm),Fintech,530.5999755859375
2022-05-12,PAYTM.NS,One97 (Paytm),Fintech,515.9000244140625
2022-05-13,PAYTM.NS,One97 (Paytm),Fintech,543.1500244140625
2022-05-16,PAYTM.NS,One97 (Paytm),Fintech,591.5
2022-05-17,PAYTM.NS,One97 (Paytm),Fintech,585.7000122070312
2022-05-18,PAYTM.NS,One97 (Paytm),Fintech,588.2000122070312
2022-05-19,PAYTM.NS,One97 (Paytm),Fintech,553.75
2022-05-20,PAYTM.NS,One97 (Paytm),Fintech,575.5
2022-05-23,PAYTM.NS,One97 (Paytm),Fintech,619.3499755859375
2022-05-24,PAYTM.NS,One97 (Paytm),Fintech,646.4500122070312
2022-05-25,PAYTM.NS,One97 (Paytm),Fintech,594.0999755859375
2022-05-26,PAYTM.NS,One97 (Paytm),Fintech,606.0
2022-05-27,PAYTM.NS,One97 (Paytm),Fintech,616.2999877929688
2022-05-30,PAYTM.NS,One97 (Paytm),Fintech,643.5
2022-05-31,PAYTM.NS,One97 (Paytm),Fintech,652.9500122070312
2022-06-01,PAYTM.NS,One97 (Paytm),Fintech,654.4000244140625
2022-06-02,PAYTM.NS,One97 (Paytm),Fintech,634.2999877929688
2022-06-03,PAYTM.NS,One97 (Paytm),Fintech,623.4500122070312
2022-06-06,PAYTM.NS,One97 (Paytm),Fintech,614.5
2022-06-07,PAYTM.NS,One97 (Paytm),Fintech,617.7999877929688
2022-06-08,PAYTM.NS,One97 (Paytm),Fintech,615.2999877929688
2022-06-09,PAYTM.NS,One97 (Paytm),Fintech,623.1500244140625
2022-06-10,PAYTM.NS,One97 (Paytm),Fintech,600.5
2022-06-13,PAYTM.NS,One97 (Paytm),Fintech,582.25
2022-06-14,PAYTM.NS,One97 (Paytm),Fintech,606.5
2022-06-15,PAYTM.NS,One97 (Paytm),Fintech,617.0999755859375
2022-06-16,PAYTM.NS,One97 (Paytm),Fintech,613.9500122070312
2022-06-17,PAYTM.NS,One97 (Paytm),Fintech,630.1500244140625
2022-06-20,PAYTM.NS,One97 (Paytm),Fintech,644.3499755859375
2022-06-21,PAYTM.NS,One97 (Paytm),Fintech,638.5
2022-06-22,PAYTM.NS,One97 (Paytm),Fintech,621.7000122070312
2022-06-23,PAYTM.NS,One97 (Paytm),Fintech,628.0
2022-06-24,PAYTM.NS,One97 (Paytm),Fintech,648.0499877929688
2022-06-27,PAYTM.NS,One97 (Paytm),Fintech,701.3499755859375
2022-06-28,PAYTM.NS,One97 (Paytm),Fintech,707.0999755859375
2022-06-29,PAYTM.NS,One97 (Paytm),Fintech,705.6500244140625
2022-06-30,PAYTM.NS,One97 (Paytm),Fintech,675.7000122070312
2022-07-01,PAYTM.NS,One97 (Paytm),Fintech,657.0
2022-07-04,PAYTM.NS,One97 (Paytm),Fintech,644.75
2022-07-05,PAYTM.NS,One97 (Paytm),Fintech,656.25
2022-07-06,PAYTM.NS,One97 (Paytm),Fintech,690.75
2022-07-07,PAYTM.NS,One97 (Paytm),Fintech,690.75
2022-07-08,PAYTM.NS,One97 (Paytm),Fintech,698.75
2022-07-11,PAYTM.NS,One97 (Paytm),Fintech,709.5999755859375
2022-07-12,PAYTM.NS,One97 (Paytm),Fintech,697.0999755859375
2022-07-13,PAYTM.NS,One97 (Paytm),Fintech,707.75
2022-07-14,PAYTM.NS,One97 (Paytm),Fintech,718.3499755859375
2022-07-15,PAYTM.NS,One97 (Paytm),Fintech,709.3499755859375
2022-07-18,PAYTM.NS,One97 (Paytm),Fintech,731.0499877929688
2022-07-19,PAYTM.NS,One97 (Paytm),Fintech,737.4000244140625
2022-07-20,PAYTM.NS,One97 (Paytm),Fintech,736.6500244140625
2022-07-21,PAYTM.NS,One97 (Paytm),Fintech,745.0
2022-07-22,PAYTM.NS,One97 (Paytm),Fintech,743.0499877929688
2022-07-25,PAYTM.NS,One97 (Paytm),Fintech,758.0
2022-07-26,PAYTM.NS,One97 (Paytm),Fintech,698.9000244140625
2022-07-27,PAYTM.NS,One97 (Paytm),Fintech,713.7999877929688
2022-07-28,PAYTM.NS,One97 (Paytm),Fintech,715.7000122070312
2022-07-29,PAYTM.NS,One97 (Paytm),Fintech,706.7999877929688
2022-08-01,PAYTM.NS,One97 (Paytm),Fintech,744.3499755859375
2022-08-02,PAYTM.NS,One97 (Paytm),Fintech,755.7000122070312
2022-08-03,PAYTM.NS,One97 (Paytm),Fintech,804.5499877929688
2022-08-04,PAYTM.NS,One97 (Paytm),Fintech,809.0499877929688
2022-08-05,PAYTM.NS,One97 (Paytm),Fintech,784.2999877929688
2022-08-08,PAYTM.NS,One97 (Paytm),Fintech,834.9500122070312
2022-08-10,PAYTM.NS,One97 (Paytm),Fintech,826.75
2022-08-11,PAYTM.NS,One97 (Paytm),Fintech,825.7999877929688
2022-08-12,PAYTM.NS,One97 (Paytm),Fintech,787.2999877929688
2022-08-16,PAYTM.NS,One97 (Paytm),Fintech,783.9000244140625
2022-08-17,PAYTM.NS,One97 (Paytm),Fintech,784.7000122070312
2022-08-18,PAYTM.NS,One97 (Paytm),Fintech,786.2000122070312
2022-08-19,PAYTM.NS,One97 (Paytm),Fintech,772.0999755859375
2022-08-22,PAYTM.NS,One97 (Paytm),Fintech,776.3499755859375
2022-08-23,PAYTM.NS,One97 (Paytm),Fintech,776.2000122070312
2022-08-24,PAYTM.NS,One97 (Paytm),Fintech,768.2999877929688
2022-08-25,PAYTM.NS,One97 (Paytm),Fintech,768.7000122070312
2022-08-26,PAYTM.NS,One97 (Paytm),Fintech,762.0499877929688
2022-08-29,PAYTM.NS,One97 (Paytm),Fintech,726.4000244140625
2022-08-30,PAYTM.NS,One97 (Paytm),Fintech,717.8499755859375
2022-09-01,PAYTM.NS,One97 (Paytm),Fintech,732.3499755859375
2022-09-02,PAYTM.NS,One97 (Paytm),Fintech,727.2000122070312
2022-09-05,PAYTM.NS,One97 (Paytm),Fintech,708.7000122070312
2022-09-06,PAYTM.NS,One97 (Paytm),Fintech,709.4500122070312
2022-09-07,PAYTM.NS,One97 (Paytm),Fintech,706.75
2022-09-08,PAYTM.NS,One97 (Paytm),Fintech,707.0
2022-09-09,PAYTM.NS,One97 (Paytm),Fintech,727.9000244140625
2022-09-12,PAYTM.NS,One97 (Paytm),Fintech,736.6500244140625
2022-09-13,PAYTM.NS,One97 (Paytm),Fintech,735.7000122070312
2022-09-14,PAYTM.NS,One97 (Paytm),Fintech,725.6500244140625
2022-09-15,PAYTM.NS,One97 (Paytm),Fintech,729.75
2022-09-16,PAYTM.NS,One97 (Paytm),Fintech,718.5999755859375
2022-09-19,PAYTM.NS,One97 (Paytm),Fintech,706.9500122070312
2022-09-20,PAYTM.NS,One97 (Paytm),Fintech,697.4500122070312
2022-09-21,PAYTM.NS,One97 (Paytm),Fintech,684.5499877929688
2022-09-22,PAYTM.NS,One97 (Paytm),Fintech,685.0
2022-09-23,PAYTM.NS,One97 (Paytm),Fintech,692.5999755859375
2022-09-26,PAYTM.NS,One97 (Paytm),Fintech,657.5
2022-09-27,PAYTM.NS,One97 (Paytm),Fintech,660.0
2022-09-28,PAYTM.NS,One97 (Paytm),Fintech,643.2000122070312
2022-09-29,PAYTM.NS,One97 (Paytm),Fintech,632.1500244140625
2022-09-30,PAYTM.NS,One97 (Paytm),Fintech,637.9500122070312
2022-10-03,PAYTM.NS,One97 (Paytm),Fintech,660.0
2022-10-04,PAYTM.NS,One97 (Paytm),Fintech,674.9500122070312
2022-10-06,PAYTM.NS,One97 (Paytm),Fintech,688.5999755859375
2022-10-07,PAYTM.NS,One97 (Paytm),Fintech,707.4500122070312
2022-10-10,PAYTM.NS,One97 (Paytm),Fintech,727.25
2022-10-11,PAYTM.NS,One97 (Paytm),Fintech,708.0999755859375
2022-10-12,PAYTM.NS,One97 (Paytm),Fintech,700.7000122070312
2022-10-13,PAYTM.NS,One97 (Paytm),Fintech,686.0999755859375
2022-10-14,PAYTM.NS,One97 (Paytm),Fintech,681.5
2022-10-17,PAYTM.NS,One97 (Paytm),Fintech,672.5499877929688
2022-10-18,PAYTM.NS,One97 (Paytm),Fintech,662.4500122070312
2022-10-19,PAYTM.NS,One97 (Paytm),Fintech,652.4500122070312
2022-10-20,PAYTM.NS,One97 (Paytm),Fintech,632.75
2022-10-21,PAYTM.NS,One97 (Paytm),Fintech,629.5999755859375
2022-10-24,PAYTM.NS,One97 (Paytm),Fintech,637.5
2022-10-25,PAYTM.NS,One97 (Paytm),Fintech,656.3499755859375
2022-10-27,PAYTM.NS,One97 (Paytm),Fintech,649.8499755859375
2022-10-28,PAYTM.NS,One97 (Paytm),Fintech,642.8499755859375
2022-10-31,PAYTM.NS,One97 (Paytm),Fintech,638.4000244140625
2022-11-01,PAYTM.NS,One97 (Paytm),Fintech,642.9000244140625
2022-11-02,PAYTM.NS,One97 (Paytm),Fintech,642.5999755859375
2022-11-03,PAYTM.NS,One97 (Paytm),Fintech,643.0499877929688
2022-11-04,PAYTM.NS,One97 (Paytm),Fintech,650.3499755859375
2022-11-07,PAYTM.NS,One97 (Paytm),Fintech,651.25
2022-11-09,PAYTM.NS,One97 (Paytm),Fintech,643.6500244140625
2022-11-10,PAYTM.NS,One97 (Paytm),Fintech,626.9000244140625
2022-11-11,PAYTM.NS,One97 (Paytm),Fintech,632.0
2022-11-14,PAYTM.NS,One97 (Paytm),Fintech,638.5499877929688
2022-11-15,PAYTM.NS,One97 (Paytm),Fintech,626.5
2022-11-16,PAYTM.NS,One97 (Paytm),Fintech,601.4500122070312
2022-11-17,PAYTM.NS,One97 (Paytm),Fintech,539.7999877929688
2022-11-18,PAYTM.NS,One97 (Paytm),Fintech,547.0
2022-11-21,PAYTM.NS,One97 (Paytm),Fintech,537.0
2022-11-22,PAYTM.NS,One97 (Paytm),Fintech,476.79998779296875
2022-11-23,PAYTM.NS,One97 (Paytm),Fintech,452.3999938964844
2022-11-24,PAYTM.NS,One97 (Paytm),Fintech,441.1000061035156
2022-11-25,PAYTM.NS,One97 (Paytm),Fintech,465.20001220703125
2022-11-28,PAYTM.NS,One97 (Paytm),Fintech,461.5
2022-11-29,PAYTM.NS,One97 (Paytm),Fintech,483.8999938964844
2022-11-30,PAYTM.NS,One97 (Paytm),Fintech,481.70001220703125
2022-12-01,PAYTM.NS,One97 (Paytm),Fintech,501.04998779296875
2022-12-02,PAYTM.NS,One97 (Paytm),Fintech,536.9500122070312
2022-12-05,PAYTM.NS,One97 (Paytm),Fintech,523.3499755859375
2022-12-06,PAYTM.NS,One97 (Paytm),Fintech,514.6500244140625
2022-12-07,PAYTM.NS,One97 (Paytm),Fintech,509.8999938964844
2022-12-08,PAYTM.NS,One97 (Paytm),Fintech,508.20001220703125
2022-12-09,PAYTM.NS,One97 (Paytm),Fintech,544.5999755859375
2022-12-12,PAYTM.NS,One97 (Paytm),Fintech,528.75
2022-12-13,PAYTM.NS,One97 (Paytm),Fintech,539.4000244140625
2022-12-14,PAYTM.NS,One97 (Paytm),Fintech,529.2000122070312
2022-12-15,PAYTM.NS,One97 (Paytm),Fintech,531.7000122070312
2022-12-16,PAYTM.NS,One97 (Paytm),Fintech,528.0
2022-12-19,PAYTM.NS,One97 (Paytm),Fintech,523.5
2022-12-20,PAYTM.NS,One97 (Paytm),Fintech,526.75
2022-12-21,PAYTM.NS,One97 (Paytm),Fintech,517.0999755859375
2022-12-22,PAYTM.NS,One97 (Paytm),Fintech,506.54998779296875
2022-12-23,PAYTM.NS,One97 (Paytm),Fintech,476.1000061035156
2022-12-26,PAYTM.NS,One97 (Paytm),Fintech,504.3500061035156
2022-12-27,PAYTM.NS,One97 (Paytm),Fintech,512.8499755859375
2022-12-28,PAYTM.NS,One97 (Paytm),Fintech,535.5499877929688
2022-12-29,PAYTM.NS,One97 (Paytm),Fintech,527.2000122070312
2022-12-30,PAYTM.NS,One97 (Paytm),Fintech,531.0
2023-01-02,PAYTM.NS,One97 (Paytm),Fintech,532.0999755859375
2023-01-03,PAYTM.NS,One97 (Paytm),Fintech,535.4500122070312
2023-01-04,PAYTM.NS,One97 (Paytm),Fintech,540.2999877929688
2023-01-05,PAYTM.NS,One97 (Paytm),Fintech,541.5
2023-01-06,PAYTM.NS,One97 (Paytm),Fintech,551.3499755859375
2023-01-09,PAYTM.NS,One97 (Paytm),Fintech,563.9000244140625
2023-01-10,PAYTM.NS,One97 (Paytm),Fintech,575.5499877929688
2023-01-11,PAYTM.NS,One97 (Paytm),Fintech,579.1500244140625
2023-01-12,PAYTM.NS,One97 (Paytm),Fintech,543.2000122070312
2023-01-13,PAYTM.NS,One97 (Paytm),Fintech,560.0999755859375
2023-01-16,PAYTM.NS,One97 (Paytm),Fintech,553.5499877929688
2023-01-17,PAYTM.NS,One97 (Paytm),Fintech,526.0999755859375
2023-01-18,PAYTM.NS,One97 (Paytm),Fintech,531.7000122070312
2023-01-19,PAYTM.NS,One97 (Paytm),Fintech,531.9500122070312
2023-01-20,PAYTM.NS,One97 (Paytm),Fintech,550.8499755859375
2023-01-23,PAYTM.NS,One97 (Paytm),Fintech,544.0499877929688
2023-01-24,PAYTM.NS,One97 (Paytm),Fintech,543.5499877929688
2023-01-25,PAYTM.NS,One97 (Paytm),Fintech,532.9500122070312
2023-01-27,PAYTM.NS,One97 (Paytm),Fintech,513.4000244140625
2023-01-30,PAYTM.NS,One97 (Paytm),Fintech,534.0999755859375
2023-01-31,PAYTM.NS,One97 (Paytm),Fintech,530.9000244140625
2023-02-01,PAYTM.NS,One97 (Paytm),Fintech,523.8499755859375
2023-02-02,PAYTM.NS,One97 (Paytm),Fintech,545.6500244140625
2023-02-03,PAYTM.NS,One97 (Paytm),Fintech,524.9500122070312
2023-02-06,PAYTM.NS,One97 (Paytm),Fintech,558.2999877929688
2023-02-07,PAYTM.NS,One97 (Paytm),Fintech,588.5999755859375
2023-02-08,PAYTM.NS,One97 (Paytm),Fintech,675.9500122070312
2023-02-09,PAYTM.NS,One97 (Paytm),Fintech,705.9500122070312
2023-02-10,PAYTM.NS,One97 (Paytm),Fintech,650.5499877929688
2023-02-13,PAYTM.NS,One97 (Paytm),Fintech,654.0
2023-02-14,PAYTM.NS,One97 (Paytm),Fintech,642.7000122070312
2023-02-15,PAYTM.NS,One97 (Paytm),Fintech,640.0499877929688
2023-02-16,PAYTM.NS,One97 (Paytm),Fintech,628.9000244140625
2023-02-17,PAYTM.NS,One97 (Paytm),Fintech,626.8499755859375
2023-02-20,PAYTM.NS,One97 (Paytm),Fintech,630.5
2023-02-21,PAYTM.NS,One97 (Paytm),Fintech,623.0499877929688
2023-02-22,PAYTM.NS,One97 (Paytm),Fintech,608.3499755859375
2023-02-23,PAYTM.NS,One97 (Paytm),Fintech,606.5499877929688
2023-02-24,PAYTM.NS,One97 (Paytm),Fintech,623.5
2023-02-27,PAYTM.NS,One97 (Paytm),Fintech,635.0999755859375
2023-02-28,PAYTM.NS,One97 (Paytm),Fintech,597.25
2023-03-01,PAYTM.NS,One97 (Paytm),Fintech,608.25
2023-03-02,PAYTM.NS,One97 (Paytm),Fintech,604.4000244140625
2023-03-03,PAYTM.NS,One97 (Paytm),Fintech,627.9000244140625
2023-03-06,PAYTM.NS,One97 (Paytm),Fintech,625.6500244140625
2023-03-08,PAYTM.NS,One97 (Paytm),Fintech,620.0999755859375
2023-03-09,PAYTM.NS,One97 (Paytm),Fintech,606.0499877929688
2023-03-10,PAYTM.NS,One97 (Paytm),Fintech,593.0499877929688
2023-03-13,PAYTM.NS,One97 (Paytm),Fintech,580.75
2023-03-14,PAYTM.NS,One97 (Paytm),Fintech,579.5
2023-03-15,PAYTM.NS,One97 (Paytm),Fintech,572.8499755859375
2023-03-16,PAYTM.NS,One97 (Paytm),Fintech,571.6500244140625
2023-03-17,PAYTM.NS,One97 (Paytm),Fintech,578.3499755859375
2023-03-20,PAYTM.NS,One97 (Paytm),Fintech,559.2000122070312
2023-03-21,PAYTM.NS,One97 (Paytm),Fintech,583.9000244140625
2023-03-22,PAYTM.NS,One97 (Paytm),Fintech,624.0499877929688
2023-03-23,PAYTM.NS,One97 (Paytm),Fintech,623.0499877929688
2023-03-24,PAYTM.NS,One97 (Paytm),Fintech,619.4500122070312
2023-03-27,PAYTM.NS,One97 (Paytm),Fintech,621.4000244140625
2023-03-28,PAYTM.NS,One97 (Paytm),Fintech,617.3499755859375
2023-03-29,PAYTM.NS,One97 (Paytm),Fintech,629.3499755859375
2023-03-31,PAYTM.NS,One97 (Paytm),Fintech,636.7999877929688
2023-04-03,PAYTM.NS,One97 (Paytm),Fintech,639.0
2023-04-05,PAYTM.NS,One97 (Paytm),Fintech,641.0999755859375
2023-04-06,PAYTM.NS,One97 (Paytm),Fintech,645.7999877929688
2023-04-10,PAYTM.NS,One97 (Paytm),Fintech,656.5
2023-04-11,PAYTM.NS,One97 (Paytm),Fintech,657.7000122070312
2023-04-12,PAYTM.NS,One97 (Paytm),Fintech,648.0
2023-04-13,PAYTM.NS,One97 (Paytm),Fintech,650.9000244140625
2023-04-17,PAYTM.NS,One97 (Paytm),Fintech,645.25
2023-04-18,PAYTM.NS,One97 (Paytm),Fintech,645.0
2023-04-19,PAYTM.NS,One97 (Paytm),Fintech,644.25
2023-04-20,PAYTM.NS,One97 (Paytm),Fintech,656.8499755859375
2023-04-21,PAYTM.NS,One97 (Paytm),Fintech,655.0499877929688
2023-04-24,PAYTM.NS,One97 (Paytm),Fintech,663.75
2023-04-25,PAYTM.NS,One97 (Paytm),Fintech,647.9500122070312
2023-04-26,PAYTM.NS,One97 (Paytm),Fintech,648.0
2023-04-27,PAYTM.NS,One97 (Paytm),Fintech,643.6500244140625
2023-04-28,PAYTM.NS,One97 (Paytm),Fintech,653.5999755859375
2023-05-02,PAYTM.NS,One97 (Paytm),Fintech,660.75
2023-05-03,PAYTM.NS,One97 (Paytm),Fintech,662.1500244140625
2023-05-04,PAYTM.NS,One97 (Paytm),Fintech,670.8499755859375
2023-05-05,PAYTM.NS,One97 (Paytm),Fintech,689.5999755859375
2023-05-08,PAYTM.NS,One97 (Paytm),Fintech,723.25
2023-05-09,PAYTM.NS,One97 (Paytm),Fintech,707.4500122070312
2023-05-10,PAYTM.NS,One97 (Paytm),Fintech,728.0
2023-05-11,PAYTM.NS,One97 (Paytm),Fintech,699.1500244140625
2023-05-12,PAYTM.NS,One97 (Paytm),Fintech,687.8499755859375
2023-05-15,PAYTM.NS,One97 (Paytm),Fintech,713.1500244140625
2023-05-16,PAYTM.NS,One97 (Paytm),Fintech,722.7999877929688
2023-05-17,PAYTM.NS,One97 (Paytm),Fintech,721.8499755859375
2023-05-18,PAYTM.NS,One97 (Paytm),Fintech,708.5499877929688
2023-05-19,PAYTM.NS,One97 (Paytm),Fintech,710.1500244140625
2023-05-22,PAYTM.NS,One97 (Paytm),Fintech,706.6500244140625
2023-05-23,PAYTM.NS,One97 (Paytm),Fintech,720.0
2023-05-24,PAYTM.NS,One97 (Paytm),Fintech,716.0
2023-05-25,PAYTM.NS,One97 (Paytm),Fintech,713.5499877929688
2023-05-26,PAYTM.NS,One97 (Paytm),Fintech,706.1500244140625
2023-05-29,PAYTM.NS,One97 (Paytm),Fintech,704.3499755859375
2023-05-30,PAYTM.NS,One97 (Paytm),Fintech,701.2999877929688
2023-05-31,PAYTM.NS,One97 (Paytm),Fintech,697.3499755859375
2023-06-01,PAYTM.NS,One97 (Paytm),Fintech,701.9500122070312
2023-06-02,PAYTM.NS,One97 (Paytm),Fintech,717.0
2023-06-05,PAYTM.NS,One97 (Paytm),Fintech,714.4500122070312
2023-06-06,PAYTM.NS,One97 (Paytm),Fintech,709.5499877929688
2023-06-07,PAYTM.NS,One97 (Paytm),Fintech,727.0
2023-06-08,PAYTM.NS,One97 (Paytm),Fintech,772.0
2023-06-09,PAYTM.NS,One97 (Paytm),Fintech,814.2999877929688
2023-06-12,PAYTM.NS,One97 (Paytm),Fintech,812.1500244140625
2023-06-13,PAYTM.NS,One97 (Paytm),Fintech,833.25
2023-06-14,PAYTM.NS,One97 (Paytm),Fintech,856.8499755859375
2023-06-15,PAYTM.NS,One97 (Paytm),Fintech,892.9000244140625
2023-06-16,PAYTM.NS,One97 (Paytm),Fintech,895.1500244140625
2023-06-19,PAYTM.NS,One97 (Paytm),Fintech,871.25
2023-06-20,PAYTM.NS,One97 (Paytm),Fintech,895.75
2023-06-21,PAYTM.NS,One97 (Paytm),Fintech,872.9500122070312
2023-06-22,PAYTM.NS,One97 (Paytm),Fintech,865.9500122070312
2023-06-23,PAYTM.NS,One97 (Paytm),Fintech,841.7000122070312
2023-06-26,PAYTM.NS,One97 (Paytm),Fintech,838.0999755859375
2023-06-27,PAYTM.NS,One97 (Paytm),Fintech,852.5
2023-06-28,PAYTM.NS,One97 (Paytm),Fintech,849.5999755859375
2023-06-30,PAYTM.NS,One97 (Paytm),Fintech,867.8499755859375
2023-07-03,PAYTM.NS,One97 (Paytm),Fintech,848.8499755859375
2023-07-04,PAYTM.NS,One97 (Paytm),Fintech,836.75
2023-07-05,PAYTM.NS,One97 (Paytm),Fintech,853.4500122070312
2023-07-06,PAYTM.NS,One97 (Paytm),Fintech,869.9500122070312
2023-07-07,PAYTM.NS,One97 (Paytm),Fintech,850.7000122070312
2023-07-10,PAYTM.NS,One97 (Paytm),Fintech,823.5499877929688
2023-07-11,PAYTM.NS,One97 (Paytm),Fintech,806.75
2023-07-12,PAYTM.NS,One97 (Paytm),Fintech,854.75
2023-07-13,PAYTM.NS,One97 (Paytm),Fintech,836.9500122070312
2023-07-14,PAYTM.NS,One97 (Paytm),Fintech,850.75
2023-07-17,PAYTM.NS,One97 (Paytm),Fintech,862.5999755859375
2023-07-18,PAYTM.NS,One97 (Paytm),Fintech,840.4000244140625
2023-07-19,PAYTM.NS,One97 (Paytm),Fintech,842.2999877929688
2023-07-20,PAYTM.NS,One97 (Paytm),Fintech,851.3499755859375
2023-07-21,PAYTM.NS,One97 (Paytm),Fintech,844.2999877929688
2023-07-24,PAYTM.NS,One97 (Paytm),Fintech,802.0
2023-07-25,PAYTM.NS,One97 (Paytm),Fintech,789.5999755859375
2023-07-26,PAYTM.NS,One97 (Paytm),Fintech,788.2999877929688
2023-07-27,PAYTM.NS,One97 (Paytm),Fintech,779.5499877929688
2023-07-28,PAYTM.NS,One97 (Paytm),Fintech,762.9000244140625
2023-07-31,PAYTM.NS,One97 (Paytm),Fintech,800.4000244140625
2023-08-01,PAYTM.NS,One97 (Paytm),Fintech,787.2000122070312
2023-08-02,PAYTM.NS,One97 (Paytm),Fintech,776.0999755859375
2023-08-03,PAYTM.NS,One97 (Paytm),Fintech,767.5999755859375
2023-08-04,PAYTM.NS,One97 (Paytm),Fintech,796.5999755859375
2023-08-07,PAYTM.NS,One97 (Paytm),Fintech,850.7000122070312
2023-08-08,PAYTM.NS,One97 (Paytm),Fintech,830.6500244140625
2023-08-09,PAYTM.NS,One97 (Paytm),Fintech,838.5499877929688
2023-08-10,PAYTM.NS,One97 (Paytm),Fintech,858.0999755859375
2023-08-11,PAYTM.NS,One97 (Paytm),Fintech,864.5499877929688
2023-08-14,PAYTM.NS,One97 (Paytm),Fintech,863.7999877929688
2023-08-16,PAYTM.NS,One97 (Paytm),Fintech,874.4500122070312
2023-08-17,PAYTM.NS,One97 (Paytm),Fintech,865.9500122070312
2023-08-18,PAYTM.NS,One97 (Paytm),Fintech,859.8499755859375
2023-08-21,PAYTM.NS,One97 (Paytm),Fintech,837.9500122070312
2023-08-22,PAYTM.NS,One97 (Paytm),Fintech,857.3499755859375
2023-08-23,PAYTM.NS,One97 (Paytm),Fintech,904.75
2023-08-24,PAYTM.NS,One97 (Paytm),Fintech,904.4500122070312
2023-08-25,PAYTM.NS,One97 (Paytm),Fintech,899.2000122070312
2023-08-28,PAYTM.NS,One97 (Paytm),Fintech,882.7999877929688
2023-08-29,PAYTM.NS,One97 (Paytm),Fintech,852.9000244140625
2023-08-30,PAYTM.NS,One97 (Paytm),Fintech,861.75
2023-08-31,PAYTM.NS,One97 (Paytm),Fintech,853.9000244140625
2023-09-01,PAYTM.NS,One97 (Paytm),Fintech,857.4000244140625
2023-09-04,PAYTM.NS,One97 (Paytm),Fintech,856.7000122070312
2023-09-05,PAYTM.NS,One97 (Paytm),Fintech,881.0999755859375
2023-09-06,PAYTM.NS,One97 (Paytm),Fintech,898.7999877929688
2023-09-07,PAYTM.NS,One97 (Paytm),Fintech,894.3499755859375
2023-09-08,PAYTM.NS,One97 (Paytm),Fintech,905.4000244140625
2023-09-11,PAYTM.NS,One97 (Paytm),Fintech,904.4000244140625
2023-09-12,PAYTM.NS,One97 (Paytm),Fintech,864.5499877929688
2023-09-13,PAYTM.NS,One97 (Paytm),Fintech,838.25
2023-09-14,PAYTM.NS,One97 (Paytm),Fintech,856.5499877929688
2023-09-15,PAYTM.NS,One97 (Paytm),Fintech,885.1500244140625
2023-09-18,PAYTM.NS,One97 (Paytm),Fintech,873.2000122070312
2023-09-20,PAYTM.NS,One97 (Paytm),Fintech,853.3499755859375
2023-09-21,PAYTM.NS,One97 (Paytm),Fintech,841.0499877929688
2023-09-22,PAYTM.NS,One97 (Paytm),Fintech,850.0
2023-09-25,PAYTM.NS,One97 (Paytm),Fintech,848.4500122070312
2023-09-26,PAYTM.NS,One97 (Paytm),Fintech,852.2999877929688
2023-09-27,PAYTM.NS,One97 (Paytm),Fintech,853.2000122070312
2023-09-28,PAYTM.NS,One97 (Paytm),Fintech,854.4000244140625
2023-09-29,PAYTM.NS,One97 (Paytm),Fintech,857.7000122070312
2023-10-03,PAYTM.NS,One97 (Paytm),Fintech,876.5999755859375
2023-10-04,PAYTM.NS,One97 (Paytm),Fintech,863.0999755859375
2023-10-05,PAYTM.NS,One97 (Paytm),Fintech,895.0999755859375
2023-10-06,PAYTM.NS,One97 (Paytm),Fintech,928.2999877929688
2023-10-09,PAYTM.NS,One97 (Paytm),Fintech,905.2000122070312
2023-10-10,PAYTM.NS,One97 (Paytm),Fintech,949.7000122070312
2023-10-11,PAYTM.NS,One97 (Paytm),Fintech,971.75
2023-10-12,PAYTM.NS,One97 (Paytm),Fintech,957.5499877929688
2023-10-13,PAYTM.NS,One97 (Paytm),Fintech,933.0999755859375
2023-10-16,PAYTM.NS,One97 (Paytm),Fintech,937.8499755859375
2023-10-17,PAYTM.NS,One97 (Paytm),Fintech,941.5499877929688
2023-10-18,PAYTM.NS,One97 (Paytm),Fintech,947.9500122070312
2023-10-19,PAYTM.NS,One97 (Paytm),Fintech,968.4500122070312
2023-10-20,PAYTM.NS,One97 (Paytm),Fintech,987.6500244140625
2023-10-23,PAYTM.NS,One97 (Paytm),Fintech,923.7000122070312
2023-10-25,PAYTM.NS,One97 (Paytm),Fintech,916.5
2023-10-26,PAYTM.NS,One97 (Paytm),Fintech,875.9500122070312
2023-10-27,PAYTM.NS,One97 (Paytm),Fintech,896.3499755859375
2023-10-30,PAYTM.NS,One97 (Paytm),Fintech,922.5999755859375
2023-10-31,PAYTM.NS,One97 (Paytm),Fintech,920.75
2023-11-01,PAYTM.NS,One97 (Paytm),Fintech,913.3499755859375
2023-11-02,PAYTM.NS,One97 (Paytm),Fintech,921.25
2023-11-03,PAYTM.NS,One97 (Paytm),Fintech,904.0499877929688
2023-11-06,PAYTM.NS,One97 (Paytm),Fintech,880.6500244140625
2023-11-07,PAYTM.NS,One97 (Paytm),Fintech,881.6500244140625
2023-11-08,PAYTM.NS,One97 (Paytm),Fintech,896.1500244140625
2023-11-09,PAYTM.NS,One97 (Paytm),Fintech,894.5499877929688
2023-11-10,PAYTM.NS,One97 (Paytm),Fintech,894.1500244140625
2023-11-13,PAYTM.NS,One97 (Paytm),Fintech,894.6500244140625
2023-11-15,PAYTM.NS,One97 (Paytm),Fintech,919.0999755859375
2023-11-16,PAYTM.NS,One97 (Paytm),Fintech,905.3499755859375
2023-11-17,PAYTM.NS,One97 (Paytm),Fintech,888.4000244140625
2023-11-20,PAYTM.NS,One97 (Paytm),Fintech,901.3499755859375
2023-11-21,PAYTM.NS,One97 (Paytm),Fintech,912.4500122070312
2023-11-22,PAYTM.NS,One97 (Paytm),Fintech,918.75
2023-11-23,PAYTM.NS,One97 (Paytm),Fintech,923.4000244140625
2023-11-24,PAYTM.NS,One97 (Paytm),Fintech,892.5499877929688
2023-11-28,PAYTM.NS,One97 (Paytm),Fintech,888.6500244140625
2023-11-29,PAYTM.NS,One97 (Paytm),Fintech,867.3499755859375
2023-11-30,PAYTM.NS,One97 (Paytm),Fintech,875.8499755859375
2023-12-01,PAYTM.NS,One97 (Paytm),Fintech,870.6500244140625
2023-12-04,PAYTM.NS,One97 (Paytm),Fintech,855.4000244140625
2023-12-05,PAYTM.NS,One97 (Paytm),Fintech,839.4000244140625
2023-12-06,PAYTM.NS,One97 (Paytm),Fintech,813.0499877929688
2023-12-07,PAYTM.NS,One97 (Paytm),Fintech,661.3499755859375
2023-12-08,PAYTM.NS,One97 (Paytm),Fintech,651.25
2023-12-11,PAYTM.NS,One97 (Paytm),Fintech,656.6500244140625
2023-12-12,PAYTM.NS,One97 (Paytm),Fintech,616.5499877929688
2023-12-13,PAYTM.NS,One97 (Paytm),Fintech,600.0
2023-12-14,PAYTM.NS,One97 (Paytm),Fintech,606.1500244140625
2023-12-15,PAYTM.NS,One97 (Paytm),Fintech,606.0999755859375
2023-12-18,PAYTM.NS,One97 (Paytm),Fintech,615.7999877929688
2023-12-19,PAYTM.NS,One97 (Paytm),Fintech,622.7000122070312
2023-12-20,PAYTM.NS,One97 (Paytm),Fintech,615.1500244140625
2023-12-21,PAYTM.NS,One97 (Paytm),Fintech,638.5
2023-12-22,PAYTM.NS,One97 (Paytm),Fintech,642.2000122070312
2023-12-26,PAYTM.NS,One97 (Paytm),Fintech,631.7999877929688
2023-12-27,PAYTM.NS,One97 (Paytm),Fintech,634.8499755859375
2023-12-28,PAYTM.NS,One97 (Paytm),Fintech,634.0499877929688
2023-12-29,PAYTM.NS,One97 (Paytm),Fintech,635.4500122070312
2024-01-01,PAYTM.NS,One97 (Paytm),Fintech,646.0999755859375
2024-01-02,PAYTM.NS,One97 (Paytm),Fintech,651.0999755859375
2024-01-03,PAYTM.NS,One97 (Paytm),Fintech,673.7000122070312
2024-01-04,PAYTM.NS,One97 (Paytm),Fintech,668.7000122070312
2024-01-05,PAYTM.NS,One97 (Paytm),Fintech,685.1500244140625
2024-01-08,PAYTM.NS,One97 (Paytm),Fintech,690.5499877929688
2024-01-09,PAYTM.NS,One97 (Paytm),Fintech,685.7000122070312
2024-01-10,PAYTM.NS,One97 (Paytm),Fintech,685.1500244140625
2024-01-11,PAYTM.NS,One97 (Paytm),Fintech,684.8499755859375
2024-01-12,PAYTM.NS,One97 (Paytm),Fintech,692.4500122070312
2024-01-15,PAYTM.NS,One97 (Paytm),Fintech,692.4500122070312
2024-01-16,PAYTM.NS,One97 (Paytm),Fintech,747.3499755859375
2024-01-17,PAYTM.NS,One97 (Paytm),Fintech,736.25
2024-01-18,PAYTM.NS,One97 (Paytm),Fintech,754.2999877929688
2024-01-19,PAYTM.NS,One97 (Paytm),Fintech,773.5999755859375
2024-01-23,PAYTM.NS,One97 (Paytm),Fintech,755.9000244140625
2024-01-24,PAYTM.NS,One97 (Paytm),Fintech,753.75
2024-01-25,PAYTM.NS,One97 (Paytm),Fintech,763.0499877929688
2024-01-29,PAYTM.NS,One97 (Paytm),Fintech,752.0499877929688
2024-01-30,PAYTM.NS,One97 (Paytm),Fintech,761.0999755859375
2024-01-31,PAYTM.NS,One97 (Paytm),Fintech,761.2000122070312
2024-02-01,PAYTM.NS,One97 (Paytm),Fintech,609.0
2024-02-02,PAYTM.NS,One97 (Paytm),Fintech,487.20001220703125
2024-02-05,PAYTM.NS,One97 (Paytm),Fintech,438.5
2024-02-06,PAYTM.NS,One97 (Paytm),Fintech,451.1499938964844
2024-02-07,PAYTM.NS,One97 (Paytm),Fintech,496.25
2024-02-08,PAYTM.NS,One97 (Paytm),Fintech,446.6499938964844
2024-02-09,PAYTM.NS,One97 (Paytm),Fintech,419.8500061035156
2024-02-12,PAYTM.NS,One97 (Paytm),Fintech,422.20001220703125
2024-02-13,PAYTM.NS,One97 (Paytm),Fintech,380.1499938964844
2024-02-14,PAYTM.NS,One97 (Paytm),Fintech,342.1499938964844
2024-02-15,PAYTM.NS,One97 (Paytm),Fintech,325.04998779296875
2024-02-16,PAYTM.NS,One97 (Paytm),Fintech,341.29998779296875
2024-02-19,PAYTM.NS,One97 (Paytm),Fintech,358.3500061035156
2024-02-20,PAYTM.NS,One97 (Paytm),Fintech,376.25
2024-02-21,PAYTM.NS,One97 (Paytm),Fintech,395.04998779296875
2024-02-22,PAYTM.NS,One97 (Paytm),Fintech,388.3500061035156
2024-02-23,PAYTM.NS,One97 (Paytm),Fintech,407.75
2024-02-26,PAYTM.NS,One97 (Paytm),Fintech,428.1000061035156
2024-02-27,PAYTM.NS,One97 (Paytm),Fintech,427.54998779296875
2024-02-28,PAYTM.NS,One97 (Paytm),Fintech,406.20001220703125
2024-02-29,PAYTM.NS,One97 (Paytm),Fintech,403.29998779296875
2024-03-01,PAYTM.NS,One97 (Paytm),Fintech,423.45001220703125
2024-03-04,PAYTM.NS,One97 (Paytm),Fintech,418.20001220703125
2024-03-05,PAYTM.NS,One97 (Paytm),Fintech,404.1499938964844
2024-03-06,PAYTM.NS,One97 (Paytm),Fintech,393.04998779296875
2024-03-07,PAYTM.NS,One97 (Paytm),Fintech,400.75
2024-03-11,PAYTM.NS,One97 (Paytm),Fintech,388.79998779296875
2024-03-12,PAYTM.NS,One97 (Paytm),Fintech,369.3999938964844
2024-03-13,PAYTM.NS,One97 (Paytm),Fintech,350.95001220703125
2024-03-14,PAYTM.NS,One97 (Paytm),Fintech,353.04998779296875
2024-03-15,PAYTM.NS,One97 (Paytm),Fintech,370.70001220703125
2024-03-18,PAYTM.NS,One97 (Paytm),Fintech,389.20001220703125
2024-03-19,PAYTM.NS,One97 (Paytm),Fintech,406.3500061035156
2024-03-20,PAYTM.NS,One97 (Paytm),Fintech,420.25
2024-03-21,PAYTM.NS,One97 (Paytm),Fintech,410.8500061035156
2024-03-22,PAYTM.NS,One97 (Paytm),Fintech,402.3500061035156
2024-03-26,PAYTM.NS,One97 (Paytm),Fintech,398.45001220703125
2024-03-27,PAYTM.NS,One97 (Paytm),Fintech,396.79998779296875
2024-03-28,PAYTM.NS,One97 (Paytm),Fintech,402.6499938964844
2024-04-01,PAYTM.NS,One97 (Paytm),Fintech,406.04998779296875
2024-04-02,PAYTM.NS,One97 (Paytm),Fintech,416.3500061035156
2024-04-03,PAYTM.NS,One97 (Paytm),Fintech,410.8999938964844
2024-04-04,PAYTM.NS,One97 (Paytm),Fintech,410.79998779296875
2024-04-05,PAYTM.NS,One97 (Paytm),Fintech,417.54998779296875
2024-04-08,PAYTM.NS,One97 (Paytm),Fintech,412.20001220703125
2024-04-09,PAYTM.NS,One97 (Paytm),Fintech,404.20001220703125
2024-04-10,PAYTM.NS,One97 (Paytm),Fintech,400.54998779296875
2024-04-12,PAYTM.NS,One97 (Paytm),Fintech,391.6000061035156
2024-04-15,PAYTM.NS,One97 (Paytm),Fintech,389.75
2024-04-16,PAYTM.NS,One97 (Paytm),Fintech,391.3500061035156
2024-04-18,PAYTM.NS,One97 (Paytm),Fintech,388.5
2024-04-19,PAYTM.NS,One97 (Paytm),Fintech,377.8500061035156
2024-04-22,PAYTM.NS,One97 (Paytm),Fintech,377.70001220703125
2024-04-23,PAYTM.NS,One97 (Paytm),Fintech,382.70001220703125
2024-04-24,PAYTM.NS,One97 (Paytm),Fintech,382.6499938964844
2024-04-25,PAYTM.NS,One97 (Paytm),Fintech,379.04998779296875
2024-04-26,PAYTM.NS,One97 (Paytm),Fintech,376.8999938964844
2024-04-29,PAYTM.NS,One97 (Paytm),Fintech,377.75
2024-04-30,PAYTM.NS,One97 (Paytm),Fintech,372.3999938964844
2024-05-02,PAYTM.NS,One97 (Paytm),Fintech,372.20001220703125
2024-05-03,PAYTM.NS,One97 (Paytm),Fintech,369.8999938964844
2024-05-06,PAYTM.NS,One97 (Paytm),Fintech,351.3999938964844
2024-05-07,PAYTM.NS,One97 (Paytm),Fintech,333.8500061035156
2024-05-08,PAYTM.NS,One97 (Paytm),Fintech,317.1499938964844
2024-05-09,PAYTM.NS,One97 (Paytm),Fintech,333.0
2024-05-10,PAYTM.NS,One97 (Paytm),Fintech,349.6499938964844
2024-05-13,PAYTM.NS,One97 (Paytm),Fintech,343.5
2024-05-14,PAYTM.NS,One97 (Paytm),Fintech,340.04998779296875
2024-05-15,PAYTM.NS,One97 (Paytm),Fintech,343.25
2024-05-16,PAYTM.NS,One97 (Paytm),Fintech,342.54998779296875
2024-05-17,PAYTM.NS,One97 (Paytm),Fintech,342.25
2024-05-21,PAYTM.NS,One97 (Paytm),Fintech,351.70001220703125
2024-05-22,PAYTM.NS,One97 (Paytm),Fintech,368.8500061035156
2024-05-23,PAYTM.NS,One97 (Paytm),Fintech,356.25
2024-05-24,PAYTM.NS,One97 (Paytm),Fintech,340.95001220703125
2024-05-27,PAYTM.NS,One97 (Paytm),Fintech,356.70001220703125
2024-05-28,PAYTM.NS,One97 (Paytm),Fintech,342.3500061035156
2024-05-29,PAYTM.NS,One97 (Paytm),Fintech,359.45001220703125
2024-05-30,PAYTM.NS,One97 (Paytm),Fintech,377.3999938964844
2024-05-31,PAYTM.NS,One97 (Paytm),Fintech,360.75
2024-06-03,PAYTM.NS,One97 (Paytm),Fintech,376.20001220703125
2024-06-04,PAYTM.NS,One97 (Paytm),Fintech,357.3999938964844
2024-06-05,PAYTM.NS,One97 (Paytm),Fintech,339.8500061035156
2024-06-06,PAYTM.NS,One97 (Paytm),Fintech,346.6499938964844
2024-06-07,PAYTM.NS,One97 (Paytm),Fintech,381.29998779296875
2024-06-10,PAYTM.NS,One97 (Paytm),Fintech,389.04998779296875
2024-06-11,PAYTM.NS,One97 (Paytm),Fintech,380.54998779296875
2024-06-12,PAYTM.NS,One97 (Paytm),Fintech,402.5
2024-06-13,PAYTM.NS,One97 (Paytm),Fintech,428.04998779296875
2024-06-14,PAYTM.NS,One97 (Paytm),Fintech,425.04998779296875
2024-06-18,PAYTM.NS,One97 (Paytm),Fintech,417.0
2024-06-19,PAYTM.NS,One97 (Paytm),Fintech,410.25
2024-06-20,PAYTM.NS,One97 (Paytm),Fintech,411.5
2024-06-21,PAYTM.NS,One97 (Paytm),Fintech,411.1499938964844
2024-06-24,PAYTM.NS,One97 (Paytm),Fintech,410.70001220703125
2024-06-25,PAYTM.NS,One97 (Paytm),Fintech,412.79998779296875
2024-06-26,PAYTM.NS,One97 (Paytm),Fintech,409.3500061035156
2024-06-27,PAYTM.NS,One97 (Paytm),Fintech,404.29998779296875
2024-06-28,PAYTM.NS,One97 (Paytm),Fintech,401.75
2024-07-01,PAYTM.NS,One97 (Paytm),Fintech,411.8500061035156
2024-07-02,PAYTM.NS,One97 (Paytm),Fintech,421.04998779296875
2024-07-03,PAYTM.NS,One97 (Paytm),Fintech,417.54998779296875
2024-07-04,PAYTM.NS,One97 (Paytm),Fintech,412.45001220703125
2024-07-05,PAYTM.NS,One97 (Paytm),Fintech,436.54998779296875
2024-07-08,PAYTM.NS,One97 (Paytm),Fintech,472.3500061035156
2024-07-09,PAYTM.NS,One97 (Paytm),Fintech,461.6499938964844
2024-07-10,PAYTM.NS,One97 (Paytm),Fintech,467.1499938964844
2024-07-11,PAYTM.NS,One97 (Paytm),Fintech,480.25
2024-07-12,PAYTM.NS,One97 (Paytm),Fintech,465.95001220703125
2024-07-15,PAYTM.NS,One97 (Paytm),Fintech,469.6499938964844
2024-07-16,PAYTM.NS,One97 (Paytm),Fintech,460.29998779296875
2024-07-18,PAYTM.NS,One97 (Paytm),Fintech,445.29998779296875
2024-07-19,PAYTM.NS,One97 (Paytm),Fintech,458.75
2024-07-22,PAYTM.NS,One97 (Paytm),Fintech,452.45001220703125
2024-07-23,PAYTM.NS,One97 (Paytm),Fintech,457.25
2024-07-24,PAYTM.NS,One97 (Paytm),Fintech,456.29998779296875
2024-07-25,PAYTM.NS,One97 (Paytm),Fintech,462.79998779296875
2024-07-26,PAYTM.NS,One97 (Paytm),Fintech,509.04998779296875
2024-07-29,PAYTM.NS,One97 (Paytm),Fintech,494.04998779296875
2024-07-30,PAYTM.NS,One97 (Paytm),Fintech,496.8999938964844
2024-07-31,PAYTM.NS,One97 (Paytm),Fintech,494.25
2024-08-01,PAYTM.NS,One97 (Paytm),Fintech,496.8500061035156
2024-08-02,PAYTM.NS,One97 (Paytm),Fintech,527.0
2024-08-05,PAYTM.NS,One97 (Paytm),Fintech,499.3999938964844
2024-08-06,PAYTM.NS,One97 (Paytm),Fintech,488.1000061035156
2024-08-07,PAYTM.NS,One97 (Paytm),Fintech,505.8500061035156
2024-08-08,PAYTM.NS,One97 (Paytm),Fintech,508.5
2024-08-09,PAYTM.NS,One97 (Paytm),Fintech,510.8500061035156
2024-08-12,PAYTM.NS,One97 (Paytm),Fintech,514.5999755859375
2024-08-13,PAYTM.NS,One97 (Paytm),Fintech,506.1499938964844
2024-08-14,PAYTM.NS,One97 (Paytm),Fintech,538.7999877929688
2024-08-16,PAYTM.NS,One97 (Paytm),Fintech,564.25
2024-08-19,PAYTM.NS,One97 (Paytm),Fintech,572.7999877929688
2024-08-20,PAYTM.NS,One97 (Paytm),Fintech,572.8499755859375
2024-08-21,PAYTM.NS,One97 (Paytm),Fintech,574.0499877929688
2024-08-22,PAYTM.NS,One97 (Paytm),Fintech,553.7000122070312
2024-08-23,PAYTM.NS,One97 (Paytm),Fintech,554.8499755859375
2024-08-26,PAYTM.NS,One97 (Paytm),Fintech,530.4000244140625
2024-08-27,PAYTM.NS,One97 (Paytm),Fintech,545.1500244140625
2024-08-28,PAYTM.NS,One97 (Paytm),Fintech,538.0
2024-08-29,PAYTM.NS,One97 (Paytm),Fintech,554.5
2024-08-30,PAYTM.NS,One97 (Paytm),Fintech,621.9000244140625
2024-09-02,PAYTM.NS,One97 (Paytm),Fintech,607.8499755859375
2024-09-03,PAYTM.NS,One97 (Paytm),Fintech,595.5999755859375
2024-09-04,PAYTM.NS,One97 (Paytm),Fintech,613.9000244140625
2024-09-05,PAYTM.NS,One97 (Paytm),Fintech,626.5499877929688
2024-09-06,PAYTM.NS,One97 (Paytm),Fintech,603.7999877929688
2024-09-09,PAYTM.NS,One97 (Paytm),Fintech,627.6500244140625
2024-09-10,PAYTM.NS,One97 (Paytm),Fintech,653.4000244140625
2024-09-11,PAYTM.NS,One97 (Paytm),Fintech,666.5
2024-09-12,PAYTM.NS,One97 (Paytm),Fintech,666.0
2024-09-13,PAYTM.NS,One97 (Paytm),Fintech,654.9500122070312
2024-09-16,PAYTM.NS,One97 (Paytm),Fintech,682.1500244140625
2024-09-17,PAYTM.NS,One97 (Paytm),Fintech,664.4000244140625
2024-09-18,PAYTM.NS,One97 (Paytm),Fintech,671.4500122070312
2024-09-19,PAYTM.NS,One97 (Paytm),Fintech,655.0499877929688
2024-09-20,PAYTM.NS,One97 (Paytm),Fintech,664.0999755859375
2024-09-23,PAYTM.NS,One97 (Paytm),Fintech,651.5499877929688
2024-09-24,PAYTM.NS,One97 (Paytm),Fintech,680.9500122070312
2024-09-25,PAYTM.NS,One97 (Paytm),Fintech,687.4500122070312
2024-09-26,PAYTM.NS,One97 (Paytm),Fintech,705.1500244140625
2024-09-27,PAYTM.NS,One97 (Paytm),Fintech,672.2999877929688
2024-09-30,PAYTM.NS,One97 (Paytm),Fintech,688.2999877929688
2024-10-01,PAYTM.NS,One97 (Paytm),Fintech,731.3499755859375
2024-10-03,PAYTM.NS,One97 (Paytm),Fintech,727.5499877929688
2024-10-04,PAYTM.NS,One97 (Paytm),Fintech,695.1500244140625
2024-10-07,PAYTM.NS,One97 (Paytm),Fintech,651.8499755859375
2024-10-08,PAYTM.NS,One97 (Paytm),Fintech,750.5999755859375
2024-10-09,PAYTM.NS,One97 (Paytm),Fintech,741.25
2024-10-10,PAYTM.NS,One97 (Paytm),Fintech,732.0
2024-10-11,PAYTM.NS,One97 (Paytm),Fintech,724.5
2024-10-14,PAYTM.NS,One97 (Paytm),Fintech,717.6500244140625
2024-10-15,PAYTM.NS,One97 (Paytm),Fintech,729.75
2024-10-16,PAYTM.NS,One97 (Paytm),Fintech,721.9500122070312
2024-10-17,PAYTM.NS,One97 (Paytm),Fintech,696.1500244140625
2024-10-18,PAYTM.NS,One97 (Paytm),Fintech,725.1500244140625
2024-10-21,PAYTM.NS,One97 (Paytm),Fintech,725.9500122070312
2024-10-22,PAYTM.NS,One97 (Paytm),Fintech,686.4500122070312
2024-10-23,PAYTM.NS,One97 (Paytm),Fintech,745.0999755859375
2024-10-24,PAYTM.NS,One97 (Paytm),Fintech,764.4500122070312
2024-10-25,PAYTM.NS,One97 (Paytm),Fintech,744.4500122070312
2024-10-28,PAYTM.NS,One97 (Paytm),Fintech,733.2000122070312
2024-10-29,PAYTM.NS,One97 (Paytm),Fintech,744.4500122070312
2024-10-30,PAYTM.NS,One97 (Paytm),Fintech,752.0999755859375
2024-10-31,PAYTM.NS,One97 (Paytm),Fintech,758.9000244140625
2024-11-01,PAYTM.NS,One97 (Paytm),Fintech,761.8499755859375
2024-11-04,PAYTM.NS,One97 (Paytm),Fintech,751.2000122070312
2024-11-05,PAYTM.NS,One97 (Paytm),Fintech,764.4500122070312
2024-11-06,PAYTM.NS,One97 (Paytm),Fintech,797.7000122070312
2024-11-07,PAYTM.NS,One97 (Paytm),Fintech,795.8499755859375
2024-11-08,PAYTM.NS,One97 (Paytm),Fintech,848.5499877929688
2024-11-11,PAYTM.NS,One97 (Paytm),Fintech,820.1500244140625
2024-11-12,PAYTM.NS,One97 (Paytm),Fintech,789.7000122070312
2024-11-13,PAYTM.NS,One97 (Paytm),Fintech,753.25
2024-11-14,PAYTM.NS,One97 (Paytm),Fintech,769.0999755859375
2024-11-18,PAYTM.NS,One97 (Paytm),Fintech,783.9000244140625
2024-11-19,PAYTM.NS,One97 (Paytm),Fintech,814.25
2024-11-21,PAYTM.NS,One97 (Paytm),Fintech,845.4000244140625
2024-11-22,PAYTM.NS,One97 (Paytm),Fintech,900.9500122070312
2024-11-25,PAYTM.NS,One97 (Paytm),Fintech,892.9500122070312
2024-11-26,PAYTM.NS,One97 (Paytm),Fintech,886.5999755859375
2024-11-27,PAYTM.NS,One97 (Paytm),Fintech,918.9500122070312
2024-11-28,PAYTM.NS,One97 (Paytm),Fintech,926.6500244140625
2024-11-29,PAYTM.NS,One97 (Paytm),Fintech,901.75
2024-12-02,PAYTM.NS,One97 (Paytm),Fintech,895.9500122070312
2024-12-03,PAYTM.NS,One97 (Paytm),Fintech,902.5999755859375
2024-12-04,PAYTM.NS,One97 (Paytm),Fintech,939.8499755859375
2024-12-05,PAYTM.NS,One97 (Paytm),Fintech,955.8499755859375
2024-12-06,PAYTM.NS,One97 (Paytm),Fintech,976.25
2024-12-09,PAYTM.NS,One97 (Paytm),Fintech,971.9500122070312
2024-12-10,PAYTM.NS,One97 (Paytm),Fintech,967.0
2024-12-11,PAYTM.NS,One97 (Paytm),Fintech,955.5999755859375
2024-12-12,PAYTM.NS,One97 (Paytm),Fintech,955.5999755859375
2024-12-13,PAYTM.NS,One97 (Paytm),Fintech,984.25
2024-12-16,PAYTM.NS,One97 (Paytm),Fintech,1007.0499877929688
2024-12-17,PAYTM.NS,One97 (Paytm),Fintech,1014.6500244140625
2024-12-18,PAYTM.NS,One97 (Paytm),Fintech,1009.0499877929688
2024-12-19,PAYTM.NS,One97 (Paytm),Fintech,996.0999755859375
2024-12-20,PAYTM.NS,One97 (Paytm),Fintech,945.25
2024-12-23,PAYTM.NS,One97 (Paytm),Fintech,966.0999755859375
2024-12-24,PAYTM.NS,One97 (Paytm),Fintech,982.5499877929688
2024-12-26,PAYTM.NS,One97 (Paytm),Fintech,1002.3499755859375
2024-12-27,PAYTM.NS,One97 (Paytm),Fintech,1014.25
2024-12-30,PAYTM.NS,One97 (Paytm),Fintech,1020.9000244140625
2024-12-31,PAYTM.NS,One97 (Paytm),Fintech,1017.8499755859375
2025-01-01,PAYTM.NS,One97 (Paytm),Fintech,987.5999755859375
2025-01-02,PAYTM.NS,One97 (Paytm),Fintech,982.4000244140625
2025-01-03,PAYTM.NS,One97 (Paytm),Fintech,982.7999877929688
2025-01-06,PAYTM.NS,One97 (Paytm),Fintech,969.0499877929688
2025-01-07,PAYTM.NS,One97 (Paytm),Fintech,983.2000122070312
2025-01-08,PAYTM.NS,One97 (Paytm),Fintech,902.0499877929688
2025-01-09,PAYTM.NS,One97 (Paytm),Fintech,894.6500244140625
2025-01-10,PAYTM.NS,One97 (Paytm),Fintech,847.7000122070312
2025-01-13,PAYTM.NS,One97 (Paytm),Fintech,789.7000122070312
2025-01-14,PAYTM.NS,One97 (Paytm),Fintech,817.9000244140625
2025-01-15,PAYTM.NS,One97 (Paytm),Fintech,859.0499877929688
2025-01-16,PAYTM.NS,One97 (Paytm),Fintech,895.0
2025-01-17,PAYTM.NS,One97 (Paytm),Fintech,900.1500244140625
2025-01-20,PAYTM.NS,One97 (Paytm),Fintech,898.5999755859375
2025-01-21,PAYTM.NS,One97 (Paytm),Fintech,854.2999877929688
2025-01-22,PAYTM.NS,One97 (Paytm),Fintech,841.3499755859375
2025-01-23,PAYTM.NS,One97 (Paytm),Fintech,849.0999755859375
2025-01-24,PAYTM.NS,One97 (Paytm),Fintech,807.4500122070312
2025-01-27,PAYTM.NS,One97 (Paytm),Fintech,779.9500122070312
2025-01-28,PAYTM.NS,One97 (Paytm),Fintech,769.2000122070312
2025-01-29,PAYTM.NS,One97 (Paytm),Fintech,808.6500244140625
2025-01-30,PAYTM.NS,One97 (Paytm),Fintech,771.9000244140625
2025-01-31,PAYTM.NS,One97 (Paytm),Fintech,775.75
2025-02-01,PAYTM.NS,One97 (Paytm),Fintech,743.0999755859375
2025-02-03,PAYTM.NS,One97 (Paytm),Fintech,774.7000122070312
2025-02-04,PAYTM.NS,One97 (Paytm),Fintech,781.7000122070312
2025-02-05,PAYTM.NS,One97 (Paytm),Fintech,803.0
2025-02-06,PAYTM.NS,One97 (Paytm),Fintech,798.0999755859375
2025-02-07,PAYTM.NS,One97 (Paytm),Fintech,809.7999877929688
2025-02-10,PAYTM.NS,One97 (Paytm),Fintech,775.25
2025-02-11,PAYTM.NS,One97 (Paytm),Fintech,749.8499755859375
2025-02-12,PAYTM.NS,One97 (Paytm),Fintech,745.4000244140625
2025-02-13,PAYTM.NS,One97 (Paytm),Fintech,755.4000244140625
2025-02-14,PAYTM.NS,One97 (Paytm),Fintech,724.0499877929688
2025-02-17,PAYTM.NS,One97 (Paytm),Fintech,733.0
2025-02-18,PAYTM.NS,One97 (Paytm),Fintech,718.0499877929688
2025-02-19,PAYTM.NS,One97 (Paytm),Fintech,744.7000122070312
2025-02-20,PAYTM.NS,One97 (Paytm),Fintech,755.5499877929688
2025-02-21,PAYTM.NS,One97 (Paytm),Fintech,766.1500244140625
2025-02-24,PAYTM.NS,One97 (Paytm),Fintech,755.0999755859375
2025-02-25,PAYTM.NS,One97 (Paytm),Fintech,734.7000122070312
2025-02-27,PAYTM.NS,One97 (Paytm),Fintech,725.5499877929688
2025-02-28,PAYTM.NS,One97 (Paytm),Fintech,714.9500122070312
2025-03-03,PAYTM.NS,One97 (Paytm),Fintech,726.4500122070312
2025-03-04,PAYTM.NS,One97 (Paytm),Fintech,698.5
2025-03-05,PAYTM.NS,One97 (Paytm),Fintech,708.9000244140625
2025-03-06,PAYTM.NS,One97 (Paytm),Fintech,706.3499755859375
2025-03-07,PAYTM.NS,One97 (Paytm),Fintech,684.8499755859375
2025-03-10,PAYTM.NS,One97 (Paytm),Fintech,665.25
2025-03-11,PAYTM.NS,One97 (Paytm),Fintech,713.3499755859375
2025-03-12,PAYTM.NS,One97 (Paytm),Fintech,702.0
2025-03-13,PAYTM.NS,One97 (Paytm),Fintech,682.8499755859375
2025-03-17,PAYTM.NS,One97 (Paytm),Fintech,688.9000244140625
2025-03-18,PAYTM.NS,One97 (Paytm),Fintech,688.9000244140625
2025-03-19,PAYTM.NS,One97 (Paytm),Fintech,763.0999755859375
2025-03-20,PAYTM.NS,One97 (Paytm),Fintech,734.4000244140625
2025-03-21,PAYTM.NS,One97 (Paytm),Fintech,751.0499877929688
2025-03-24,PAYTM.NS,One97 (Paytm),Fintech,765.4000244140625
2025-03-25,PAYTM.NS,One97 (Paytm),Fintech,777.4000244140625
2025-03-26,PAYTM.NS,One97 (Paytm),Fintech,776.9000244140625
2025-03-27,PAYTM.NS,One97 (Paytm),Fintech,810.0999755859375
2025-03-28,PAYTM.NS,One97 (Paytm),Fintech,783.4500122070312
2025-04-01,PAYTM.NS,One97 (Paytm),Fintech,801.0999755859375
2025-04-02,PAYTM.NS,One97 (Paytm),Fintech,817.9500122070312
2025-04-03,PAYTM.NS,One97 (Paytm),Fintech,836.4000244140625
2025-04-04,PAYTM.NS,One97 (Paytm),Fintech,817.0499877929688
2025-04-07,PAYTM.NS,One97 (Paytm),Fintech,790.5499877929688
2025-04-08,PAYTM.NS,One97 (Paytm),Fintech,815.1500244140625
2025-04-09,PAYTM.NS,One97 (Paytm),Fintech,811.2000122070312
2025-04-11,PAYTM.NS,One97 (Paytm),Fintech,840.7000122070312
2025-04-15,PAYTM.NS,One97 (Paytm),Fintech,840.1500244140625
2025-04-16,PAYTM.NS,One97 (Paytm),Fintech,864.9500122070312
2025-04-17,PAYTM.NS,One97 (Paytm),Fintech,849.5999755859375
2025-04-21,PAYTM.NS,One97 (Paytm),Fintech,878.1500244140625
2025-04-22,PAYTM.NS,One97 (Paytm),Fintech,881.9000244140625
2025-04-23,PAYTM.NS,One97 (Paytm),Fintech,884.0999755859375
2025-04-24,PAYTM.NS,One97 (Paytm),Fintech,905.75
2025-04-25,PAYTM.NS,One97 (Paytm),Fintech,875.6500244140625
2025-04-28,PAYTM.NS,One97 (Paytm),Fintech,881.75
2025-04-29,PAYTM.NS,One97 (Paytm),Fintech,870.7000122070312
2025-04-30,PAYTM.NS,One97 (Paytm),Fintech,864.75
2025-05-02,PAYTM.NS,One97 (Paytm),Fintech,831.3499755859375
2025-05-05,PAYTM.NS,One97 (Paytm),Fintech,866.0
2025-05-06,PAYTM.NS,One97 (Paytm),Fintech,814.8499755859375
2025-05-07,PAYTM.NS,One97 (Paytm),Fintech,873.5
2025-05-08,PAYTM.NS,One97 (Paytm),Fintech,835.1500244140625
2025-05-09,PAYTM.NS,One97 (Paytm),Fintech,832.6500244140625
2025-05-12,PAYTM.NS,One97 (Paytm),Fintech,866.0499877929688
2025-05-13,PAYTM.NS,One97 (Paytm),Fintech,855.8499755859375
2025-05-14,PAYTM.NS,One97 (Paytm),Fintech,850.7000122070312
2025-05-15,PAYTM.NS,One97 (Paytm),Fintech,857.2000122070312
2025-05-16,PAYTM.NS,One97 (Paytm),Fintech,852.3499755859375
2025-05-19,PAYTM.NS,One97 (Paytm),Fintech,870.9500122070312
2025-05-20,PAYTM.NS,One97 (Paytm),Fintech,850.75
2025-05-21,PAYTM.NS,One97 (Paytm),Fintech,843.0999755859375
2025-05-22,PAYTM.NS,One97 (Paytm),Fintech,828.4500122070312
2025-05-23,PAYTM.NS,One97 (Paytm),Fintech,843.9500122070312
2025-05-26,PAYTM.NS,One97 (Paytm),Fintech,870.0
2025-05-27,PAYTM.NS,One97 (Paytm),Fintech,866.5499877929688
2025-05-28,PAYTM.NS,One97 (Paytm),Fintech,852.5999755859375
2025-05-29,PAYTM.NS,One97 (Paytm),Fintech,877.0999755859375
2025-05-30,PAYTM.NS,One97 (Paytm),Fintech,890.4500122070312
2025-06-02,PAYTM.NS,One97 (Paytm),Fintech,924.3499755859375
2025-06-03,PAYTM.NS,One97 (Paytm),Fintech,928.25
2025-06-04,PAYTM.NS,One97 (Paytm),Fintech,939.5499877929688
2025-06-05,PAYTM.NS,One97 (Paytm),Fintech,941.2999877929688
2025-06-06,PAYTM.NS,One97 (Paytm),Fintech,961.9500122070312
2025-06-09,PAYTM.NS,One97 (Paytm),Fintech,969.0499877929688
2025-06-10,PAYTM.NS,One97 (Paytm),Fintech,961.2999877929688
2025-06-11,PAYTM.NS,One97 (Paytm),Fintech,960.4500122070312
2025-06-12,PAYTM.NS,One97 (Paytm),Fintech,895.4000244140625
2025-06-13,PAYTM.NS,One97 (Paytm),Fintech,882.25
2025-06-16,PAYTM.NS,One97 (Paytm),Fintech,877.3499755859375
2025-06-17,PAYTM.NS,One97 (Paytm),Fintech,865.1500244140625
2025-06-18,PAYTM.NS,One97 (Paytm),Fintech,891.5
2025-06-19,PAYTM.NS,One97 (Paytm),Fintech,868.2000122070312
2025-06-20,PAYTM.NS,One97 (Paytm),Fintech,871.2000122070312
2025-06-23,PAYTM.NS,One97 (Paytm),Fintech,883.4500122070312
2025-06-24,PAYTM.NS,One97 (Paytm),Fintech,898.5
2025-06-25,PAYTM.NS,One97 (Paytm),Fintech,894.7000122070312
2025-06-26,PAYTM.NS,One97 (Paytm),Fintech,915.75
2025-06-27,PAYTM.NS,One97 (Paytm),Fintech,919.3499755859375
2025-06-30,PAYTM.NS,One97 (Paytm),Fintech,924.0
2025-07-01,PAYTM.NS,One97 (Paytm),Fintech,930.25
2025-07-02,PAYTM.NS,One97 (Paytm),Fintech,926.7000122070312
2025-07-03,PAYTM.NS,One97 (Paytm),Fintech,925.2999877929688
2025-07-04,PAYTM.NS,One97 (Paytm),Fintech,930.8499755859375
2025-07-07,PAYTM.NS,One97 (Paytm),Fintech,920.7999877929688
2025-07-08,PAYTM.NS,One97 (Paytm),Fintech,911.0499877929688
2025-07-09,PAYTM.NS,One97 (Paytm),Fintech,907.7000122070312
2025-07-10,PAYTM.NS,One97 (Paytm),Fintech,940.5499877929688
2025-07-11,PAYTM.NS,One97 (Paytm),Fintech,951.1500244140625
2025-07-14,PAYTM.NS,One97 (Paytm),Fintech,974.7000122070312
2025-07-15,PAYTM.NS,One97 (Paytm),Fintech,988.4500122070312
2025-07-16,PAYTM.NS,One97 (Paytm),Fintech,1005.0
2025-07-17,PAYTM.NS,One97 (Paytm),Fintech,999.4000244140625
2025-07-18,PAYTM.NS,One97 (Paytm),Fintech,1001.5999755859375
2025-07-21,PAYTM.NS,One97 (Paytm),Fintech,1017.7000122070312
2025-07-22,PAYTM.NS,One97 (Paytm),Fintech,1051.050048828125
2025-07-23,PAYTM.NS,One97 (Paytm),Fintech,1071.1500244140625
2025-07-24,PAYTM.NS,One97 (Paytm),Fintech,1106.25
2025-07-25,PAYTM.NS,One97 (Paytm),Fintech,1067.75
2025-07-28,PAYTM.NS,One97 (Paytm),Fintech,1094.199951171875
2025-07-29,PAYTM.NS,One97 (Paytm),Fintech,1073.0999755859375
2025-07-30,PAYTM.NS,One97 (Paytm),Fintech,1068.199951171875
2025-07-31,PAYTM.NS,One97 (Paytm),Fintech,1089.3499755859375
2025-08-01,PAYTM.NS,One97 (Paytm),Fintech,1076.4000244140625
2025-08-04,PAYTM.NS,One97 (Paytm),Fintech,1078.199951171875
2025-08-05,PAYTM.NS,One97 (Paytm),Fintech,1053.0
2025-08-06,PAYTM.NS,One97 (Paytm),Fintech,1055.4000244140625
2025-08-07,PAYTM.NS,One97 (Paytm),Fintech,1065.300048828125
2025-08-08,PAYTM.NS,One97 (Paytm),Fintech,1062.4000244140625
2025-08-11,PAYTM.NS,One97 (Paytm),Fintech,1122.0
2025-08-12,PAYTM.NS,One97 (Paytm),Fintech,1120.0
2025-08-13,PAYTM.NS,One97 (Paytm),Fintech,1155.0
2025-08-14,PAYTM.NS,One97 (Paytm),Fintech,1151.300048828125
2025-08-18,PAYTM.NS,One97 (Paytm),Fintech,1173.800048828125
2025-08-19,PAYTM.NS,One97 (Paytm),Fintech,1226.199951171875
2025-08-20,PAYTM.NS,One97 (Paytm),Fintech,1248.0
2025-08-21,PAYTM.NS,One97 (Paytm),Fintech,1245.5999755859375
2025-08-22,PAYTM.NS,One97 (Paytm),Fintech,1264.5999755859375
2025-08-25,PAYTM.NS,One97 (Paytm),Fintech,1276.0999755859375
2025-08-26,PAYTM.NS,One97 (Paytm),Fintech,1253.0999755859375
2025-08-28,PAYTM.NS,One97 (Paytm),Fintech,1230.800048828125
2025-08-29,PAYTM.NS,One97 (Paytm),Fintech,1207.0
2025-09-01,PAYTM.NS,One97 (Paytm),Fintech,1235.800048828125
2025-09-02,PAYTM.NS,One97 (Paytm),Fintech,1257.9000244140625
2025-09-03,PAYTM.NS,One97 (Paytm),Fintech,1288.300048828125
2025-09-04,PAYTM.NS,One97 (Paytm),Fintech,1241.0999755859375
2025-09-05,PAYTM.NS,One97 (Paytm),Fintech,1254.699951171875
2025-09-08,PAYTM.NS,One97 (Paytm),Fintech,1253.0
2025-09-09,PAYTM.NS,One97 (Paytm),Fintech,1219.0999755859375
2025-09-10,PAYTM.NS,One97 (Paytm),Fintech,1237.5999755859375
2025-09-11,PAYTM.NS,One97 (Paytm),Fintech,1224.0
2025-09-12,PAYTM.NS,One97 (Paytm),Fintech,1219.0
2025-09-15,PAYTM.NS,One97 (Paytm),Fintech,1228.0
2025-09-16,PAYTM.NS,One97 (Paytm),Fintech,1231.300048828125
2025-09-17,PAYTM.NS,One97 (Paytm),Fintech,1222.0999755859375
2025-09-18,PAYTM.NS,One97 (Paytm),Fintech,1229.300048828125
2025-09-19,PAYTM.NS,One97 (Paytm),Fintech,1177.199951171875
2025-09-22,PAYTM.NS,One97 (Paytm),Fintech,1196.199951171875
2025-09-23,PAYTM.NS,One97 (Paytm),Fintech,1179.4000244140625
2025-09-24,PAYTM.NS,One97 (Paytm),Fintech,1162.199951171875
2025-09-25,PAYTM.NS,One97 (Paytm),Fintech,1141.4000244140625
2025-09-26,PAYTM.NS,One97 (Paytm),Fintech,1125.199951171875
2025-09-29,PAYTM.NS,One97 (Paytm),Fintech,1119.0
2025-09-30,PAYTM.NS,One97 (Paytm),Fintech,1123.800048828125
2025-10-01,PAYTM.NS,One97 (Paytm),Fintech,1148.5999755859375
2025-10-03,PAYTM.NS,One97 (Paytm),Fintech,1168.0
2025-10-06,PAYTM.NS,One97 (Paytm),Fintech,1224.199951171875
2025-10-07,PAYTM.NS,One97 (Paytm),Fintech,1237.5999755859375
2025-10-08,PAYTM.NS,One97 (Paytm),Fintech,1224.9000244140625
2025-10-09,PAYTM.NS,One97 (Paytm),Fintech,1246.300048828125
2025-10-10,PAYTM.NS,One97 (Paytm),Fintech,1236.9000244140625
2025-10-13,PAYTM.NS,One97 (Paytm),Fintech,1249.4000244140625
2025-10-14,PAYTM.NS,One97 (Paytm),Fintech,1244.800048828125
2025-10-15,PAYTM.NS,One97 (Paytm),Fintech,1277.300048828125
2025-10-16,PAYTM.NS,One97 (Paytm),Fintech,1274.0
2025-10-17,PAYTM.NS,One97 (Paytm),Fintech,1285.300048828125
2025-10-20,PAYTM.NS,One97 (Paytm),Fintech,1305.5
2025-10-21,PAYTM.NS,One97 (Paytm),Fintech,1308.199951171875
2025-10-23,PAYTM.NS,One97 (Paytm),Fintech,1284.0999755859375
2025-10-24,PAYTM.NS,One97 (Paytm),Fintech,1287.0
2025-10-27,PAYTM.NS,One97 (Paytm),Fintech,1306.199951171875
2025-10-28,PAYTM.NS,One97 (Paytm),Fintech,1309.699951171875
2025-10-29,PAYTM.NS,One97 (Paytm),Fintech,1309.300048828125
2025-10-30,PAYTM.NS,One97 (Paytm),Fintech,1309.800048828125
2025-10-31,PAYTM.NS,One97 (Paytm),Fintech,1303.199951171875
2025-11-03,PAYTM.NS,One97 (Paytm),Fintech,1274.800048828125
2025-11-04,PAYTM.NS,One97 (Paytm),Fintech,1268.0
2025-11-06,PAYTM.NS,One97 (Paytm),Fintech,1320.5999755859375
2025-11-07,PAYTM.NS,One97 (Paytm),Fintech,1346.5
2025-11-10,PAYTM.NS,One97 (Paytm),Fintech,1330.699951171875
2025-11-11,PAYTM.NS,One97 (Paytm),Fintech,1332.5999755859375
2025-11-12,PAYTM.NS,One97 (Paytm),Fintech,1306.199951171875
2025-11-13,PAYTM.NS,One97 (Paytm),Fintech,1307.5
2025-11-14,PAYTM.NS,One97 (Paytm),Fintech,1299.199951171875
2025-11-17,PAYTM.NS,One97 (Paytm),Fintech,1332.9000244140625
2025-11-18,PAYTM.NS,One97 (Paytm),Fintech,1295.5
2025-11-19,PAYTM.NS,One97 (Paytm),Fintech,1282.5999755859375
2025-11-20,PAYTM.NS,One97 (Paytm),Fintech,1283.9000244140625
2025-11-21,PAYTM.NS,One97 (Paytm),Fintech,1265.800048828125
2025-11-24,PAYTM.NS,One97 (Paytm),Fintech,1260.699951171875
2025-11-25,PAYTM.NS,One97 (Paytm),Fintech,1241.4000244140625
2025-11-26,PAYTM.NS,One97 (Paytm),Fintech,1286.5
2025-11-27,PAYTM.NS,One97 (Paytm),Fintech,1293.0999755859375
2025-11-28,PAYTM.NS,One97 (Paytm),Fintech,1320.5999755859375
2025-12-01,PAYTM.NS,One97 (Paytm),Fintech,1367.800048828125
2025-12-02,PAYTM.NS,One97 (Paytm),Fintech,1364.199951171875
2025-12-03,PAYTM.NS,One97 (Paytm),Fintech,1338.9000244140625
2025-12-04,PAYTM.NS,One97 (Paytm),Fintech,1328.5999755859375
2025-12-05,PAYTM.NS,One97 (Paytm),Fintech,1344.5999755859375
2025-12-08,PAYTM.NS,One97 (Paytm),Fintech,1321.0
2025-12-09,PAYTM.NS,One97 (Paytm),Fintech,1316.699951171875
2025-12-10,PAYTM.NS,One97 (Paytm),Fintech,1268.300048828125
2025-12-11,PAYTM.NS,One97 (Paytm),Fintech,1280.5
2025-12-12,PAYTM.NS,One97 (Paytm),Fintech,1304.699951171875
2025-12-15,PAYTM.NS,One97 (Paytm),Fintech,1310.0999755859375
2025-12-16,PAYTM.NS,One97 (Paytm),Fintech,1281.4000244140625
2025-12-17,PAYTM.NS,One97 (Paytm),Fintech,1268.5999755859375
2025-12-18,PAYTM.NS,One97 (Paytm),Fintech,1286.0999755859375
2025-12-19,PAYTM.NS,One97 (Paytm),Fintech,1336.0
2025-12-22,PAYTM.NS,One97 (Paytm),Fintech,1328.9000244140625
2025-12-23,PAYTM.NS,One97 (Paytm),Fintech,1340.300048828125
2025-12-24,PAYTM.NS,One97 (Paytm),Fintech,1324.699951171875
2025-12-26,PAYTM.NS,One97 (Paytm),Fintech,1315.300048828125
2025-12-29,PAYTM.NS,One97 (Paytm),Fintech,1309.0
2025-12-30,PAYTM.NS,One97 (Paytm),Fintech,1294.5999755859375
2025-12-31,PAYTM.NS,One97 (Paytm),Fintech,1298.9000244140625
2026-01-01,PAYTM.NS,One97 (Paytm),Fintech,1291.699951171875
2026-01-02,PAYTM.NS,One97 (Paytm),Fintech,1340.5999755859375
2026-01-05,PAYTM.NS,One97 (Paytm),Fintech,1340.0999755859375
2026-01-06,PAYTM.NS,One97 (Paytm),Fintech,1332.0999755859375
2026-01-07,PAYTM.NS,One97 (Paytm),Fintech,1318.800048828125
2026-01-08,PAYTM.NS,One97 (Paytm),Fintech,1301.800048828125
2026-01-09,PAYTM.NS,One97 (Paytm),Fintech,1288.5999755859375
2026-01-12,PAYTM.NS,One97 (Paytm),Fintech,1267.5
2026-01-13,PAYTM.NS,One97 (Paytm),Fintech,1281.5999755859375
2026-01-14,PAYTM.NS,One97 (Paytm),Fintech,1313.300048828125
2026-01-15,PAYTM.NS,One97 (Paytm),Fintech,1313.300048828125
2026-01-16,PAYTM.NS,One97 (Paytm),Fintech,1342.5
2026-01-19,PAYTM.NS,One97 (Paytm),Fintech,1331.4000244140625
2026-01-20,PAYTM.NS,One97 (Paytm),Fintech,1296.800048828125
2026-01-21,PAYTM.NS,One97 (Paytm),Fintech,1235.9000244140625
2026-01-22,PAYTM.NS,One97 (Paytm),Fintech,1260.5
2026-01-23,PAYTM.NS,One97 (Paytm),Fintech,1138.800048828125
2026-01-27,PAYTM.NS,One97 (Paytm),Fintech,1144.800048828125
2026-01-28,PAYTM.NS,One97 (Paytm),Fintech,1177.0
2026-01-29,PAYTM.NS,One97 (Paytm),Fintech,1168.0999755859375
2026-01-30,PAYTM.NS,One97 (Paytm),Fintech,1137.5
2026-02-02,PAYTM.NS,One97 (Paytm),Fintech,1171.4000244140625
2026-02-03,PAYTM.NS,One97 (Paytm),Fintech,1198.0999755859375
2026-02-04,PAYTM.NS,One97 (Paytm),Fintech,1206.5
2026-02-05,PAYTM.NS,One97 (Paytm),Fintech,1211.699951171875
2026-02-06,PAYTM.NS,One97 (Paytm),Fintech,1187.4000244140625
2026-02-09,PAYTM.NS,One97 (Paytm),Fintech,1179.9000244140625
2026-02-10,PAYTM.NS,One97 (Paytm),Fintech,1161.300048828125
2026-02-11,PAYTM.NS,One97 (Paytm),Fintech,1160.0
2026-02-12,PAYTM.NS,One97 (Paytm),Fintech,1148.699951171875
2026-02-13,PAYTM.NS,One97 (Paytm),Fintech,1126.300048828125
2026-02-16,PAYTM.NS,One97 (Paytm),Fintech,1123.0999755859375
2026-02-17,PAYTM.NS,One97 (Paytm),Fintech,1169.300048828125
2026-02-18,PAYTM.NS,One97 (Paytm),Fintech,1199.5999755859375
2026-02-19,PAYTM.NS,One97 (Paytm),Fintech,1145.5999755859375
2026-02-20,PAYTM.NS,One97 (Paytm),Fintech,1153.300048828125
2026-02-23,PAYTM.NS,One97 (Paytm),Fintech,1173.699951171875
2026-02-24,PAYTM.NS,One97 (Paytm),Fintech,1131.699951171875
2026-02-25,PAYTM.NS,One97 (Paytm),Fintech,1133.199951171875
2026-02-26,PAYTM.NS,One97 (Paytm),Fintech,1122.800048828125
2026-02-27,PAYTM.NS,One97 (Paytm),Fintech,1098.300048828125
2026-03-02,PAYTM.NS,One97 (Paytm),Fintech,1059.4000244140625
2026-03-04,PAYTM.NS,One97 (Paytm),Fintech,1045.5
2026-03-05,PAYTM.NS,One97 (Paytm),Fintech,1052.9000244140625
2026-03-06,PAYTM.NS,One97 (Paytm),Fintech,1038.300048828125
2026-03-09,PAYTM.NS,One97 (Paytm),Fintech,1038.699951171875
2026-03-10,PAYTM.NS,One97 (Paytm),Fintech,1040.5999755859375
2026-03-11,PAYTM.NS,One97 (Paytm),Fintech,1025.699951171875
2026-03-12,PAYTM.NS,One97 (Paytm),Fintech,1009.0999755859375
2026-03-13,PAYTM.NS,One97 (Paytm),Fintech,976.2000122070312
2026-03-16,PAYTM.NS,One97 (Paytm),Fintech,1013.7999877929688
2026-03-17,PAYTM.NS,One97 (Paytm),Fintech,1022.0
2026-03-18,PAYTM.NS,One97 (Paytm),Fintech,1076.4000244140625
2026-03-19,PAYTM.NS,One97 (Paytm),Fintech,1041.800048828125
2026-03-20,PAYTM.NS,One97 (Paytm),Fintech,1054.300048828125
2026-03-23,PAYTM.NS,One97 (Paytm),Fintech,992.7999877929688
2026-03-24,PAYTM.NS,One97 (Paytm),Fintech,1035.0999755859375
2026-03-25,PAYTM.NS,One97 (Paytm),Fintech,1065.9000244140625
2026-03-27,PAYTM.NS,One97 (Paytm),Fintech,1008.7999877929688
2026-03-30,PAYTM.NS,One97 (Paytm),Fintech,959.0
2026-04-01,PAYTM.NS,One97 (Paytm),Fintech,997.0999755859375
2026-04-02,PAYTM.NS,One97 (Paytm),Fintech,1006.0
2026-04-06,PAYTM.NS,One97 (Paytm),Fintech,1029.0999755859375
2026-04-07,PAYTM.NS,One97 (Paytm),Fintech,1028.449951171875
2026-04-08,PAYTM.NS,One97 (Paytm),Fintech,1112.949951171875
2026-04-09,PAYTM.NS,One97 (Paytm),Fintech,1097.949951171875
2026-04-10,PAYTM.NS,One97 (Paytm),Fintech,1123.8499755859375
2026-04-13,PAYTM.NS,One97 (Paytm),Fintech,1106.699951171875
2026-04-15,PAYTM.NS,One97 (Paytm),Fintech,1140.0999755859375
2026-04-16,PAYTM.NS,One97 (Paytm),Fintech,1148.8499755859375
2026-04-17,PAYTM.NS,One97 (Paytm),Fintech,1161.6500244140625
2026-04-20,PAYTM.NS,One97 (Paytm),Fintech,1161.3499755859375
2026-04-21,PAYTM.NS,One97 (Paytm),Fintech,1166.800048828125
2026-04-22,PAYTM.NS,One97 (Paytm),Fintech,1162.1500244140625
2026-04-23,PAYTM.NS,One97 (Paytm),Fintech,1159.550048828125
2026-04-24,PAYTM.NS,One97 (Paytm),Fintech,1147.3499755859375
2026-04-27,PAYTM.NS,One97 (Paytm),Fintech,1132.050048828125
2026-04-28,PAYTM.NS,One97 (Paytm),Fintech,1129.1500244140625
2026-04-29,PAYTM.NS,One97 (Paytm),Fintech,1104.199951171875
2026-04-30,PAYTM.NS,One97 (Paytm),Fintech,1095.800048828125
2026-05-01,PAYTM.NS,One97 (Paytm),Fintech,1095.800048828125
2026-05-04,PAYTM.NS,One97 (Paytm),Fintech,1115.800048828125
2026-05-05,PAYTM.NS,One97 (Paytm),Fintech,1088.0
2026-05-06,PAYTM.NS,One97 (Paytm),Fintech,1110.5999755859375
2026-05-07,PAYTM.NS,One97 (Paytm),Fintech,1197.4000244140625
2026-05-08,PAYTM.NS,One97 (Paytm),Fintech,1187.0999755859375
2026-05-11,PAYTM.NS,One97 (Paytm),Fintech,1196.5999755859375
2026-05-12,PAYTM.NS,One97 (Paytm),Fintech,1154.5999755859375
2026-05-13,PAYTM.NS,One97 (Paytm),Fintech,1121.800048828125
2026-05-14,PAYTM.NS,One97 (Paytm),Fintech,1144.5999755859375
2026-05-15,PAYTM.NS,One97 (Paytm),Fintech,1131.199951171875
2026-05-18,PAYTM.NS,One97 (Paytm),Fintech,1105.0999755859375
2026-05-19,PAYTM.NS,One97 (Paytm),Fintech,1121.4000244140625
2026-05-20,PAYTM.NS,One97 (Paytm),Fintech,1153.5
2026-05-21,PAYTM.NS,One97 (Paytm),Fintech,1155.5999755859375
2026-05-22,PAYTM.NS,One97 (Paytm),Fintech,1112.4000244140625
2026-05-25,PAYTM.NS,One97 (Paytm),Fintech,1097.4000244140625
2026-05-26,PAYTM.NS,One97 (Paytm),Fintech,1131.5999755859375
2026-05-27,PAYTM.NS,One97 (Paytm),Fintech,1128.199951171875
2026-05-28,PAYTM.NS,One97 (Paytm),Fintech,1128.199951171875
2026-05-29,PAYTM.NS,One97 (Paytm),Fintech,1118.800048828125
2026-06-01,PAYTM.NS,One97 (Paytm),Fintech,1095.0
2026-06-02,PAYTM.NS,One97 (Paytm),Fintech,1070.9000244140625
2026-06-03,PAYTM.NS,One97 (Paytm),Fintech,1062.699951171875
2026-06-04,PAYTM.NS,One97 (Paytm),Fintech,1058.5
2026-06-05,PAYTM.NS,One97 (Paytm),Fintech,1065.199951171875
2026-06-08,PAYTM.NS,One97 (Paytm),Fintech,1031.699951171875
2026-06-09,PAYTM.NS,One97 (Paytm),Fintech,1072.0
2026-06-10,PAYTM.NS,One97 (Paytm),Fintech,1066.300048828125
2026-06-11,PAYTM.NS,One97 (Paytm),Fintech,1023.0999755859375
2026-06-12,PAYTM.NS,One97 (Paytm),Fintech,1073.9000244140625
2026-06-15,PAYTM.NS,One97 (Paytm),Fintech,1121.4000244140625
2026-06-16,PAYTM.NS,One97 (Paytm),Fintech,1108.5
2026-06-17,PAYTM.NS,One97 (Paytm),Fintech,1120.0999755859375
2026-06-18,PAYTM.NS,One97 (Paytm),Fintech,1093.9000244140625
2026-06-19,PAYTM.NS,One97 (Paytm),Fintech,1090.0999755859375
2026-06-22,PAYTM.NS,One97 (Paytm),Fintech,1089.300048828125
2026-06-23,PAYTM.NS,One97 (Paytm),Fintech,1088.0
2026-06-24,PAYTM.NS,One97 (Paytm),Fintech,1087.300048828125
2026-06-25,PAYTM.NS,One97 (Paytm),Fintech,1124.800048828125
2026-06-26,PAYTM.NS,One97 (Paytm),Fintech,1124.800048828125
2026-06-29,PAYTM.NS,One97 (Paytm),Fintech,1133.0999755859375
2026-06-30,PAYTM.NS,One97 (Paytm),Fintech,1141.5
2026-07-01,PAYTM.NS,One97 (Paytm),Fintech,1203.699951171875
2026-07-02,PAYTM.NS,One97 (Paytm),Fintech,1213.4000244140625
2026-07-03,PAYTM.NS,One97 (Paytm),Fintech,1221.4000244140625
2026-07-06,PAYTM.NS,One97 (Paytm),Fintech,1218.199951171875
2026-07-07,PAYTM.NS,One97 (Paytm),Fintech,1246.0
2026-07-08,PAYTM.NS,One97 (Paytm),Fintech,1223.4000244140625
2026-07-09,PAYTM.NS,One97 (Paytm),Fintech,1262.9000244140625
2026-07-10,PAYTM.NS,One97 (Paytm),Fintech,1341.800048828125
2026-07-13,PAYTM.NS,One97 (Paytm),Fintech,1386.5
2026-07-14,PAYTM.NS,One97 (Paytm),Fintech,1381.4000244140625
2026-07-15,PAYTM.NS,One97 (Paytm),Fintech,1368.0
2026-07-16,PAYTM.NS,One97 (Paytm),Fintech,1361.0999755859375
2026-07-17,PAYTM.NS,One97 (Paytm),Fintech,1348.0
2026-07-21,PAYTM.NS,One97 (Paytm),Fintech,1300.5
2026-07-23,PAYTM.NS,One97 (Paytm),Fintech,1256.800048828125
2026-07-24,PAYTM.NS,One97 (Paytm),Fintech,1283.199951171875
2026-07-27,PAYTM.NS,One97 (Paytm),Fintech,1289.4000244140625
2026-07-28,PAYTM.NS,One97 (Paytm),Fintech,1307.9000244140625
2026-07-29,PAYTM.NS,One97 (Paytm),Fintech,1330.0
2026-07-30,PAYTM.NS,One97 (Paytm),Fintech,1332.5
2026-07-31,PAYTM.NS,One97 (Paytm),Fintech,1343.0
2026-08-03,PAYTM.NS,One97 (Paytm),Fintech,1410.0
2026-08-04,PAYTM.NS,One97 (Paytm),Fintech,1400.0
2026-08-05,PAYTM.NS,One97 (Paytm),Fintech,1429.0
2026-08-06,PAYTM.NS,One97 (Paytm),Fintech,1442.0
2026-08-07,PAYTM.NS,One97 (Paytm),Fintech,1441.5999755859375
2026-08-10,PAYTM.NS,One97 (Paytm),Fintech,1584.0999755859375
2026-08-11,PAYTM.NS,One97 (Paytm),Fintech,1593.699951171875
2026-08-12,PAYTM.NS,One97 (Paytm),Fintech,1610.0
2026-08-13,PAYTM.NS,One97 (Paytm),Fintech,1649.5
2026-08-14,PAYTM.NS,One97 (Paytm),Fintech,1603.0
2026-08-17,PAYTM.NS,One97 (Paytm),Fintech,1580.199951171875
2026-08-18,PAYTM.NS,One97 (Paytm),Fintech,1546.300048828125
2026-08-19,PAYTM.NS,One97 (Paytm),Fintech,1583.5
2026-08-20,PAYTM.NS,One97 (Paytm),Fintech,1603.5999755859375
2021-08-20,PNB.NS,Punjab National Bank,Public,32.098201751708984
2021-08-23,PNB.NS,Punjab National Bank,Public,32.5941047668457
2021-08-24,PNB.NS,Punjab National Bank,Public,32.7744255065918
2021-08-25,PNB.NS,Punjab National Bank,Public,32.864593505859375
2021-08-26,PNB.NS,Punjab National Bank,Public,32.27853012084961
2021-08-27,PNB.NS,Punjab National Bank,Public,32.5941047668457
2021-08-30,PNB.NS,Punjab National Bank,Public,33.13508987426758
2021-08-31,PNB.NS,Punjab National Bank,Public,33.044921875
2021-09-01,PNB.NS,Punjab National Bank,Public,33.676063537597656
2021-09-02,PNB.NS,Punjab National Bank,Public,33.766231536865234
2021-09-03,PNB.NS,Punjab National Bank,Public,34.30720901489258
2021-09-06,PNB.NS,Punjab National Bank,Public,34.12687683105469
2021-09-07,PNB.NS,Punjab National Bank,Public,33.721153259277344
2021-09-08,PNB.NS,Punjab National Bank,Public,33.94655990600586
2021-09-09,PNB.NS,Punjab National Bank,Public,33.856388092041016
2021-09-13,PNB.NS,Punjab National Bank,Public,33.9014778137207
2021-09-14,PNB.NS,Punjab National Bank,Public,34.0817985534668
2021-09-15,PNB.NS,Punjab National Bank,Public,34.938358306884766
2021-09-16,PNB.NS,Punjab National Bank,Public,37.6883430480957
2021-09-17,PNB.NS,Punjab National Bank,Public,35.83998489379883
2021-09-20,PNB.NS,Punjab National Bank,Public,34.352291107177734
2021-09-21,PNB.NS,Punjab National Bank,Public,34.352291107177734
2021-09-22,PNB.NS,Punjab National Bank,Public,34.397377014160156
2021-09-23,PNB.NS,Punjab National Bank,Public,34.71294403076172
2021-09-24,PNB.NS,Punjab National Bank,Public,34.171966552734375
2021-09-27,PNB.NS,Punjab National Bank,Public,34.57769775390625
2021-09-28,PNB.NS,Punjab National Bank,Public,35.299007415771484
2021-09-29,PNB.NS,Punjab National Bank,Public,35.74982833862305
2021-09-30,PNB.NS,Punjab National Bank,Public,36.15555953979492
2021-10-01,PNB.NS,Punjab National Bank,Public,36.60637664794922
2021-10-04,PNB.NS,Punjab National Bank,Public,37.057193756103516
2021-10-05,PNB.NS,Punjab National Bank,Public,37.012115478515625
2021-10-06,PNB.NS,Punjab National Bank,Public,35.97523880004883
2021-10-07,PNB.NS,Punjab National Bank,Public,35.97523880004883
2021-10-08,PNB.NS,Punjab National Bank,Public,36.33588790893555
2021-10-11,PNB.NS,Punjab National Bank,Public,36.47114181518555
2021-10-12,PNB.NS,Punjab National Bank,Public,37.192440032958984
2021-10-13,PNB.NS,Punjab National Bank,Public,37.37276840209961
2021-10-14,PNB.NS,Punjab National Bank,Public,38.364566802978516
2021-10-18,PNB.NS,Punjab National Bank,Public,41.4752082824707
2021-10-19,PNB.NS,Punjab National Bank,Public,39.807186126708984
2021-10-20,PNB.NS,Punjab National Bank,Public,38.86046600341797
2021-10-21,PNB.NS,Punjab National Bank,Public,40.25799560546875
2021-10-22,PNB.NS,Punjab National Bank,Public,39.62685775756836
2021-10-25,PNB.NS,Punjab National Bank,Public,40.48341369628906
2021-10-26,PNB.NS,Punjab National Bank,Public,41.339962005615234
2021-10-27,PNB.NS,Punjab National Bank,Public,41.745697021484375
2021-10-28,PNB.NS,Punjab National Bank,Public,37.28260803222656
2021-10-29,PNB.NS,Punjab National Bank,Public,37.95882797241211
2021-11-01,PNB.NS,Punjab National Bank,Public,37.95882797241211
2021-11-02,PNB.NS,Punjab National Bank,Public,37.95882797241211
2021-11-03,PNB.NS,Punjab National Bank,Public,37.28260803222656
2021-11-04,PNB.NS,Punjab National Bank,Public,37.778507232666016
2021-11-08,PNB.NS,Punjab National Bank,Public,38.22932052612305
2021-11-09,PNB.NS,Punjab National Bank,Public,38.68014144897461
2021-11-10,PNB.NS,Punjab National Bank,Public,38.094078063964844
2021-11-11,PNB.NS,Punjab National Bank,Public,37.733421325683594
2021-11-12,PNB.NS,Punjab National Bank,Public,37.64326095581055
2021-11-15,PNB.NS,Punjab National Bank,Public,37.50801086425781
2021-11-16,PNB.NS,Punjab National Bank,Public,37.057193756103516
2021-11-17,PNB.NS,Punjab National Bank,Public,36.65146255493164
2021-11-18,PNB.NS,Punjab National Bank,Public,37.5531005859375
2021-11-22,PNB.NS,Punjab National Bank,Public,35.97523880004883
2021-11-23,PNB.NS,Punjab National Bank,Public,36.65146255493164
2021-11-24,PNB.NS,Punjab National Bank,Public,36.47114181518555
2021-11-25,PNB.NS,Punjab National Bank,Public,36.020320892333984
2021-11-26,PNB.NS,Punjab National Bank,Public,34.71294403076172
2021-11-29,PNB.NS,Punjab National Bank,Public,33.9014778137207
2021-11-30,PNB.NS,Punjab National Bank,Public,33.6309814453125
2021-12-01,PNB.NS,Punjab National Bank,Public,34.57769775390625
2021-12-02,PNB.NS,Punjab National Bank,Public,34.71294403076172
2021-12-03,PNB.NS,Punjab National Bank,Public,34.71294403076172
2021-12-06,PNB.NS,Punjab National Bank,Public,34.26213073730469
2021-12-07,PNB.NS,Punjab National Bank,Public,34.71294403076172
2021-12-08,PNB.NS,Punjab National Bank,Public,35.47933578491211
2021-12-09,PNB.NS,Punjab National Bank,Public,35.61458206176758
2021-12-10,PNB.NS,Punjab National Bank,Public,36.74162292480469
2021-12-13,PNB.NS,Punjab National Bank,Public,36.29080581665039
2021-12-14,PNB.NS,Punjab National Bank,Public,36.200645446777344
2021-12-15,PNB.NS,Punjab National Bank,Public,35.83998489379883
2021-12-16,PNB.NS,Punjab National Bank,Public,35.524417877197266
2021-12-17,PNB.NS,Punjab National Bank,Public,34.26213073730469
2021-12-20,PNB.NS,Punjab National Bank,Public,33.13508987426758
2021-12-21,PNB.NS,Punjab National Bank,Public,33.31541061401367
2021-12-22,PNB.NS,Punjab National Bank,Public,33.766231536865234
2021-12-23,PNB.NS,Punjab National Bank,Public,34.26213073730469
2021-12-24,PNB.NS,Punjab National Bank,Public,33.22524642944336
2021-12-27,PNB.NS,Punjab National Bank,Public,33.58590316772461
2021-12-28,PNB.NS,Punjab National Bank,Public,33.6309814453125
2021-12-29,PNB.NS,Punjab National Bank,Public,33.4957389831543
2021-12-30,PNB.NS,Punjab National Bank,Public,33.4957389831543
2021-12-31,PNB.NS,Punjab National Bank,Public,33.6309814453125
2022-01-03,PNB.NS,Punjab National Bank,Public,34.26213073730469
2022-01-04,PNB.NS,Punjab National Bank,Public,34.57769775390625
2022-01-05,PNB.NS,Punjab National Bank,Public,34.938358306884766
2022-01-06,PNB.NS,Punjab National Bank,Public,34.983436584472656
2022-01-07,PNB.NS,Punjab National Bank,Public,35.07360076904297
2022-01-10,PNB.NS,Punjab National Bank,Public,36.38096618652344
2022-01-11,PNB.NS,Punjab National Bank,Public,36.020320892333984
2022-01-12,PNB.NS,Punjab National Bank,Public,36.06539535522461
2022-01-13,PNB.NS,Punjab National Bank,Public,36.2457275390625
2022-01-14,PNB.NS,Punjab National Bank,Public,36.200645446777344
2022-01-17,PNB.NS,Punjab National Bank,Public,35.930152893066406
2022-01-18,PNB.NS,Punjab National Bank,Public,35.25392532348633
2022-01-19,PNB.NS,Punjab National Bank,Public,36.06539535522461
2022-01-20,PNB.NS,Punjab National Bank,Public,36.06539535522461
2022-01-21,PNB.NS,Punjab National Bank,Public,34.983436584472656
2022-01-24,PNB.NS,Punjab National Bank,Public,34.26213073730469
2022-01-25,PNB.NS,Punjab National Bank,Public,35.524417877197266
2022-01-27,PNB.NS,Punjab National Bank,Public,37.1022834777832
2022-01-28,PNB.NS,Punjab National Bank,Public,36.831787109375
2022-01-31,PNB.NS,Punjab National Bank,Public,37.462928771972656
2022-02-01,PNB.NS,Punjab National Bank,Public,37.237525939941406
2022-02-02,PNB.NS,Punjab National Bank,Public,38.589969635009766
2022-02-03,PNB.NS,Punjab National Bank,Public,38.409645080566406
2022-02-04,PNB.NS,Punjab National Bank,Public,37.4178466796875
2022-02-07,PNB.NS,Punjab National Bank,Public,37.598182678222656
2022-02-08,PNB.NS,Punjab National Bank,Public,37.86866760253906
2022-02-09,PNB.NS,Punjab National Bank,Public,37.50801086425781
2022-02-10,PNB.NS,Punjab National Bank,Public,36.78670883178711
2022-02-11,PNB.NS,Punjab National Bank,Public,35.83998489379883
2022-02-14,PNB.NS,Punjab National Bank,Public,33.45065689086914
2022-02-15,PNB.NS,Punjab National Bank,Public,34.62278366088867
2022-02-16,PNB.NS,Punjab National Bank,Public,34.75802993774414
2022-02-17,PNB.NS,Punjab National Bank,Public,34.30720901489258
2022-02-18,PNB.NS,Punjab National Bank,Public,34.03671646118164
2022-02-21,PNB.NS,Punjab National Bank,Public,33.811309814453125
2022-02-22,PNB.NS,Punjab National Bank,Public,33.54082107543945
2022-02-23,PNB.NS,Punjab National Bank,Public,33.676063537597656
2022-02-24,PNB.NS,Punjab National Bank,Public,28.85232162475586
2022-02-25,PNB.NS,Punjab National Bank,Public,31.512142181396484
2022-02-28,PNB.NS,Punjab National Bank,Public,31.467063903808594
2022-03-02,PNB.NS,Punjab National Bank,Public,31.8727970123291
2022-03-03,PNB.NS,Punjab National Bank,Public,31.647382736206055
2022-03-04,PNB.NS,Punjab National Bank,Public,31.19656753540039
2022-03-07,PNB.NS,Punjab National Bank,Public,30.83591651916504
2022-03-08,PNB.NS,Punjab National Bank,Public,31.467063903808594
2022-03-09,PNB.NS,Punjab National Bank,Public,32.098201751708984
2022-03-10,PNB.NS,Punjab National Bank,Public,32.41377639770508
2022-03-11,PNB.NS,Punjab National Bank,Public,32.684268951416016
2022-03-14,PNB.NS,Punjab National Bank,Public,33.18016815185547
2022-03-15,PNB.NS,Punjab National Bank,Public,32.45885467529297
2022-03-16,PNB.NS,Punjab National Bank,Public,32.36869812011719
2022-03-17,PNB.NS,Punjab National Bank,Public,32.45885467529297
2022-03-21,PNB.NS,Punjab National Bank,Public,32.18836975097656
2022-03-22,PNB.NS,Punjab National Bank,Public,32.098201751708984
2022-03-23,PNB.NS,Punjab National Bank,Public,32.18836975097656
2022-03-24,PNB.NS,Punjab National Bank,Public,32.053123474121094
2022-03-25,PNB.NS,Punjab National Bank,Public,31.917879104614258
2022-03-28,PNB.NS,Punjab National Bank,Public,32.143287658691406
2022-03-29,PNB.NS,Punjab National Bank,Public,31.512142181396484
2022-03-30,PNB.NS,Punjab National Bank,Public,31.602304458618164
2022-03-31,PNB.NS,Punjab National Bank,Public,31.602304458618164
2022-04-01,PNB.NS,Punjab National Bank,Public,32.7744255065918
2022-04-04,PNB.NS,Punjab National Bank,Public,33.27033233642578
2022-04-05,PNB.NS,Punjab National Bank,Public,33.31541061401367
2022-04-06,PNB.NS,Punjab National Bank,Public,33.9014778137207
2022-04-07,PNB.NS,Punjab National Bank,Public,33.766231536865234
2022-04-08,PNB.NS,Punjab National Bank,Public,34.03671646118164
2022-04-11,PNB.NS,Punjab National Bank,Public,33.766231536865234
2022-04-12,PNB.NS,Punjab National Bank,Public,33.13508987426758
2022-04-13,PNB.NS,Punjab National Bank,Public,33.044921875
2022-04-18,PNB.NS,Punjab National Bank,Public,32.639190673828125
2022-04-19,PNB.NS,Punjab National Bank,Public,32.18836975097656
2022-04-20,PNB.NS,Punjab National Bank,Public,32.18836975097656
2022-04-21,PNB.NS,Punjab National Bank,Public,32.41377639770508
2022-04-22,PNB.NS,Punjab National Bank,Public,31.917879104614258
2022-04-25,PNB.NS,Punjab National Bank,Public,31.467063903808594
2022-04-26,PNB.NS,Punjab National Bank,Public,32.098201751708984
2022-04-27,PNB.NS,Punjab National Bank,Public,31.917879104614258
2022-04-28,PNB.NS,Punjab National Bank,Public,31.8727970123291
2022-04-29,PNB.NS,Punjab National Bank,Public,31.647382736206055
2022-05-02,PNB.NS,Punjab National Bank,Public,31.602304458618164
2022-05-04,PNB.NS,Punjab National Bank,Public,30.971158981323242
2022-05-05,PNB.NS,Punjab National Bank,Public,30.880996704101562
2022-05-06,PNB.NS,Punjab National Bank,Public,30.520343780517578
2022-05-09,PNB.NS,Punjab National Bank,Public,30.204774856567383
2022-05-10,PNB.NS,Punjab National Bank,Public,30.024442672729492
2022-05-11,PNB.NS,Punjab National Bank,Public,29.844114303588867
2022-05-12,PNB.NS,Punjab National Bank,Public,25.786760330200195
2022-05-13,PNB.NS,Punjab National Bank,Public,26.417905807495117
2022-05-16,PNB.NS,Punjab National Bank,Public,26.643312454223633
2022-05-17,PNB.NS,Punjab National Bank,Public,27.00396728515625
2022-05-18,PNB.NS,Punjab National Bank,Public,26.77855682373047
2022-05-19,PNB.NS,Punjab National Bank,Public,26.327741622924805
2022-05-20,PNB.NS,Punjab National Bank,Public,27.00396728515625
2022-05-23,PNB.NS,Punjab National Bank,Public,27.590030670166016
2022-05-24,PNB.NS,Punjab National Bank,Public,27.319536209106445
2022-05-25,PNB.NS,Punjab National Bank,Public,26.868722915649414
2022-05-26,PNB.NS,Punjab National Bank,Public,27.274457931518555
2022-05-27,PNB.NS,Punjab National Bank,Public,27.45478630065918
2022-05-30,PNB.NS,Punjab National Bank,Public,28.536746978759766
2022-05-31,PNB.NS,Punjab National Bank,Public,28.266258239746094
2022-06-01,PNB.NS,Punjab National Bank,Public,28.311336517333984
2022-06-02,PNB.NS,Punjab National Bank,Public,28.85232162475586
2022-06-03,PNB.NS,Punjab National Bank,Public,28.44658088684082
2022-06-06,PNB.NS,Punjab National Bank,Public,28.356420516967773
2022-06-07,PNB.NS,Punjab National Bank,Public,28.17609214782715
2022-06-08,PNB.NS,Punjab National Bank,Public,28.085927963256836
2022-06-09,PNB.NS,Punjab National Bank,Public,28.040847778320312
2022-06-10,PNB.NS,Punjab National Bank,Public,27.86052131652832
2022-06-13,PNB.NS,Punjab National Bank,Public,27.139211654663086
2022-06-14,PNB.NS,Punjab National Bank,Public,26.958885192871094
2022-06-15,PNB.NS,Punjab National Bank,Public,27.00396728515625
2022-06-16,PNB.NS,Punjab National Bank,Public,26.192495346069336
2022-06-17,PNB.NS,Punjab National Bank,Public,26.192495346069336
2022-06-20,PNB.NS,Punjab National Bank,Public,25.651517868041992
2022-06-21,PNB.NS,Punjab National Bank,Public,26.823640823364258
2022-06-22,PNB.NS,Punjab National Bank,Public,26.99871826171875
2022-06-23,PNB.NS,Punjab National Bank,Public,26.95264434814453
2022-06-24,PNB.NS,Punjab National Bank,Public,27.229082107543945
2022-06-27,PNB.NS,Punjab National Bank,Public,27.229082107543945
2022-06-28,PNB.NS,Punjab National Bank,Public,27.413373947143555
2022-06-29,PNB.NS,Punjab National Bank,Public,27.413373947143555
2022-06-30,PNB.NS,Punjab National Bank,Public,26.722280502319336
2022-07-01,PNB.NS,Punjab National Bank,Public,27.13693618774414
2022-07-04,PNB.NS,Punjab National Bank,Public,27.64373779296875
2022-07-05,PNB.NS,Punjab National Bank,Public,27.367300033569336
2022-07-06,PNB.NS,Punjab National Bank,Public,27.597665786743164
2022-07-07,PNB.NS,Punjab National Bank,Public,28.565196990966797
2022-07-08,PNB.NS,Punjab National Bank,Public,28.242685317993164
2022-07-11,PNB.NS,Punjab National Bank,Public,28.61126708984375
2022-07-12,PNB.NS,Punjab National Bank,Public,28.380903244018555
2022-07-13,PNB.NS,Punjab National Bank,Public,28.380903244018555
2022-07-14,PNB.NS,Punjab National Bank,Public,28.01232147216797
2022-07-15,PNB.NS,Punjab National Bank,Public,27.9201717376709
2022-07-18,PNB.NS,Punjab National Bank,Public,28.88770866394043
2022-07-19,PNB.NS,Punjab National Bank,Public,29.118070602416992
2022-07-20,PNB.NS,Punjab National Bank,Public,28.933778762817383
2022-07-21,PNB.NS,Punjab National Bank,Public,29.34843635559082
2022-07-22,PNB.NS,Punjab National Bank,Public,29.30236053466797
2022-07-25,PNB.NS,Punjab National Bank,Public,29.118070602416992
2022-07-26,PNB.NS,Punjab National Bank,Public,29.118070602416992
2022-07-27,PNB.NS,Punjab National Bank,Public,29.532726287841797
2022-07-28,PNB.NS,Punjab National Bank,Public,30.085601806640625
2022-07-29,PNB.NS,Punjab National Bank,Public,28.88770866394043
2022-08-01,PNB.NS,Punjab National Bank,Public,30.776695251464844
2022-08-02,PNB.NS,Punjab National Bank,Public,31.51386260986328
2022-08-03,PNB.NS,Punjab National Bank,Public,31.329572677612305
2022-08-04,PNB.NS,Punjab National Bank,Public,30.776695251464844
2022-08-05,PNB.NS,Punjab National Bank,Public,30.914915084838867
2022-08-08,PNB.NS,Punjab National Bank,Public,30.730621337890625
2022-08-10,PNB.NS,Punjab National Bank,Public,30.408111572265625
2022-08-11,PNB.NS,Punjab National Bank,Public,30.776695251464844
2022-08-12,PNB.NS,Punjab National Bank,Public,30.684547424316406
2022-08-16,PNB.NS,Punjab National Bank,Public,30.914915084838867
2022-08-17,PNB.NS,Punjab National Bank,Public,31.74422836303711
2022-08-18,PNB.NS,Punjab National Bank,Public,31.467788696289062
2022-08-19,PNB.NS,Punjab National Bank,Public,30.730621337890625
2022-08-22,PNB.NS,Punjab National Bank,Public,29.85523796081543
2022-08-23,PNB.NS,Punjab National Bank,Public,30.454185485839844
2022-08-24,PNB.NS,Punjab National Bank,Public,30.914915084838867
2022-08-25,PNB.NS,Punjab National Bank,Public,32.48139190673828
2022-08-26,PNB.NS,Punjab National Bank,Public,32.89604949951172
2022-08-29,PNB.NS,Punjab National Bank,Public,32.48139190673828
2022-08-30,PNB.NS,Punjab National Bank,Public,33.034263610839844
2022-09-01,PNB.NS,Punjab National Bank,Public,32.98819351196289
2022-09-02,PNB.NS,Punjab National Bank,Public,32.48139190673828
2022-09-05,PNB.NS,Punjab National Bank,Public,32.89604949951172
2022-09-06,PNB.NS,Punjab National Bank,Public,34.278236389160156
2022-09-07,PNB.NS,Punjab National Bank,Public,34.646820068359375
2022-09-08,PNB.NS,Punjab National Bank,Public,35.33790969848633
2022-09-09,PNB.NS,Punjab National Bank,Public,35.936859130859375
2022-09-12,PNB.NS,Punjab National Bank,Public,36.950462341308594
2022-09-13,PNB.NS,Punjab National Bank,Public,36.44365692138672
2022-09-14,PNB.NS,Punjab National Bank,Public,36.950462341308594
2022-09-15,PNB.NS,Punjab National Bank,Public,37.272979736328125
2022-09-16,PNB.NS,Punjab National Bank,Public,36.53580856323242
2022-09-19,PNB.NS,Punjab National Bank,Public,37.226905822753906
2022-09-20,PNB.NS,Punjab National Bank,Public,37.45726776123047
2022-09-21,PNB.NS,Punjab National Bank,Public,36.99653625488281
2022-09-22,PNB.NS,Punjab National Bank,Public,37.31904602050781
2022-09-23,PNB.NS,Punjab National Bank,Public,35.15362548828125
2022-09-26,PNB.NS,Punjab National Bank,Public,33.172481536865234
2022-09-27,PNB.NS,Punjab National Bank,Public,33.817508697509766
2022-09-28,PNB.NS,Punjab National Bank,Public,32.11281204223633
2022-09-29,PNB.NS,Punjab National Bank,Public,32.15888595581055
2022-09-30,PNB.NS,Punjab National Bank,Public,33.67928695678711
2022-10-03,PNB.NS,Punjab National Bank,Public,32.66568374633789
2022-10-04,PNB.NS,Punjab National Bank,Public,33.58714294433594
2022-10-06,PNB.NS,Punjab National Bank,Public,33.77143478393555
2022-10-07,PNB.NS,Punjab National Bank,Public,33.77143478393555
2022-10-10,PNB.NS,Punjab National Bank,Public,33.67928695678711
2022-10-11,PNB.NS,Punjab National Bank,Public,32.89604949951172
2022-10-12,PNB.NS,Punjab National Bank,Public,33.44892501831055
2022-10-13,PNB.NS,Punjab National Bank,Public,33.08034133911133
2022-10-14,PNB.NS,Punjab National Bank,Public,33.034263610839844
2022-10-17,PNB.NS,Punjab National Bank,Public,34.001800537109375
2022-10-18,PNB.NS,Punjab National Bank,Public,35.79863739013672
2022-10-19,PNB.NS,Punjab National Bank,Public,36.259368896484375
2022-10-20,PNB.NS,Punjab National Bank,Public,37.31904602050781
2022-10-21,PNB.NS,Punjab National Bank,Public,37.549407958984375
2022-10-24,PNB.NS,Punjab National Bank,Public,37.871917724609375
2022-10-25,PNB.NS,Punjab National Bank,Public,39.89912414550781
2022-10-27,PNB.NS,Punjab National Bank,Public,39.6226921081543
2022-10-28,PNB.NS,Punjab National Bank,Public,39.71483612060547
2022-10-31,PNB.NS,Punjab National Bank,Public,39.30018615722656
2022-11-01,PNB.NS,Punjab National Bank,Public,36.950462341308594
2022-11-02,PNB.NS,Punjab National Bank,Public,36.1672248840332
2022-11-03,PNB.NS,Punjab National Bank,Public,38.05621337890625
2022-11-04,PNB.NS,Punjab National Bank,Public,38.516944885253906
2022-11-07,PNB.NS,Punjab National Bank,Public,38.563011169433594
2022-11-09,PNB.NS,Punjab National Bank,Public,41.41953659057617
2022-11-10,PNB.NS,Punjab National Bank,Public,40.5902214050293
2022-11-11,PNB.NS,Punjab National Bank,Public,41.23524475097656
2022-11-14,PNB.NS,Punjab National Bank,Public,40.498077392578125
2022-11-15,PNB.NS,Punjab National Bank,Public,40.498077392578125
2022-11-16,PNB.NS,Punjab National Bank,Public,40.682369232177734
2022-11-17,PNB.NS,Punjab National Bank,Public,40.82058334350586
2022-11-18,PNB.NS,Punjab National Bank,Public,42.248844146728516
2022-11-21,PNB.NS,Punjab National Bank,Public,43.86139678955078
2022-11-22,PNB.NS,Punjab National Bank,Public,44.41427230834961
2022-11-23,PNB.NS,Punjab National Bank,Public,46.395408630371094
2022-11-24,PNB.NS,Punjab National Bank,Public,46.85613250732422
2022-11-25,PNB.NS,Punjab National Bank,Public,49.39014434814453
2022-11-28,PNB.NS,Punjab National Bank,Public,49.20585632324219
2022-11-29,PNB.NS,Punjab National Bank,Public,48.37654113769531
2022-11-30,PNB.NS,Punjab National Bank,Public,47.27079391479492
2022-12-01,PNB.NS,Punjab National Bank,Public,49.06763458251953
2022-12-02,PNB.NS,Punjab National Bank,Public,49.758731842041016
2022-12-05,PNB.NS,Punjab National Bank,Public,50.81840133666992
2022-12-06,PNB.NS,Punjab National Bank,Public,51.094844818115234
2022-12-07,PNB.NS,Punjab National Bank,Public,51.094844818115234
2022-12-08,PNB.NS,Punjab National Bank,Public,53.16812515258789
2022-12-09,PNB.NS,Punjab National Bank,Public,51.832008361816406
2022-12-12,PNB.NS,Punjab National Bank,Public,53.536705017089844
2022-12-13,PNB.NS,Punjab National Bank,Public,55.19533157348633
2022-12-14,PNB.NS,Punjab National Bank,Public,54.59638214111328
2022-12-15,PNB.NS,Punjab National Bank,Public,54.642452239990234
2022-12-16,PNB.NS,Punjab National Bank,Public,52.29273986816406
2022-12-19,PNB.NS,Punjab National Bank,Public,51.6477165222168
2022-12-20,PNB.NS,Punjab National Bank,Public,51.18698501586914
2022-12-21,PNB.NS,Punjab National Bank,Public,48.975494384765625
2022-12-22,PNB.NS,Punjab National Bank,Public,49.52836227416992
2022-12-23,PNB.NS,Punjab National Bank,Public,45.79645919799805
2022-12-26,PNB.NS,Punjab National Bank,Public,49.29800033569336
2022-12-27,PNB.NS,Punjab National Bank,Public,49.94301986694336
2022-12-28,PNB.NS,Punjab National Bank,Public,50.588043212890625
2022-12-29,PNB.NS,Punjab National Bank,Public,51.04877471923828
2022-12-30,PNB.NS,Punjab National Bank,Public,52.01630401611328
2023-01-02,PNB.NS,Punjab National Bank,Public,52.66132354736328
2023-01-03,PNB.NS,Punjab National Bank,Public,53.26026916503906
2023-01-04,PNB.NS,Punjab National Bank,Public,51.832008361816406
2023-01-05,PNB.NS,Punjab National Bank,Public,52.29273986816406
2023-01-06,PNB.NS,Punjab National Bank,Public,51.97023010253906
2023-01-09,PNB.NS,Punjab National Bank,Public,52.61524963378906
2023-01-10,PNB.NS,Punjab National Bank,Public,50.7723274230957
2023-01-11,PNB.NS,Punjab National Bank,Public,51.97023010253906
2023-01-12,PNB.NS,Punjab National Bank,Public,51.46342468261719
2023-01-13,PNB.NS,Punjab National Bank,Public,52.338809967041016
2023-01-16,PNB.NS,Punjab National Bank,Public,54.27387237548828
2023-01-17,PNB.NS,Punjab National Bank,Public,53.21419906616211
2023-01-18,PNB.NS,Punjab National Bank,Public,52.29273986816406
2023-01-19,PNB.NS,Punjab National Bank,Public,52.707393646240234
2023-01-20,PNB.NS,Punjab National Bank,Public,52.477027893066406
2023-01-23,PNB.NS,Punjab National Bank,Public,52.338809967041016
2023-01-24,PNB.NS,Punjab National Bank,Public,51.14091491699219
2023-01-25,PNB.NS,Punjab National Bank,Public,49.482295989990234
2023-01-27,PNB.NS,Punjab National Bank,Public,46.810062408447266
2023-01-30,PNB.NS,Punjab National Bank,Public,46.717918395996094
2023-01-31,PNB.NS,Punjab National Bank,Public,49.34407424926758
2023-02-01,PNB.NS,Punjab National Bank,Public,46.349334716796875
2023-02-02,PNB.NS,Punjab National Bank,Public,46.810062408447266
2023-02-03,PNB.NS,Punjab National Bank,Public,47.73152160644531
2023-02-06,PNB.NS,Punjab National Bank,Public,47.362937927246094
2023-02-07,PNB.NS,Punjab National Bank,Public,47.27079391479492
2023-02-08,PNB.NS,Punjab National Bank,Public,47.54722595214844
2023-02-09,PNB.NS,Punjab National Bank,Public,46.994354248046875
2023-02-10,PNB.NS,Punjab National Bank,Public,47.2247200012207
2023-02-13,PNB.NS,Punjab National Bank,Public,46.25718688964844
2023-02-14,PNB.NS,Punjab National Bank,Public,46.810062408447266
2023-02-15,PNB.NS,Punjab National Bank,Public,46.90221405029297
2023-02-16,PNB.NS,Punjab National Bank,Public,46.810062408447266
2023-02-17,PNB.NS,Punjab National Bank,Public,45.79645919799805
2023-02-20,PNB.NS,Punjab National Bank,Public,45.61216735839844
2023-02-21,PNB.NS,Punjab National Bank,Public,45.197513580322266
2023-02-22,PNB.NS,Punjab National Bank,Public,44.04568862915039
2023-02-23,PNB.NS,Punjab National Bank,Public,44.46034240722656
2023-02-24,PNB.NS,Punjab National Bank,Public,43.81532287597656
2023-02-27,PNB.NS,Punjab National Bank,Public,44.32212829589844
2023-02-28,PNB.NS,Punjab National Bank,Public,44.552486419677734
2023-03-01,PNB.NS,Punjab National Bank,Public,46.211116790771484
2023-03-02,PNB.NS,Punjab National Bank,Public,45.842533111572266
2023-03-03,PNB.NS,Punjab National Bank,Public,47.73152160644531
2023-03-06,PNB.NS,Punjab National Bank,Public,47.27079391479492
2023-03-08,PNB.NS,Punjab National Bank,Public,47.45508575439453
2023-03-09,PNB.NS,Punjab National Bank,Public,46.90221405029297
2023-03-10,PNB.NS,Punjab National Bank,Public,45.980751037597656
2023-03-13,PNB.NS,Punjab National Bank,Public,44.368202209472656
2023-03-14,PNB.NS,Punjab National Bank,Public,44.368202209472656
2023-03-15,PNB.NS,Punjab National Bank,Public,43.95354461669922
2023-03-16,PNB.NS,Punjab National Bank,Public,44.22998046875
2023-03-17,PNB.NS,Punjab National Bank,Public,44.18391036987305
2023-03-20,PNB.NS,Punjab National Bank,Public,43.30852127075195
2023-03-21,PNB.NS,Punjab National Bank,Public,43.99961853027344
2023-03-22,PNB.NS,Punjab National Bank,Public,44.091758728027344
2023-03-23,PNB.NS,Punjab National Bank,Public,43.17030334472656
2023-03-24,PNB.NS,Punjab National Bank,Public,41.926334381103516
2023-03-27,PNB.NS,Punjab National Bank,Public,41.972408294677734
2023-03-28,PNB.NS,Punjab National Bank,Public,41.37346649169922
2023-03-29,PNB.NS,Punjab National Bank,Public,42.66350173950195
2023-03-31,PNB.NS,Punjab National Bank,Public,42.93994140625
2023-04-03,PNB.NS,Punjab National Bank,Public,43.63103103637695
2023-04-05,PNB.NS,Punjab National Bank,Public,43.03208541870117
2023-04-06,PNB.NS,Punjab National Bank,Public,43.49281692504883
2023-04-10,PNB.NS,Punjab National Bank,Public,43.35459518432617
2023-04-11,PNB.NS,Punjab National Bank,Public,43.53889083862305
2023-04-12,PNB.NS,Punjab National Bank,Public,43.35459518432617
2023-04-13,PNB.NS,Punjab National Bank,Public,43.99961853027344
2023-04-17,PNB.NS,Punjab National Bank,Public,44.96714401245117
2023-04-18,PNB.NS,Punjab National Bank,Public,45.243587493896484
2023-04-19,PNB.NS,Punjab National Bank,Public,44.73678207397461
2023-04-20,PNB.NS,Punjab National Bank,Public,44.78285598754883
2023-04-21,PNB.NS,Punjab National Bank,Public,44.46034240722656
2023-04-24,PNB.NS,Punjab National Bank,Public,45.381805419921875
2023-04-25,PNB.NS,Punjab National Bank,Public,45.888607025146484
2023-04-26,PNB.NS,Punjab National Bank,Public,46.303260803222656
2023-04-27,PNB.NS,Punjab National Bank,Public,46.44148254394531
2023-04-28,PNB.NS,Punjab National Bank,Public,48.14617919921875
2023-05-02,PNB.NS,Punjab National Bank,Public,48.60690689086914
2023-05-03,PNB.NS,Punjab National Bank,Public,48.422611236572266
2023-05-04,PNB.NS,Punjab National Bank,Public,49.15978240966797
2023-05-05,PNB.NS,Punjab National Bank,Public,48.238319396972656
2023-05-08,PNB.NS,Punjab National Bank,Public,48.007957458496094
2023-05-09,PNB.NS,Punjab National Bank,Public,46.303260803222656
2023-05-10,PNB.NS,Punjab National Bank,Public,44.690711975097656
2023-05-11,PNB.NS,Punjab National Bank,Public,44.690711975097656
2023-05-12,PNB.NS,Punjab National Bank,Public,44.73678207397461
2023-05-15,PNB.NS,Punjab National Bank,Public,45.10536575317383
2023-05-16,PNB.NS,Punjab National Bank,Public,45.15143585205078
2023-05-17,PNB.NS,Punjab National Bank,Public,45.42787551879883
2023-05-18,PNB.NS,Punjab National Bank,Public,44.6446418762207
2023-05-19,PNB.NS,Punjab National Bank,Public,45.381805419921875
2023-05-22,PNB.NS,Punjab National Bank,Public,46.57969665527344
2023-05-23,PNB.NS,Punjab National Bank,Public,46.62576675415039
2023-05-24,PNB.NS,Punjab National Bank,Public,45.980751037597656
2023-05-25,PNB.NS,Punjab National Bank,Public,45.750389099121094
2023-05-26,PNB.NS,Punjab National Bank,Public,46.395408630371094
2023-05-29,PNB.NS,Punjab National Bank,Public,46.810062408447266
2023-05-30,PNB.NS,Punjab National Bank,Public,47.40900802612305
2023-05-31,PNB.NS,Punjab National Bank,Public,47.77759552001953
2023-06-01,PNB.NS,Punjab National Bank,Public,47.63937759399414
2023-06-02,PNB.NS,Punjab National Bank,Public,48.19225311279297
2023-06-05,PNB.NS,Punjab National Bank,Public,48.05403518676758
2023-06-06,PNB.NS,Punjab National Bank,Public,47.961883544921875
2023-06-07,PNB.NS,Punjab National Bank,Public,48.238319396972656
2023-06-08,PNB.NS,Punjab National Bank,Public,47.86973571777344
2023-06-09,PNB.NS,Punjab National Bank,Public,47.316864013671875
2023-06-12,PNB.NS,Punjab National Bank,Public,47.501155853271484
2023-06-13,PNB.NS,Punjab National Bank,Public,47.91581344604492
2023-06-14,PNB.NS,Punjab National Bank,Public,47.73152160644531
2023-06-15,PNB.NS,Punjab National Bank,Public,46.44148254394531
2023-06-16,PNB.NS,Punjab National Bank,Public,47.501155853271484
2023-06-19,PNB.NS,Punjab National Bank,Public,47.86973571777344
2023-06-20,PNB.NS,Punjab National Bank,Public,47.823665618896484
2023-06-21,PNB.NS,Punjab National Bank,Public,48.69905090332031
2023-06-22,PNB.NS,Punjab National Bank,Public,46.994354248046875
2023-06-23,PNB.NS,Punjab National Bank,Public,47.13435745239258
2023-06-26,PNB.NS,Punjab National Bank,Public,46.94768524169922
2023-06-27,PNB.NS,Punjab National Bank,Public,47.461029052734375
2023-06-28,PNB.NS,Punjab National Bank,Public,47.04102325439453
2023-06-30,PNB.NS,Punjab National Bank,Public,48.20771789550781
2023-07-03,PNB.NS,Punjab National Bank,Public,50.26108932495117
2023-07-04,PNB.NS,Punjab National Bank,Public,53.24782180786133
2023-07-05,PNB.NS,Punjab National Bank,Public,54.694522857666016
2023-07-06,PNB.NS,Punjab National Bank,Public,55.06786346435547
2023-07-07,PNB.NS,Punjab National Bank,Public,56.37455749511719
2023-07-10,PNB.NS,Punjab National Bank,Public,56.561222076416016
2023-07-11,PNB.NS,Punjab National Bank,Public,56.42123031616211
2023-07-12,PNB.NS,Punjab National Bank,Public,57.30791473388672
2023-07-13,PNB.NS,Punjab National Bank,Public,55.161197662353516
2023-07-14,PNB.NS,Punjab National Bank,Public,56.654563903808594
2023-07-17,PNB.NS,Punjab National Bank,Public,58.19459915161133
2023-07-18,PNB.NS,Punjab National Bank,Public,57.49457931518555
2023-07-19,PNB.NS,Punjab National Bank,Public,59.8746337890625
2023-07-20,PNB.NS,Punjab National Bank,Public,59.594627380371094
2023-07-21,PNB.NS,Punjab National Bank,Public,58.42793273925781
2023-07-24,PNB.NS,Punjab National Bank,Public,57.96125411987305
2023-07-25,PNB.NS,Punjab National Bank,Public,56.654563903808594
2023-07-26,PNB.NS,Punjab National Bank,Public,58.941280364990234
2023-07-27,PNB.NS,Punjab National Bank,Public,58.24126434326172
2023-07-28,PNB.NS,Punjab National Bank,Public,57.82125473022461
2023-07-31,PNB.NS,Punjab National Bank,Public,57.72792053222656
2023-08-01,PNB.NS,Punjab National Bank,Public,57.2612419128418
2023-08-02,PNB.NS,Punjab National Bank,Public,55.534542083740234
2023-08-03,PNB.NS,Punjab National Bank,Public,55.48787307739258
2023-08-04,PNB.NS,Punjab National Bank,Public,55.954551696777344
2023-08-07,PNB.NS,Punjab National Bank,Public,56.37455749511719
2023-08-08,PNB.NS,Punjab National Bank,Public,58.007930755615234
2023-08-09,PNB.NS,Punjab National Bank,Public,57.44791030883789
2023-08-10,PNB.NS,Punjab National Bank,Public,57.16790771484375
2023-08-11,PNB.NS,Punjab National Bank,Public,58.38126754760742
2023-08-14,PNB.NS,Punjab National Bank,Public,58.19459915161133
2023-08-16,PNB.NS,Punjab National Bank,Public,57.58791732788086
2023-08-17,PNB.NS,Punjab National Bank,Public,59.03461837768555
2023-08-18,PNB.NS,Punjab National Bank,Public,58.61460494995117
2023-08-21,PNB.NS,Punjab National Bank,Public,58.19459915161133
2023-08-22,PNB.NS,Punjab National Bank,Public,58.28792953491211
2023-08-23,PNB.NS,Punjab National Bank,Public,59.12794876098633
2023-08-24,PNB.NS,Punjab National Bank,Public,58.66127395629883
2023-08-25,PNB.NS,Punjab National Bank,Public,57.4012451171875
2023-08-28,PNB.NS,Punjab National Bank,Public,58.33460235595703
2023-08-29,PNB.NS,Punjab National Bank,Public,58.754608154296875
2023-08-30,PNB.NS,Punjab National Bank,Public,59.22128677368164
2023-08-31,PNB.NS,Punjab National Bank,Public,58.80127716064453
2023-09-01,PNB.NS,Punjab National Bank,Public,61.04132843017578
2023-09-04,PNB.NS,Punjab National Bank,Public,62.90803527832031
2023-09-05,PNB.NS,Punjab National Bank,Public,62.86136245727539
2023-09-06,PNB.NS,Punjab National Bank,Public,61.32133102416992
2023-09-07,PNB.NS,Punjab National Bank,Public,62.161346435546875
2023-09-08,PNB.NS,Punjab National Bank,Public,62.39468765258789
2023-09-11,PNB.NS,Punjab National Bank,Public,64.5414047241211
2023-09-12,PNB.NS,Punjab National Bank,Public,62.39468765258789
2023-09-13,PNB.NS,Punjab National Bank,Public,67.71480560302734
2023-09-14,PNB.NS,Punjab National Bank,Public,68.78815460205078
2023-09-15,PNB.NS,Punjab National Bank,Public,69.20816802978516
2023-09-18,PNB.NS,Punjab National Bank,Public,71.77489471435547
2023-09-20,PNB.NS,Punjab National Bank,Public,71.3548812866211
2023-09-21,PNB.NS,Punjab National Bank,Public,70.00151824951172
2023-09-22,PNB.NS,Punjab National Bank,Public,72.33490753173828
2023-09-25,PNB.NS,Punjab National Bank,Public,74.8549575805664
2023-09-26,PNB.NS,Punjab National Bank,Public,74.06161499023438
2023-09-27,PNB.NS,Punjab National Bank,Public,76.06831359863281
2023-09-28,PNB.NS,Punjab National Bank,Public,74.34161376953125
2023-09-29,PNB.NS,Punjab National Bank,Public,74.8549575805664
2023-10-03,PNB.NS,Punjab National Bank,Public,77.65501403808594
2023-10-04,PNB.NS,Punjab National Bank,Public,74.43495178222656
2023-10-05,PNB.NS,Punjab National Bank,Public,71.96156311035156
2023-10-06,PNB.NS,Punjab National Bank,Public,71.63489532470703
2023-10-09,PNB.NS,Punjab National Bank,Public,68.46148681640625
2023-10-10,PNB.NS,Punjab National Bank,Public,70.23485565185547
2023-10-11,PNB.NS,Punjab National Bank,Public,70.9815444946289
2023-10-12,PNB.NS,Punjab National Bank,Public,70.7015380859375
2023-10-13,PNB.NS,Punjab National Bank,Public,70.18819427490234
2023-10-16,PNB.NS,Punjab National Bank,Public,70.23485565185547
2023-10-17,PNB.NS,Punjab National Bank,Public,70.74820709228516
2023-10-18,PNB.NS,Punjab National Bank,Public,69.25483703613281
2023-10-19,PNB.NS,Punjab National Bank,Public,69.06816101074219
2023-10-20,PNB.NS,Punjab National Bank,Public,67.43479919433594
2023-10-23,PNB.NS,Punjab National Bank,Public,65.0080795288086
2023-10-25,PNB.NS,Punjab National Bank,Public,64.86807250976562
2023-10-26,PNB.NS,Punjab National Bank,Public,65.19474792480469
2023-10-27,PNB.NS,Punjab National Bank,Public,68.27481079101562
2023-10-30,PNB.NS,Punjab National Bank,Public,68.27481079101562
2023-10-31,PNB.NS,Punjab National Bank,Public,68.13481140136719
2023-11-01,PNB.NS,Punjab National Bank,Public,68.0414810180664
2023-11-02,PNB.NS,Punjab National Bank,Public,69.30149841308594
2023-11-03,PNB.NS,Punjab National Bank,Public,69.76818084716797
2023-11-06,PNB.NS,Punjab National Bank,Public,69.90818786621094
2023-11-07,PNB.NS,Punjab National Bank,Public,71.07487487792969
2023-11-08,PNB.NS,Punjab National Bank,Public,70.74820709228516
2023-11-09,PNB.NS,Punjab National Bank,Public,70.93487548828125
2023-11-10,PNB.NS,Punjab National Bank,Public,71.16820526123047
2023-11-13,PNB.NS,Punjab National Bank,Public,73.82826232910156
2023-11-15,PNB.NS,Punjab National Bank,Public,73.68826293945312
2023-11-16,PNB.NS,Punjab National Bank,Public,74.2949447631836
2023-11-17,PNB.NS,Punjab National Bank,Public,72.708251953125
2023-11-20,PNB.NS,Punjab National Bank,Public,73.17491912841797
2023-11-21,PNB.NS,Punjab National Bank,Public,72.84825134277344
2023-11-22,PNB.NS,Punjab National Bank,Public,71.26155090332031
2023-11-23,PNB.NS,Punjab National Bank,Public,71.4482192993164
2023-11-24,PNB.NS,Punjab National Bank,Public,70.8882064819336
2023-11-28,PNB.NS,Punjab National Bank,Public,73.31493377685547
2023-11-29,PNB.NS,Punjab National Bank,Public,73.87493896484375
2023-11-30,PNB.NS,Punjab National Bank,Public,72.42823791503906
2023-12-01,PNB.NS,Punjab National Bank,Public,75.3216323852539
2023-12-04,PNB.NS,Punjab National Bank,Public,78.16836547851562
2023-12-05,PNB.NS,Punjab National Bank,Public,79.3350601196289
2023-12-06,PNB.NS,Punjab National Bank,Public,79.75506591796875
2023-12-07,PNB.NS,Punjab National Bank,Public,81.01509857177734
2023-12-08,PNB.NS,Punjab National Bank,Public,80.7817611694336
2023-12-11,PNB.NS,Punjab National Bank,Public,82.55512237548828
2023-12-12,PNB.NS,Punjab National Bank,Public,82.27511596679688
2023-12-13,PNB.NS,Punjab National Bank,Public,82.83512878417969
2023-12-14,PNB.NS,Punjab National Bank,Public,83.90849304199219
2023-12-15,PNB.NS,Punjab National Bank,Public,85.16851806640625
2023-12-18,PNB.NS,Punjab National Bank,Public,85.26185607910156
2023-12-19,PNB.NS,Punjab National Bank,Public,85.30852508544922
2023-12-20,PNB.NS,Punjab National Bank,Public,81.061767578125
2023-12-21,PNB.NS,Punjab National Bank,Public,83.86182403564453
2023-12-22,PNB.NS,Punjab National Bank,Public,83.30181121826172
2023-12-26,PNB.NS,Punjab National Bank,Public,82.60179138183594
2023-12-27,PNB.NS,Punjab National Bank,Public,85.68186950683594
2023-12-28,PNB.NS,Punjab National Bank,Public,89.1352767944336
2023-12-29,PNB.NS,Punjab National Bank,Public,89.36860656738281
2024-01-01,PNB.NS,Punjab National Bank,Public,91.281982421875
2024-01-02,PNB.NS,Punjab National Bank,Public,90.5353012084961
2024-01-03,PNB.NS,Punjab National Bank,Public,90.0219497680664
2024-01-04,PNB.NS,Punjab National Bank,Public,90.90863800048828
2024-01-05,PNB.NS,Punjab National Bank,Public,90.76863861083984
2024-01-08,PNB.NS,Punjab National Bank,Public,88.66858673095703
2024-01-09,PNB.NS,Punjab National Bank,Public,88.6219253540039
2024-01-10,PNB.NS,Punjab National Bank,Public,88.10858154296875
2024-01-11,PNB.NS,Punjab National Bank,Public,88.48192596435547
2024-01-12,PNB.NS,Punjab National Bank,Public,91.18864440917969
2024-01-15,PNB.NS,Punjab National Bank,Public,91.65532684326172
2024-01-16,PNB.NS,Punjab National Bank,Public,91.70198822021484
2024-01-17,PNB.NS,Punjab National Bank,Public,90.72196960449219
2024-01-18,PNB.NS,Punjab National Bank,Public,91.93533325195312
2024-01-19,PNB.NS,Punjab National Bank,Public,95.38873291015625
2024-01-23,PNB.NS,Punjab National Bank,Public,92.16867065429688
2024-01-24,PNB.NS,Punjab National Bank,Public,95.38873291015625
2024-01-25,PNB.NS,Punjab National Bank,Public,97.53545379638672
2024-01-29,PNB.NS,Punjab National Bank,Public,100.33551025390625
2024-01-30,PNB.NS,Punjab National Bank,Public,101.96888732910156
2024-01-31,PNB.NS,Punjab National Bank,Public,106.77565002441406
2024-02-01,PNB.NS,Punjab National Bank,Public,110.9290771484375
2024-02-02,PNB.NS,Punjab National Bank,Public,117.04254913330078
2024-02-05,PNB.NS,Punjab National Bank,Public,113.54246520996094
2024-02-06,PNB.NS,Punjab National Bank,Public,113.77581024169922
2024-02-07,PNB.NS,Punjab National Bank,Public,115.64250946044922
2024-02-08,PNB.NS,Punjab National Bank,Public,116.01586151123047
2024-02-09,PNB.NS,Punjab National Bank,Public,115.64250946044922
2024-02-12,PNB.NS,Punjab National Bank,Public,110.36906433105469
2024-02-13,PNB.NS,Punjab National Bank,Public,113.96247100830078
2024-02-14,PNB.NS,Punjab National Bank,Public,114.75582122802734
2024-02-15,PNB.NS,Punjab National Bank,Public,120.26262664794922
2024-02-16,PNB.NS,Punjab National Bank,Public,121.47595977783203
2024-02-19,PNB.NS,Punjab National Bank,Public,119.88926696777344
2024-02-20,PNB.NS,Punjab National Bank,Public,120.86929321289062
2024-02-21,PNB.NS,Punjab National Bank,Public,119.79593658447266
2024-02-22,PNB.NS,Punjab National Bank,Public,120.4026107788086
2024-02-23,PNB.NS,Punjab National Bank,Public,119.42259216308594
2024-02-26,PNB.NS,Punjab National Bank,Public,116.5291976928711
2024-02-27,PNB.NS,Punjab National Bank,Public,115.17583465576172
2024-02-28,PNB.NS,Punjab National Bank,Public,112.70244598388672
2024-02-29,PNB.NS,Punjab National Bank,Public,113.72913360595703
2024-03-01,PNB.NS,Punjab National Bank,Public,116.5291976928711
2024-03-04,PNB.NS,Punjab National Bank,Public,117.64922332763672
2024-03-05,PNB.NS,Punjab National Bank,Public,121.05596160888672
2024-03-06,PNB.NS,Punjab National Bank,Public,121.66265106201172
2024-03-07,PNB.NS,Punjab National Bank,Public,121.19596099853516
2024-03-11,PNB.NS,Punjab National Bank,Public,120.30927276611328
2024-03-12,PNB.NS,Punjab National Bank,Public,117.5558853149414
2024-03-13,PNB.NS,Punjab National Bank,Public,110.88240814208984
2024-03-14,PNB.NS,Punjab National Bank,Public,112.60911560058594
2024-03-15,PNB.NS,Punjab National Bank,Public,109.90238952636719
2024-03-18,PNB.NS,Punjab National Bank,Public,112.00243377685547
2024-03-19,PNB.NS,Punjab National Bank,Public,108.78236389160156
2024-03-20,PNB.NS,Punjab National Bank,Public,108.87570190429688
2024-03-21,PNB.NS,Punjab National Bank,Public,112.98246002197266
2024-03-22,PNB.NS,Punjab National Bank,Public,114.56916046142578
2024-03-26,PNB.NS,Punjab National Bank,Public,115.68917846679688
2024-03-27,PNB.NS,Punjab National Bank,Public,114.56916046142578
2024-03-28,PNB.NS,Punjab National Bank,Public,116.10919189453125
2024-04-01,PNB.NS,Punjab National Bank,Public,117.22920989990234
2024-04-02,PNB.NS,Punjab National Bank,Public,118.25589752197266
2024-04-03,PNB.NS,Punjab National Bank,Public,126.14273834228516
2024-04-04,PNB.NS,Punjab National Bank,Public,126.09608459472656
2024-04-05,PNB.NS,Punjab National Bank,Public,127.44944763183594
2024-04-08,PNB.NS,Punjab National Bank,Public,124.04269409179688
2024-04-09,PNB.NS,Punjab National Bank,Public,123.66935729980469
2024-04-10,PNB.NS,Punjab National Bank,Public,127.21609497070312
2024-04-12,PNB.NS,Punjab National Bank,Public,125.86274719238281
2024-04-15,PNB.NS,Punjab National Bank,Public,123.99602508544922
2024-04-16,PNB.NS,Punjab National Bank,Public,119.98261260986328
2024-04-18,PNB.NS,Punjab National Bank,Public,120.91596984863281
2024-04-19,PNB.NS,Punjab National Bank,Public,119.70259857177734
2024-04-22,PNB.NS,Punjab National Bank,Public,124.22937774658203
2024-04-23,PNB.NS,Punjab National Bank,Public,123.99602508544922
2024-04-24,PNB.NS,Punjab National Bank,Public,124.13602447509766
2024-04-25,PNB.NS,Punjab National Bank,Public,126.8427505493164
2024-04-26,PNB.NS,Punjab National Bank,Public,127.35609436035156
2024-04-29,PNB.NS,Punjab National Bank,Public,128.102783203125
2024-04-30,PNB.NS,Punjab National Bank,Public,131.6495361328125
2024-05-02,PNB.NS,Punjab National Bank,Public,128.84945678710938
2024-05-03,PNB.NS,Punjab National Bank,Public,126.74942016601562
2024-05-06,PNB.NS,Punjab National Bank,Public,118.62924194335938
2024-05-07,PNB.NS,Punjab National Bank,Public,114.1491470336914
2024-05-08,PNB.NS,Punjab National Bank,Public,116.48252868652344
2024-05-09,PNB.NS,Punjab National Bank,Public,114.00914764404297
2024-05-10,PNB.NS,Punjab National Bank,Public,115.64250946044922
2024-05-13,PNB.NS,Punjab National Bank,Public,114.89582061767578
2024-05-14,PNB.NS,Punjab National Bank,Public,117.36921691894531
2024-05-15,PNB.NS,Punjab National Bank,Public,116.01586151123047
2024-05-16,PNB.NS,Punjab National Bank,Public,116.80921173095703
2024-05-17,PNB.NS,Punjab National Bank,Public,116.76253509521484
2024-05-21,PNB.NS,Punjab National Bank,Public,117.97589874267578
2024-05-22,PNB.NS,Punjab National Bank,Public,117.46255493164062
2024-05-23,PNB.NS,Punjab National Bank,Public,118.20923614501953
2024-05-24,PNB.NS,Punjab National Bank,Public,118.02255249023438
2024-05-27,PNB.NS,Punjab National Bank,Public,120.91596984863281
2024-05-28,PNB.NS,Punjab National Bank,Public,119.65592956542969
2024-05-29,PNB.NS,Punjab National Bank,Public,119.51593017578125
2024-05-30,PNB.NS,Punjab National Bank,Public,118.9559097290039
2024-05-31,PNB.NS,Punjab National Bank,Public,120.82261657714844
2024-06-03,PNB.NS,Punjab National Bank,Public,127.86944580078125
2024-06-04,PNB.NS,Punjab National Bank,Public,107.66233825683594
2024-06-05,PNB.NS,Punjab National Bank,Public,113.72913360595703
2024-06-06,PNB.NS,Punjab National Bank,Public,115.64250946044922
2024-06-07,PNB.NS,Punjab National Bank,Public,116.76253509521484
2024-06-10,PNB.NS,Punjab National Bank,Public,116.98653411865234
2024-06-11,PNB.NS,Punjab National Bank,Public,117.73321533203125
2024-06-12,PNB.NS,Punjab National Bank,Public,118.98391723632812
2024-06-13,PNB.NS,Punjab National Bank,Public,118.13456726074219
2024-06-14,PNB.NS,Punjab National Bank,Public,120.34661865234375
2024-06-18,PNB.NS,Punjab National Bank,Public,120.05728149414062
2024-06-19,PNB.NS,Punjab National Bank,Public,119.73992919921875
2024-06-20,PNB.NS,Punjab National Bank,Public,119.92660522460938
2024-06-21,PNB.NS,Punjab National Bank,Public,118.80279541015625
2024-06-24,PNB.NS,Punjab National Bank,Public,118.11339569091797
2024-06-25,PNB.NS,Punjab National Bank,Public,117.2256851196289
2024-06-26,PNB.NS,Punjab National Bank,Public,117.4428939819336
2024-06-27,PNB.NS,Punjab National Bank,Public,112.56989288330078
2024-06-28,PNB.NS,Punjab National Bank,Public,116.4040756225586
2024-07-01,PNB.NS,Punjab National Bank,Public,115.64857482910156
2024-07-02,PNB.NS,Punjab National Bank,Public,113.92034912109375
2024-07-03,PNB.NS,Punjab National Bank,Public,114.87417602539062
2024-07-04,PNB.NS,Punjab National Bank,Public,114.77029418945312
2024-07-05,PNB.NS,Punjab National Bank,Public,115.96966552734375
2024-07-08,PNB.NS,Punjab National Bank,Public,114.60975646972656
2024-07-09,PNB.NS,Punjab National Bank,Public,115.58245849609375
2024-07-10,PNB.NS,Punjab National Bank,Public,112.58878326416016
2024-07-11,PNB.NS,Punjab National Bank,Public,112.75877380371094
2024-07-12,PNB.NS,Punjab National Bank,Public,111.19110107421875
2024-07-15,PNB.NS,Punjab National Bank,Public,114.20367431640625
2024-07-16,PNB.NS,Punjab National Bank,Public,113.19319152832031
2024-07-18,PNB.NS,Punjab National Bank,Public,112.22991180419922
2024-07-19,PNB.NS,Punjab National Bank,Public,110.02952575683594
2024-07-22,PNB.NS,Punjab National Bank,Public,111.5877456665039
2024-07-23,PNB.NS,Punjab National Bank,Public,111.20054626464844
2024-07-24,PNB.NS,Punjab National Bank,Public,110.06729888916016
2024-07-25,PNB.NS,Punjab National Bank,Public,111.17221069335938
2024-07-26,PNB.NS,Punjab National Bank,Public,113.2781753540039
2024-07-29,PNB.NS,Punjab National Bank,Public,119.93604278564453
2024-07-30,PNB.NS,Punjab National Bank,Public,118.52892303466797
2024-07-31,PNB.NS,Punjab National Bank,Public,117.0556869506836
2024-08-01,PNB.NS,Punjab National Bank,Public,116.11131286621094
2024-08-02,PNB.NS,Punjab National Bank,Public,113.57093811035156
2024-08-05,PNB.NS,Punjab National Bank,Public,107.60247039794922
2024-08-06,PNB.NS,Punjab National Bank,Public,107.47969818115234
2024-08-07,PNB.NS,Punjab National Bank,Public,109.48178100585938
2024-08-08,PNB.NS,Punjab National Bank,Public,107.67801666259766
2024-08-09,PNB.NS,Punjab National Bank,Public,108.85848999023438
2024-08-12,PNB.NS,Punjab National Bank,Public,108.22575378417969
2024-08-13,PNB.NS,Punjab National Bank,Public,107.94244384765625
2024-08-14,PNB.NS,Punjab National Bank,Public,107.25304412841797
2024-08-16,PNB.NS,Punjab National Bank,Public,106.75252532958984
2024-08-19,PNB.NS,Punjab National Bank,Public,108.80182647705078
2024-08-20,PNB.NS,Punjab National Bank,Public,110.82279205322266
2024-08-21,PNB.NS,Punjab National Bank,Public,109.93508911132812
2024-08-22,PNB.NS,Punjab National Bank,Public,110.83223724365234
2024-08-23,PNB.NS,Punjab National Bank,Public,109.80286407470703
2024-08-26,PNB.NS,Punjab National Bank,Public,109.69898986816406
2024-08-27,PNB.NS,Punjab National Bank,Public,109.5101089477539
2024-08-28,PNB.NS,Punjab National Bank,Public,108.36741638183594
2024-08-29,PNB.NS,Punjab National Bank,Public,109.1040267944336
2024-08-30,PNB.NS,Punjab National Bank,Public,110.086181640625
2024-09-02,PNB.NS,Punjab National Bank,Public,110.0389633178711
2024-09-03,PNB.NS,Punjab National Bank,Public,109.16068267822266
2024-09-04,PNB.NS,Punjab National Bank,Public,106.65808868408203
2024-09-05,PNB.NS,Punjab National Bank,Public,107.0925064086914
2024-09-06,PNB.NS,Punjab National Bank,Public,103.8816146850586
2024-09-09,PNB.NS,Punjab National Bank,Public,103.53218841552734
2024-09-10,PNB.NS,Punjab National Bank,Public,103.49441528320312
2024-09-11,PNB.NS,Punjab National Bank,Public,101.48289489746094
2024-09-12,PNB.NS,Punjab National Bank,Public,102.67281341552734
2024-09-13,PNB.NS,Punjab National Bank,Public,104.92987823486328
2024-09-16,PNB.NS,Punjab National Bank,Public,104.64656066894531
2024-09-17,PNB.NS,Punjab National Bank,Public,102.02118682861328
2024-09-18,PNB.NS,Punjab National Bank,Public,102.7011489868164
2024-09-19,PNB.NS,Punjab National Bank,Public,101.28457641601562
2024-09-20,PNB.NS,Punjab National Bank,Public,102.38005828857422
2024-09-23,PNB.NS,Punjab National Bank,Public,105.30762481689453
2024-09-24,PNB.NS,Punjab National Bank,Public,101.83231353759766
2024-09-25,PNB.NS,Punjab National Bank,Public,99.20694732666016
2024-09-26,PNB.NS,Punjab National Bank,Public,101.32235717773438
2024-09-27,PNB.NS,Punjab National Bank,Public,103.14500427246094
2024-09-30,PNB.NS,Punjab National Bank,Public,101.2468032836914
2024-10-01,PNB.NS,Punjab National Bank,Public,99.35803985595703
2024-10-03,PNB.NS,Punjab National Bank,Public,99.21638488769531
2024-10-04,PNB.NS,Punjab National Bank,Public,99.96244812011719
2024-10-07,PNB.NS,Punjab National Bank,Public,96.39269256591797
2024-10-08,PNB.NS,Punjab National Bank,Public,96.78933715820312
2024-10-09,PNB.NS,Punjab National Bank,Public,98.30978393554688
2024-10-10,PNB.NS,Punjab National Bank,Public,97.9225845336914
2024-10-11,PNB.NS,Punjab National Bank,Public,99.0747299194336
2024-10-14,PNB.NS,Punjab National Bank,Public,99.1691665649414
2024-10-15,PNB.NS,Punjab National Bank,Public,99.14083862304688
2024-10-16,PNB.NS,Punjab National Bank,Public,99.20694732666016
2024-10-17,PNB.NS,Punjab National Bank,Public,96.7610092163086
2024-10-18,PNB.NS,Punjab National Bank,Public,97.52594757080078
2024-10-21,PNB.NS,Punjab National Bank,Public,96.60045623779297
2024-10-22,PNB.NS,Punjab National Bank,Public,89.6687240600586
2024-10-23,PNB.NS,Punjab National Bank,Public,91.30249786376953
2024-10-24,PNB.NS,Punjab National Bank,Public,93.25735473632812
2024-10-25,PNB.NS,Punjab National Bank,Public,90.3958969116211
2024-10-28,PNB.NS,Punjab National Bank,Public,93.15348052978516
2024-10-29,PNB.NS,Punjab National Bank,Public,95.69385528564453
2024-10-30,PNB.NS,Punjab National Bank,Public,94.40005493164062
2024-10-31,PNB.NS,Punjab National Bank,Public,92.45464324951172
2024-11-01,PNB.NS,Punjab National Bank,Public,95.36332702636719
2024-11-04,PNB.NS,Punjab National Bank,Public,97.88481140136719
2024-11-05,PNB.NS,Punjab National Bank,Public,98.88585662841797
2024-11-06,PNB.NS,Punjab National Bank,Public,101.02959442138672
2024-11-07,PNB.NS,Punjab National Bank,Public,100.77460479736328
2024-11-08,PNB.NS,Punjab National Bank,Public,98.9614028930664
2024-11-11,PNB.NS,Punjab National Bank,Public,99.29193115234375
2024-11-12,PNB.NS,Punjab National Bank,Public,97.96036529541016
2024-11-13,PNB.NS,Punjab National Bank,Public,94.96668243408203
2024-11-14,PNB.NS,Punjab National Bank,Public,93.9561996459961
2024-11-18,PNB.NS,Punjab National Bank,Public,94.93834686279297
2024-11-19,PNB.NS,Punjab National Bank,Public,95.24999237060547
2024-11-21,PNB.NS,Punjab National Bank,Public,91.0097427368164
2024-11-22,PNB.NS,Punjab National Bank,Public,94.2678451538086
2024-11-25,PNB.NS,Punjab National Bank,Public,98.31922912597656
2024-11-26,PNB.NS,Punjab National Bank,Public,99.26360321044922
2024-11-27,PNB.NS,Punjab National Bank,Public,98.57421112060547
2024-11-28,PNB.NS,Punjab National Bank,Public,100.37797546386719
2024-11-29,PNB.NS,Punjab National Bank,Public,99.0652847290039
2024-12-02,PNB.NS,Punjab National Bank,Public,99.15972137451172
2024-12-03,PNB.NS,Punjab National Bank,Public,101.96453094482422
2024-12-04,PNB.NS,Punjab National Bank,Public,103.89105987548828
2024-12-05,PNB.NS,Punjab National Bank,Public,103.01278686523438
2024-12-06,PNB.NS,Punjab National Bank,Public,103.9760513305664
2024-12-09,PNB.NS,Punjab National Bank,Public,102.72003173828125
2024-12-10,PNB.NS,Punjab National Bank,Public,104.32547760009766
2024-12-11,PNB.NS,Punjab National Bank,Public,102.54059600830078
2024-12-12,PNB.NS,Punjab National Bank,Public,101.82286834716797
2024-12-13,PNB.NS,Punjab National Bank,Public,101.73787689208984
2024-12-16,PNB.NS,Punjab National Bank,Public,102.162841796875
2024-12-17,PNB.NS,Punjab National Bank,Public,100.09465789794922
2024-12-18,PNB.NS,Punjab National Bank,Public,97.29930114746094
2024-12-19,PNB.NS,Punjab National Bank,Public,97.76203918457031
2024-12-20,PNB.NS,Punjab National Bank,Public,95.16499328613281
2024-12-23,PNB.NS,Punjab National Bank,Public,95.74107360839844
2024-12-24,PNB.NS,Punjab National Bank,Public,95.98661041259766
2024-12-26,PNB.NS,Punjab National Bank,Public,96.47769165039062
2024-12-27,PNB.NS,Punjab National Bank,Public,95.79773712158203
2024-12-30,PNB.NS,Punjab National Bank,Public,96.09993743896484
2024-12-31,PNB.NS,Punjab National Bank,Public,97.06320190429688
2025-01-01,PNB.NS,Punjab National Bank,Public,96.94988250732422
2025-01-02,PNB.NS,Punjab National Bank,Public,99.61302185058594
2025-01-03,PNB.NS,Punjab National Bank,Public,100.48185729980469
2025-01-06,PNB.NS,Punjab National Bank,Public,96.08104705810547
2025-01-07,PNB.NS,Punjab National Bank,Public,97.37484741210938
2025-01-08,PNB.NS,Punjab National Bank,Public,96.29825592041016
2025-01-09,PNB.NS,Punjab National Bank,Public,96.35491943359375
2025-01-10,PNB.NS,Punjab National Bank,Public,93.15348052978516
2025-01-13,PNB.NS,Punjab National Bank,Public,90.11257934570312
2025-01-14,PNB.NS,Punjab National Bank,Public,92.93627166748047
2025-01-15,PNB.NS,Punjab National Bank,Public,92.78517150878906
2025-01-16,PNB.NS,Punjab National Bank,Public,94.64559936523438
2025-01-17,PNB.NS,Punjab National Bank,Public,94.56060028076172
2025-01-20,PNB.NS,Punjab National Bank,Public,95.38221740722656
2025-01-21,PNB.NS,Punjab National Bank,Public,94.74002838134766
2025-01-22,PNB.NS,Punjab National Bank,Public,92.73795318603516
2025-01-23,PNB.NS,Punjab National Bank,Public,93.89954376220703
2025-01-24,PNB.NS,Punjab National Bank,Public,92.1902084350586
2025-01-27,PNB.NS,Punjab National Bank,Public,90.19757843017578
2025-01-28,PNB.NS,Punjab National Bank,Public,94.23007202148438
2025-01-29,PNB.NS,Punjab National Bank,Public,92.33186340332031
2025-01-30,PNB.NS,Punjab National Bank,Public,91.15139770507812
2025-01-31,PNB.NS,Punjab National Bank,Public,95.57108306884766
2025-02-01,PNB.NS,Punjab National Bank,Public,93.82398986816406
2025-02-03,PNB.NS,Punjab National Bank,Public,92.85128021240234
2025-02-04,PNB.NS,Punjab National Bank,Public,93.5406723022461
2025-02-05,PNB.NS,Punjab National Bank,Public,94.6833724975586
2025-02-06,PNB.NS,Punjab National Bank,Public,94.17340850830078
2025-02-07,PNB.NS,Punjab National Bank,Public,93.74842834472656
2025-02-10,PNB.NS,Punjab National Bank,Public,92.84183502197266
2025-02-11,PNB.NS,Punjab National Bank,Public,89.9237060546875
2025-02-12,PNB.NS,Punjab National Bank,Public,90.34867095947266
2025-02-13,PNB.NS,Punjab National Bank,Public,89.37596130371094
2025-02-14,PNB.NS,Punjab National Bank,Public,87.11890411376953
2025-02-17,PNB.NS,Punjab National Bank,Public,87.9971694946289
2025-02-18,PNB.NS,Punjab National Bank,Public,86.75059509277344
2025-02-19,PNB.NS,Punjab National Bank,Public,87.6949691772461
2025-02-20,PNB.NS,Punjab National Bank,Public,90.32978820800781
2025-02-21,PNB.NS,Punjab National Bank,Public,89.00765228271484
2025-02-24,PNB.NS,Punjab National Bank,Public,88.76211547851562
2025-02-25,PNB.NS,Punjab National Bank,Public,87.94050598144531
2025-02-27,PNB.NS,Punjab National Bank,Public,86.84503173828125
2025-02-28,PNB.NS,Punjab National Bank,Public,82.52922058105469
2025-03-03,PNB.NS,Punjab National Bank,Public,82.43478393554688
2025-03-04,PNB.NS,Punjab National Bank,Public,82.24591064453125
2025-03-05,PNB.NS,Punjab National Bank,Public,84.74850463867188
2025-03-06,PNB.NS,Punjab National Bank,Public,85.9289779663086
2025-03-07,PNB.NS,Punjab National Bank,Public,86.09896850585938
2025-03-10,PNB.NS,Punjab National Bank,Public,83.67192077636719
2025-03-11,PNB.NS,Punjab National Bank,Public,83.26583099365234
2025-03-12,PNB.NS,Punjab National Bank,Public,82.06647491455078
2025-03-13,PNB.NS,Punjab National Bank,Public,82.34979248046875
2025-03-17,PNB.NS,Punjab National Bank,Public,82.60477447509766
2025-03-18,PNB.NS,Punjab National Bank,Public,82.60477447509766
2025-03-19,PNB.NS,Punjab National Bank,Public,85.95731353759766
2025-03-20,PNB.NS,Punjab National Bank,Public,86.22174072265625
2025-03-21,PNB.NS,Punjab National Bank,Public,87.95939636230469
2025-03-24,PNB.NS,Punjab National Bank,Public,90.59420776367188
2025-03-25,PNB.NS,Punjab National Bank,Public,88.59213256835938
2025-03-26,PNB.NS,Punjab National Bank,Public,87.6949691772461
2025-03-27,PNB.NS,Punjab National Bank,Public,91.04752349853516
2025-03-28,PNB.NS,Punjab National Bank,Public,90.7830810546875
2025-04-01,PNB.NS,Punjab National Bank,Public,90.88697052001953
2025-04-02,PNB.NS,Punjab National Bank,Public,91.92578125
2025-04-03,PNB.NS,Punjab National Bank,Public,93.49345397949219
2025-04-04,PNB.NS,Punjab National Bank,Public,91.23638916015625
2025-04-07,PNB.NS,Punjab National Bank,Public,89.64038848876953
2025-04-08,PNB.NS,Punjab National Bank,Public,91.51970672607422
2025-04-09,PNB.NS,Punjab National Bank,Public,90.43367004394531
2025-04-11,PNB.NS,Punjab National Bank,Public,90.73587036132812
2025-04-15,PNB.NS,Punjab National Bank,Public,91.21749877929688
2025-04-16,PNB.NS,Punjab National Bank,Public,93.3329086303711
2025-04-17,PNB.NS,Punjab National Bank,Public,93.96564483642578
2025-04-21,PNB.NS,Punjab National Bank,Public,96.60990142822266
2025-04-22,PNB.NS,Punjab National Bank,Public,97.62982940673828
2025-04-23,PNB.NS,Punjab National Bank,Public,97.28041076660156
2025-04-24,PNB.NS,Punjab National Bank,Public,96.98765563964844
2025-04-25,PNB.NS,Punjab National Bank,Public,93.76731872558594
2025-04-28,PNB.NS,Punjab National Bank,Public,96.48712921142578
2025-04-29,PNB.NS,Punjab National Bank,Public,96.92154693603516
2025-04-30,PNB.NS,Punjab National Bank,Public,94.63614654541016
2025-05-02,PNB.NS,Punjab National Bank,Public,93.96564483642578
2025-05-05,PNB.NS,Punjab National Bank,Public,93.87120819091797
2025-05-06,PNB.NS,Punjab National Bank,Public,89.21541595458984
2025-05-07,PNB.NS,Punjab National Bank,Public,89.00765228271484
2025-05-08,PNB.NS,Punjab National Bank,Public,86.27840423583984
2025-05-09,PNB.NS,Punjab National Bank,Public,86.85447692871094
2025-05-12,PNB.NS,Punjab National Bank,Public,90.45255279541016
2025-05-13,PNB.NS,Punjab National Bank,Public,92.24687194824219
2025-05-14,PNB.NS,Punjab National Bank,Public,92.43575286865234
2025-05-15,PNB.NS,Punjab National Bank,Public,92.85128021240234
2025-05-16,PNB.NS,Punjab National Bank,Public,93.40846252441406
2025-05-19,PNB.NS,Punjab National Bank,Public,95.29722595214844
2025-05-20,PNB.NS,Punjab National Bank,Public,94.90057373046875
2025-05-21,PNB.NS,Punjab National Bank,Public,96.2321548461914
2025-05-22,PNB.NS,Punjab National Bank,Public,94.7872543334961
2025-05-23,PNB.NS,Punjab National Bank,Public,94.79669189453125
2025-05-26,PNB.NS,Punjab National Bank,Public,95.34443664550781
2025-05-27,PNB.NS,Punjab National Bank,Public,96.34547424316406
2025-05-28,PNB.NS,Punjab National Bank,Public,96.60045623779297
2025-05-29,PNB.NS,Punjab National Bank,Public,96.61933898925781
2025-05-30,PNB.NS,Punjab National Bank,Public,99.93411254882812
2025-06-02,PNB.NS,Punjab National Bank,Public,102.4272689819336
2025-06-03,PNB.NS,Punjab National Bank,Public,103.35276794433594
2025-06-04,PNB.NS,Punjab National Bank,Public,103.44720458984375
2025-06-05,PNB.NS,Punjab National Bank,Public,102.95612335205078
2025-06-06,PNB.NS,Punjab National Bank,Public,104.05160522460938
2025-06-09,PNB.NS,Punjab National Bank,Public,105.95924377441406
2025-06-10,PNB.NS,Punjab National Bank,Public,105.55316162109375
2025-06-11,PNB.NS,Punjab National Bank,Public,104.16493225097656
2025-06-12,PNB.NS,Punjab National Bank,Public,102.0117416381836
2025-06-13,PNB.NS,Punjab National Bank,Public,100.68016815185547
2025-06-16,PNB.NS,Punjab National Bank,Public,100.85015869140625
2025-06-17,PNB.NS,Punjab National Bank,Public,99.99077606201172
2025-06-18,PNB.NS,Punjab National Bank,Public,99.61302185058594
2025-06-19,PNB.NS,Punjab National Bank,Public,97.25208282470703
2025-06-20,PNB.NS,Punjab National Bank,Public,100.1284408569336
2025-06-23,PNB.NS,Punjab National Bank,Public,100.97386169433594
2025-06-24,PNB.NS,Punjab National Bank,Public,102.24684143066406
2025-06-25,PNB.NS,Punjab National Bank,Public,102.94649505615234
2025-06-26,PNB.NS,Punjab National Bank,Public,103.24773406982422
2025-06-27,PNB.NS,Punjab National Bank,Public,103.33518981933594
2025-06-30,PNB.NS,Punjab National Bank,Public,107.37764739990234
2025-07-01,PNB.NS,Punjab National Bank,Public,109.8750228881836
2025-07-02,PNB.NS,Punjab National Bank,Public,110.63298797607422
2025-07-03,PNB.NS,Punjab National Bank,Public,107.11528015136719
2025-07-04,PNB.NS,Punjab National Bank,Public,107.71775817871094
2025-07-07,PNB.NS,Punjab National Bank,Public,109.33085632324219
2025-07-08,PNB.NS,Punjab National Bank,Public,108.84497833251953
2025-07-09,PNB.NS,Punjab National Bank,Public,107.86351776123047
2025-07-10,PNB.NS,Punjab National Bank,Public,106.65856170654297
2025-07-11,PNB.NS,Punjab National Bank,Public,107.09584045410156
2025-07-14,PNB.NS,Punjab National Bank,Public,107.5914306640625
2025-07-15,PNB.NS,Punjab National Bank,Public,109.0684814453125
2025-07-16,PNB.NS,Punjab National Bank,Public,111.72134399414062
2025-07-17,PNB.NS,Punjab National Bank,Public,110.5746841430664
2025-07-18,PNB.NS,Punjab National Bank,Public,110.14710998535156
2025-07-21,PNB.NS,Punjab National Bank,Public,109.41830444335938
2025-07-22,PNB.NS,Punjab National Bank,Public,106.24070739746094
2025-07-23,PNB.NS,Punjab National Bank,Public,106.81403350830078
2025-07-24,PNB.NS,Punjab National Bank,Public,107.54283905029297
2025-07-25,PNB.NS,Punjab National Bank,Public,105.3467025756836
2025-07-28,PNB.NS,Punjab National Bank,Public,103.77247619628906
2025-07-29,PNB.NS,Punjab National Bank,Public,106.20183563232422
2025-07-30,PNB.NS,Punjab National Bank,Public,105.04546356201172
2025-07-31,PNB.NS,Punjab National Bank,Public,102.4023208618164
2025-08-01,PNB.NS,Punjab National Bank,Public,100.26448822021484
2025-08-04,PNB.NS,Punjab National Bank,Public,101.70266723632812
2025-08-05,PNB.NS,Punjab National Bank,Public,100.73092651367188
2025-08-06,PNB.NS,Punjab National Bank,Public,100.8961181640625
2025-08-07,PNB.NS,Punjab National Bank,Public,101.73181915283203
2025-08-08,PNB.NS,Punjab National Bank,Public,101.01272583007812
2025-08-11,PNB.NS,Punjab National Bank,Public,103.529541015625
2025-08-12,PNB.NS,Punjab National Bank,Public,103.63643646240234
2025-08-13,PNB.NS,Punjab National Bank,Public,103.62671661376953
2025-08-14,PNB.NS,Punjab National Bank,Public,103.27688598632812
2025-08-18,PNB.NS,Punjab National Bank,Public,103.75303649902344
2025-08-19,PNB.NS,Punjab National Bank,Public,104.85111236572266
2025-08-20,PNB.NS,Punjab National Bank,Public,104.08343505859375
2025-08-21,PNB.NS,Punjab National Bank,Public,104.13202667236328
2025-08-22,PNB.NS,Punjab National Bank,Public,102.31486511230469
2025-08-25,PNB.NS,Punjab National Bank,Public,102.24684143066406
2025-08-26,PNB.NS,Punjab National Bank,Public,99.8660659790039
2025-08-28,PNB.NS,Punjab National Bank,Public,98.58336639404297
2025-08-29,PNB.NS,Punjab National Bank,Public,98.02947235107422
2025-09-01,PNB.NS,Punjab National Bank,Public,99.3996353149414
2025-09-02,PNB.NS,Punjab National Bank,Public,99.95352935791016
2025-09-03,PNB.NS,Punjab National Bank,Public,101.35283660888672
2025-09-04,PNB.NS,Punjab National Bank,Public,100.4977035522461
2025-09-05,PNB.NS,Punjab National Bank,Public,100.81837463378906
2025-09-08,PNB.NS,Punjab National Bank,Public,101.265380859375
2025-09-09,PNB.NS,Punjab National Bank,Public,101.33340454101562
2025-09-10,PNB.NS,Punjab National Bank,Public,103.25745391845703
2025-09-11,PNB.NS,Punjab National Bank,Public,104.71507263183594
2025-09-12,PNB.NS,Punjab National Bank,Public,104.27777862548828
2025-09-15,PNB.NS,Punjab National Bank,Public,105.44387817382812
2025-09-16,PNB.NS,Punjab National Bank,Public,105.3758544921875
2025-09-17,PNB.NS,Punjab National Bank,Public,108.80610656738281
2025-09-18,PNB.NS,Punjab National Bank,Public,108.69921875
2025-09-19,PNB.NS,Punjab National Bank,Public,110.0985336303711
2025-09-22,PNB.NS,Punjab National Bank,Public,109.84587860107422
2025-09-23,PNB.NS,Punjab National Bank,Public,110.224853515625
2025-09-24,PNB.NS,Punjab National Bank,Public,107.87323760986328
2025-09-25,PNB.NS,Punjab National Bank,Public,108.2522201538086
2025-09-26,PNB.NS,Punjab National Bank,Public,104.74422454833984
2025-09-29,PNB.NS,Punjab National Bank,Public,106.41561889648438
2025-09-30,PNB.NS,Punjab National Bank,Public,109.64180755615234
2025-10-01,PNB.NS,Punjab National Bank,Public,109.36972045898438
2025-10-03,PNB.NS,Punjab National Bank,Public,111.13829803466797
2025-10-06,PNB.NS,Punjab National Bank,Public,111.3034896850586
2025-10-07,PNB.NS,Punjab National Bank,Public,110.94393920898438
2025-10-08,PNB.NS,Punjab National Bank,Public,109.94304656982422
2025-10-09,PNB.NS,Punjab National Bank,Public,111.07027435302734
2025-10-10,PNB.NS,Punjab National Bank,Public,113.92719268798828
2025-10-13,PNB.NS,Punjab National Bank,Public,113.6453857421875
2025-10-14,PNB.NS,Punjab National Bank,Public,112.01285552978516
2025-10-15,PNB.NS,Punjab National Bank,Public,113.11093139648438
2025-10-16,PNB.NS,Punjab National Bank,Public,112.8291244506836
2025-10-17,PNB.NS,Punjab National Bank,Public,110.48722076416016
2025-10-20,PNB.NS,Punjab National Bank,Public,114.76289367675781
2025-10-21,PNB.NS,Punjab National Bank,Public,114.34504699707031
2025-10-23,PNB.NS,Punjab National Bank,Public,114.87950897216797
2025-10-24,PNB.NS,Punjab National Bank,Public,113.63567352294922
2025-10-27,PNB.NS,Punjab National Bank,Public,116.24966430664062
2025-10-28,PNB.NS,Punjab National Bank,Public,117.707275390625
2025-10-29,PNB.NS,Punjab National Bank,Public,117.6781234741211
2025-10-30,PNB.NS,Punjab National Bank,Public,116.69666290283203
2025-10-31,PNB.NS,Punjab National Bank,Public,119.41754913330078
2025-11-03,PNB.NS,Punjab National Bank,Public,120.02973937988281
2025-11-04,PNB.NS,Punjab National Bank,Public,119.76737213134766
2025-11-06,PNB.NS,Punjab National Bank,Public,117.05621337890625
2025-11-07,PNB.NS,Punjab National Bank,Public,118.92195892333984
2025-11-10,PNB.NS,Punjab National Bank,Public,118.88308715820312
2025-11-11,PNB.NS,Punjab National Bank,Public,118.57212829589844
2025-11-12,PNB.NS,Punjab National Bank,Public,118.98997497558594
2025-11-13,PNB.NS,Punjab National Bank,Public,117.64897155761719
2025-11-14,PNB.NS,Punjab National Bank,Public,118.75675964355469
2025-11-17,PNB.NS,Punjab National Bank,Public,119.5244369506836
2025-11-18,PNB.NS,Punjab National Bank,Public,118.92195892333984
2025-11-19,PNB.NS,Punjab National Bank,Public,121.52622985839844
2025-11-20,PNB.NS,Punjab National Bank,Public,120.36013793945312
2025-11-21,PNB.NS,Punjab National Bank,Public,118.91224670410156
2025-11-24,PNB.NS,Punjab National Bank,Public,118.30976104736328
2025-11-25,PNB.NS,Punjab National Bank,Public,119.57302856445312
2025-11-26,PNB.NS,Punjab National Bank,Public,121.45820617675781
2025-11-27,PNB.NS,Punjab National Bank,Public,121.39990234375
2025-11-28,PNB.NS,Punjab National Bank,Public,120.9820556640625
2025-12-01,PNB.NS,Punjab National Bank,Public,121.75945281982422
2025-12-02,PNB.NS,Punjab National Bank,Public,121.80803680419922
2025-12-03,PNB.NS,Punjab National Bank,Public,116.41486358642578
2025-12-04,PNB.NS,Punjab National Bank,Public,116.1524887084961
2025-12-05,PNB.NS,Punjab National Bank,Public,118.27088928222656
2025-12-08,PNB.NS,Punjab National Bank,Public,112.72223663330078
2025-12-09,PNB.NS,Punjab National Bank,Public,114.50052642822266
2025-12-10,PNB.NS,Punjab National Bank,Public,113.8494644165039
2025-12-11,PNB.NS,Punjab National Bank,Public,114.24787139892578
2025-12-12,PNB.NS,Punjab National Bank,Public,114.48108673095703
2025-12-15,PNB.NS,Punjab National Bank,Public,115.38481140136719
2025-12-16,PNB.NS,Punjab National Bank,Public,113.72312927246094
2025-12-17,PNB.NS,Punjab National Bank,Public,115.95814514160156
2025-12-18,PNB.NS,Punjab National Bank,Public,115.54029083251953
2025-12-19,PNB.NS,Punjab National Bank,Public,116.43429565429688
2025-12-22,PNB.NS,Punjab National Bank,Public,117.88218688964844
2025-12-23,PNB.NS,Punjab National Bank,Public,117.48377990722656
2025-12-24,PNB.NS,Punjab National Bank,Public,117.51293182373047
2025-12-26,PNB.NS,Punjab National Bank,Public,116.96875762939453
2025-12-29,PNB.NS,Punjab National Bank,Public,117.13394927978516
2025-12-30,PNB.NS,Punjab National Bank,Public,118.92195892333984
2025-12-31,PNB.NS,Punjab National Bank,Public,120.08805084228516
2026-01-01,PNB.NS,Punjab National Bank,Public,120.43788146972656
2026-01-02,PNB.NS,Punjab National Bank,Public,121.80803680419922
2026-01-05,PNB.NS,Punjab National Bank,Public,121.54566955566406
2026-01-06,PNB.NS,Punjab National Bank,Public,121.92464447021484
2026-01-07,PNB.NS,Punjab National Bank,Public,122.12870788574219
2026-01-08,PNB.NS,Punjab National Bank,Public,119.33980560302734
2026-01-09,PNB.NS,Punjab National Bank,Public,119.4272689819336
2026-01-12,PNB.NS,Punjab National Bank,Public,119.67992401123047
2026-01-13,PNB.NS,Punjab National Bank,Public,121.0014877319336
2026-01-14,PNB.NS,Punjab National Bank,Public,125.04393768310547
2026-01-15,PNB.NS,Punjab National Bank,Public,125.04393768310547
2026-01-16,PNB.NS,Punjab National Bank,Public,128.61996459960938
2026-01-19,PNB.NS,Punjab National Bank,Public,124.43174743652344
2026-01-20,PNB.NS,Punjab National Bank,Public,122.2161636352539
2026-01-21,PNB.NS,Punjab National Bank,Public,120.48646545410156
2026-01-22,PNB.NS,Punjab National Bank,Public,121.62340545654297
2026-01-23,PNB.NS,Punjab National Bank,Public,116.75497436523438
2026-01-27,PNB.NS,Punjab National Bank,Public,119.47584533691406
2026-01-28,PNB.NS,Punjab National Bank,Public,120.9820556640625
2026-01-29,PNB.NS,Punjab National Bank,Public,121.71086120605469
2026-01-30,PNB.NS,Punjab National Bank,Public,121.65255737304688
2026-02-02,PNB.NS,Punjab National Bank,Public,118.57212829589844
2026-02-03,PNB.NS,Punjab National Bank,Public,120.36013793945312
2026-02-04,PNB.NS,Punjab National Bank,Public,120.15607452392578
2026-02-05,PNB.NS,Punjab National Bank,Public,120.59335327148438
2026-02-06,PNB.NS,Punjab National Bank,Public,119.37867736816406
2026-02-09,PNB.NS,Punjab National Bank,Public,119.95201110839844
2026-02-10,PNB.NS,Punjab National Bank,Public,119.48556518554688
2026-02-11,PNB.NS,Punjab National Bank,Public,119.4369888305664
2026-02-12,PNB.NS,Punjab National Bank,Public,117.54208374023438
2026-02-13,PNB.NS,Punjab National Bank,Public,115.40425109863281
2026-02-16,PNB.NS,Punjab National Bank,Public,117.16310119628906
2026-02-17,PNB.NS,Punjab National Bank,Public,121.29301452636719
2026-02-18,PNB.NS,Punjab National Bank,Public,124.54834747314453
2026-02-19,PNB.NS,Punjab National Bank,Public,122.5368423461914
2026-02-20,PNB.NS,Punjab National Bank,Public,125.92822265625
2026-02-23,PNB.NS,Punjab National Bank,Public,126.58901977539062
2026-02-24,PNB.NS,Punjab National Bank,Public,127.3275375366211
2026-02-25,PNB.NS,Punjab National Bank,Public,126.85137939453125
2026-02-26,PNB.NS,Punjab National Bank,Public,126.79307556152344
2026-02-27,PNB.NS,Punjab National Bank,Public,125.782470703125
2026-03-02,PNB.NS,Punjab National Bank,Public,122.4882583618164
2026-03-04,PNB.NS,Punjab National Bank,Public,117.94049835205078
2026-03-05,PNB.NS,Punjab National Bank,Public,118.74703979492188
2026-03-06,PNB.NS,Punjab National Bank,Public,115.93870544433594
2026-03-09,PNB.NS,Punjab National Bank,Public,111.81851196289062
2026-03-10,PNB.NS,Punjab National Bank,Public,114.20899963378906
2026-03-11,PNB.NS,Punjab National Bank,Public,112.5667495727539
2026-03-12,PNB.NS,Punjab National Bank,Public,113.31500244140625
2026-03-13,PNB.NS,Punjab National Bank,Public,108.54373168945312
2026-03-16,PNB.NS,Punjab National Bank,Public,107.83436584472656
2026-03-17,PNB.NS,Punjab National Bank,Public,108.83525848388672
2026-03-18,PNB.NS,Punjab National Bank,Public,109.92361450195312
2026-03-19,PNB.NS,Punjab National Bank,Public,106.39618682861328
2026-03-20,PNB.NS,Punjab National Bank,Public,108.3785400390625
2026-03-23,PNB.NS,Punjab National Bank,Public,102.56752014160156
2026-03-24,PNB.NS,Punjab National Bank,Public,104.22920227050781
2026-03-25,PNB.NS,Punjab National Bank,Public,106.95979309082031
2026-03-27,PNB.NS,Punjab National Bank,Public,102.15937805175781
2026-03-30,PNB.NS,Punjab National Bank,Public,97.71851348876953
2026-04-01,PNB.NS,Punjab National Bank,Public,101.06131744384766
2026-04-02,PNB.NS,Punjab National Bank,Public,101.52775573730469
2026-04-06,PNB.NS,Punjab National Bank,Public,103.49066925048828
2026-04-07,PNB.NS,Punjab National Bank,Public,101.62492370605469
2026-04-08,PNB.NS,Punjab National Bank,Public,107.99956512451172
2026-04-09,PNB.NS,Punjab National Bank,Public,106.49335479736328
2026-04-10,PNB.NS,Punjab National Bank,Public,108.64091491699219
2026-04-13,PNB.NS,Punjab National Bank,Public,107.60115051269531
2026-04-15,PNB.NS,Punjab National Bank,Public,109.8847427368164
2026-04-16,PNB.NS,Punjab National Bank,Public,110.35118103027344
2026-04-17,PNB.NS,Punjab National Bank,Public,111.24518585205078
2026-04-20,PNB.NS,Punjab National Bank,Public,110.52609252929688
2026-04-21,PNB.NS,Punjab National Bank,Public,110.8856430053711
2026-04-22,PNB.NS,Punjab National Bank,Public,111.42981719970703
2026-04-23,PNB.NS,Punjab National Bank,Public,109.52519989013672
2026-04-24,PNB.NS,Punjab National Bank,Public,109.89445495605469
2026-04-27,PNB.NS,Punjab National Bank,Public,110.66213989257812
2026-04-28,PNB.NS,Punjab National Bank,Public,108.24250030517578
2026-04-29,PNB.NS,Punjab National Bank,Public,108.0384292602539
2026-04-30,PNB.NS,Punjab National Bank,Public,106.26985931396484
2026-05-01,PNB.NS,Punjab National Bank,Public,106.26985931396484
2026-05-04,PNB.NS,Punjab National Bank,Public,105.60906982421875
2026-05-05,PNB.NS,Punjab National Bank,Public,104.84139251708984
2026-05-06,PNB.NS,Punjab National Bank,Public,107.06668853759766
2026-05-07,PNB.NS,Punjab National Bank,Public,106.02692413330078
2026-05-08,PNB.NS,Punjab National Bank,Public,104.20976257324219
2026-05-11,PNB.NS,Punjab National Bank,Public,101.6637954711914
2026-05-12,PNB.NS,Punjab National Bank,Public,99.87578582763672
2026-05-13,PNB.NS,Punjab National Bank,Public,99.8660659790039
2026-05-14,PNB.NS,Punjab National Bank,Public,101.6637954711914
2026-05-15,PNB.NS,Punjab National Bank,Public,99.16641998291016
2026-05-18,PNB.NS,Punjab National Bank,Public,96.67874908447266
2026-05-19,PNB.NS,Punjab National Bank,Public,98.43760681152344
2026-05-20,PNB.NS,Punjab National Bank,Public,99.33161163330078
2026-05-21,PNB.NS,Punjab National Bank,Public,99.04008483886719
2026-05-22,PNB.NS,Punjab National Bank,Public,99.7591781616211
2026-05-25,PNB.NS,Punjab National Bank,Public,103.25745391845703
2026-05-26,PNB.NS,Punjab National Bank,Public,102.91735076904297
2026-05-27,PNB.NS,Punjab National Bank,Public,103.65586853027344
2026-05-28,PNB.NS,Punjab National Bank,Public,103.65586853027344
2026-05-29,PNB.NS,Punjab National Bank,Public,103.05339050292969
2026-06-01,PNB.NS,Punjab National Bank,Public,100.84752655029297
2026-06-02,PNB.NS,Punjab National Bank,Public,101.14876556396484
2026-06-03,PNB.NS,Punjab National Bank,Public,102.81045532226562
2026-06-04,PNB.NS,Punjab National Bank,Public,102.68412017822266
2026-06-05,PNB.NS,Punjab National Bank,Public,103.83078002929688
2026-06-08,PNB.NS,Punjab National Bank,Public,102.72299194335938
2026-06-09,PNB.NS,Punjab National Bank,Public,106.55166625976562
2026-06-10,PNB.NS,Punjab National Bank,Public,104.14173889160156
2026-06-11,PNB.NS,Punjab National Bank,Public,103.16999816894531
2026-06-12,PNB.NS,Punjab National Bank,Public,106.87999725341797
2026-06-15,PNB.NS,Punjab National Bank,Public,107.95999908447266
2026-06-16,PNB.NS,Punjab National Bank,Public,107.97000122070312
2026-06-17,PNB.NS,Punjab National Bank,Public,108.87000274658203
2026-06-18,PNB.NS,Punjab National Bank,Public,109.58000183105469
2026-06-19,PNB.NS,Punjab National Bank,Public,108.7699966430664
2026-06-22,PNB.NS,Punjab National Bank,Public,109.80000305175781
2026-06-23,PNB.NS,Punjab National Bank,Public,107.43000030517578
2026-06-24,PNB.NS,Punjab National Bank,Public,107.70999908447266
2026-06-25,PNB.NS,Punjab National Bank,Public,107.87000274658203
2026-06-26,PNB.NS,Punjab National Bank,Public,107.87000274658203
2026-06-29,PNB.NS,Punjab National Bank,Public,106.95999908447266
2026-06-30,PNB.NS,Punjab National Bank,Public,106.69000244140625
2026-07-01,PNB.NS,Punjab National Bank,Public,107.54000091552734
2026-07-02,PNB.NS,Punjab National Bank,Public,106.91000366210938
2026-07-03,PNB.NS,Punjab National Bank,Public,105.3499984741211
2026-07-06,PNB.NS,Punjab National Bank,Public,104.29000091552734
2026-07-07,PNB.NS,Punjab National Bank,Public,103.79000091552734
2026-07-08,PNB.NS,Punjab National Bank,Public,100.94999694824219
2026-07-09,PNB.NS,Punjab National Bank,Public,103.44000244140625
2026-07-10,PNB.NS,Punjab National Bank,Public,105.41000366210938
2026-07-13,PNB.NS,Punjab National Bank,Public,106.33999633789062
2026-07-14,PNB.NS,Punjab National Bank,Public,105.0
2026-07-15,PNB.NS,Punjab National Bank,Public,105.70999908447266
2026-07-16,PNB.NS,Punjab National Bank,Public,105.22000122070312
2026-07-17,PNB.NS,Punjab National Bank,Public,105.7699966430664
2026-07-20,PNB.NS,Punjab National Bank,Public,111.76000213623047
2026-07-21,PNB.NS,Punjab National Bank,Public,112.08000183105469
2026-07-23,PNB.NS,Punjab National Bank,Public,110.1500015258789
2026-07-24,PNB.NS,Punjab National Bank,Public,110.37999725341797
2026-07-27,PNB.NS,Punjab National Bank,Public,111.62000274658203
2026-07-28,PNB.NS,Punjab National Bank,Public,111.6500015258789
2026-07-29,PNB.NS,Punjab National Bank,Public,111.08000183105469
2026-07-30,PNB.NS,Punjab National Bank,Public,111.63999938964844
2026-07-31,PNB.NS,Punjab National Bank,Public,112.70999908447266
2026-08-03,PNB.NS,Punjab National Bank,Public,113.0
2026-08-04,PNB.NS,Punjab National Bank,Public,113.98999786376953
2026-08-05,PNB.NS,Punjab National Bank,Public,113.55000305175781
2026-08-06,PNB.NS,Punjab National Bank,Public,114.30000305175781
2026-08-07,PNB.NS,Punjab National Bank,Public,114.80999755859375
2026-08-10,PNB.NS,Punjab National Bank,Public,113.5
2026-08-11,PNB.NS,Punjab National Bank,Public,114.02999877929688
2026-08-12,PNB.NS,Punjab National Bank,Public,118.9800033569336
2026-08-13,PNB.NS,Punjab National Bank,Public,117.58999633789062
2026-08-14,PNB.NS,Punjab National Bank,Public,118.0
2026-08-17,PNB.NS,Punjab National Bank,Public,117.31999969482422
2026-08-18,PNB.NS,Punjab National Bank,Public,116.5
2026-08-19,PNB.NS,Punjab National Bank,Public,117.4800033569336
2026-08-20,PNB.NS,Punjab National Bank,Public,118.0
2021-08-20,SBIN.NS,State Bank of India,Public,372.0277099609375
2021-08-23,SBIN.NS,State Bank of India,Public,374.5889892578125
2021-08-24,SBIN.NS,State Bank of India,Public,381.99847412109375
2021-08-25,SBIN.NS,State Bank of India,Public,380.7635498046875
2021-08-26,SBIN.NS,State Bank of India,Public,375.7323913574219
2021-08-27,SBIN.NS,State Bank of India,Public,377.2874755859375
2021-08-30,SBIN.NS,State Bank of India,Public,386.6636962890625
2021-08-31,SBIN.NS,State Bank of India,Public,389.72802734375
2021-09-01,SBIN.NS,State Bank of India,Public,393.24981689453125
2021-09-02,SBIN.NS,State Bank of India,Public,393.11260986328125
2021-09-03,SBIN.NS,State Bank of India,Public,394.6219482421875
2021-09-06,SBIN.NS,State Bank of India,Public,394.3017578125
2021-09-07,SBIN.NS,State Bank of India,Public,392.51806640625
2021-09-08,SBIN.NS,State Bank of India,Public,394.57623291015625
2021-09-09,SBIN.NS,State Bank of India,Public,395.4452209472656
2021-09-13,SBIN.NS,State Bank of India,Public,395.9483337402344
2021-09-14,SBIN.NS,State Bank of India,Public,396.0855407714844
2021-09-15,SBIN.NS,State Bank of India,Public,406.01055908203125
2021-09-16,SBIN.NS,State Bank of India,Public,424.1683044433594
2021-09-17,SBIN.NS,State Bank of India,Public,415.38671875
2021-09-20,SBIN.NS,State Bank of India,Public,400.15618896484375
2021-09-21,SBIN.NS,State Bank of India,Public,401.3910827636719
2021-09-22,SBIN.NS,State Bank of India,Public,401.4368591308594
2021-09-23,SBIN.NS,State Bank of India,Public,411.4532775878906
2021-09-24,SBIN.NS,State Bank of India,Public,403.17486572265625
2021-09-27,SBIN.NS,State Bank of India,Public,408.5260925292969
2021-09-28,SBIN.NS,State Bank of India,Public,406.9710693359375
2021-09-29,SBIN.NS,State Bank of India,Public,420.7837219238281
2021-09-30,SBIN.NS,State Bank of India,Public,414.3804626464844
2021-10-01,SBIN.NS,State Bank of India,Public,413.1455993652344
2021-10-04,SBIN.NS,State Bank of India,Public,423.6651611328125
2021-10-05,SBIN.NS,State Bank of India,Public,425.0830383300781
2021-10-06,SBIN.NS,State Bank of India,Public,418.2224426269531
2021-10-07,SBIN.NS,State Bank of India,Public,418.86273193359375
2021-10-08,SBIN.NS,State Bank of India,Public,418.9542541503906
2021-10-11,SBIN.NS,State Bank of India,Public,429.2451171875
2021-10-12,SBIN.NS,State Bank of India,Public,441.8229064941406
2021-10-13,SBIN.NS,State Bank of India,Public,440.63372802734375
2021-10-14,SBIN.NS,State Bank of India,Public,448.7750244140625
2021-10-18,SBIN.NS,State Bank of India,Public,455.4984130859375
2021-10-19,SBIN.NS,State Bank of India,Public,446.5796203613281
2021-10-20,SBIN.NS,State Bank of India,Public,457.2821350097656
2021-10-21,SBIN.NS,State Bank of India,Public,460.0721130371094
2021-10-22,SBIN.NS,State Bank of India,Public,460.0721130371094
2021-10-25,SBIN.NS,State Bank of India,Public,463.3194580078125
2021-10-26,SBIN.NS,State Bank of India,Public,468.85369873046875
2021-10-27,SBIN.NS,State Bank of India,Public,474.89105224609375
2021-10-28,SBIN.NS,State Bank of India,Public,458.6085205078125
2021-10-29,SBIN.NS,State Bank of India,Public,459.3403015136719
2021-11-01,SBIN.NS,State Bank of India,Public,471.7351379394531
2021-11-02,SBIN.NS,State Bank of India,Public,477.2236328125
2021-11-03,SBIN.NS,State Bank of India,Public,482.6663513183594
2021-11-04,SBIN.NS,State Bank of India,Public,485.2276916503906
2021-11-08,SBIN.NS,State Bank of India,Public,478.6414794921875
2021-11-09,SBIN.NS,State Bank of India,Public,484.0385437011719
2021-11-10,SBIN.NS,State Bank of India,Public,479.6934814453125
2021-11-11,SBIN.NS,State Bank of India,Public,466.1551818847656
2021-11-12,SBIN.NS,State Bank of India,Public,467.7559814453125
2021-11-15,SBIN.NS,State Bank of India,Public,463.3652038574219
2021-11-16,SBIN.NS,State Bank of India,Public,452.8913879394531
2021-11-17,SBIN.NS,State Bank of India,Public,455.6813049316406
2021-11-18,SBIN.NS,State Bank of India,Public,460.8496398925781
2021-11-22,SBIN.NS,State Bank of India,Public,444.9330139160156
2021-11-23,SBIN.NS,State Bank of India,Public,451.01611328125
2021-11-24,SBIN.NS,State Bank of India,Public,451.10760498046875
2021-11-25,SBIN.NS,State Bank of India,Public,448.729248046875
2021-11-26,SBIN.NS,State Bank of India,Public,430.3885498046875
2021-11-29,SBIN.NS,State Bank of India,Public,425.44891357421875
2021-11-30,SBIN.NS,State Bank of India,Public,421.286865234375
2021-12-01,SBIN.NS,State Bank of India,Public,434.7793273925781
2021-12-02,SBIN.NS,State Bank of India,Public,436.3344421386719
2021-12-03,SBIN.NS,State Bank of India,Public,432.8126525878906
2021-12-06,SBIN.NS,State Bank of India,Public,425.63189697265625
2021-12-07,SBIN.NS,State Bank of India,Public,436.0600280761719
2021-12-08,SBIN.NS,State Bank of India,Public,449.64398193359375
2021-12-09,SBIN.NS,State Bank of India,Public,446.9912109375
2021-12-10,SBIN.NS,State Bank of India,Public,452.5254821777344
2021-12-13,SBIN.NS,State Bank of India,Public,446.2137145996094
2021-12-14,SBIN.NS,State Bank of India,Public,446.89971923828125
2021-12-15,SBIN.NS,State Bank of India,Public,443.46942138671875
2021-12-16,SBIN.NS,State Bank of India,Public,440.130615234375
2021-12-17,SBIN.NS,State Bank of India,Public,427.91876220703125
2021-12-20,SBIN.NS,State Bank of India,Public,410.9044494628906
2021-12-21,SBIN.NS,State Bank of India,Public,407.97723388671875
2021-12-22,SBIN.NS,State Bank of India,Public,416.9875183105469
2021-12-23,SBIN.NS,State Bank of India,Public,422.43023681640625
2021-12-24,SBIN.NS,State Bank of India,Public,417.9937744140625
2021-12-27,SBIN.NS,State Bank of India,Public,418.99993896484375
2021-12-28,SBIN.NS,State Bank of India,Public,421.8814392089844
2021-12-29,SBIN.NS,State Bank of India,Public,415.6611633300781
2021-12-30,SBIN.NS,State Bank of India,Public,413.19134521484375
2021-12-31,SBIN.NS,State Bank of India,Public,421.19537353515625
2022-01-03,SBIN.NS,State Bank of India,Public,430.6629638671875
2022-01-04,SBIN.NS,State Bank of India,Public,442.2802734375
2022-01-05,SBIN.NS,State Bank of India,Public,450.4215087890625
2022-01-06,SBIN.NS,State Bank of India,Public,449.7812194824219
2022-01-07,SBIN.NS,State Bank of India,Public,449.3695983886719
2022-01-10,SBIN.NS,State Bank of India,Public,460.7124328613281
2022-01-11,SBIN.NS,State Bank of India,Public,462.8163757324219
2022-01-12,SBIN.NS,State Bank of India,Public,466.7497863769531
2022-01-13,SBIN.NS,State Bank of India,Public,467.7559814453125
2022-01-14,SBIN.NS,State Bank of India,Public,465.01177978515625
2022-01-17,SBIN.NS,State Bank of India,Public,470.1800537109375
2022-01-18,SBIN.NS,State Bank of India,Public,463.5939025878906
2022-01-19,SBIN.NS,State Bank of India,Public,471.8266296386719
2022-01-20,SBIN.NS,State Bank of India,Public,467.8017272949219
2022-01-21,SBIN.NS,State Bank of India,Public,459.84344482421875
2022-01-24,SBIN.NS,State Bank of India,Public,452.0223388671875
2022-01-25,SBIN.NS,State Bank of India,Public,470.7746887207031
2022-01-27,SBIN.NS,State Bank of India,Public,483.85552978515625
2022-01-28,SBIN.NS,State Bank of India,Public,478.824462890625
2022-01-31,SBIN.NS,State Bank of India,Public,492.40838623046875
2022-02-01,SBIN.NS,State Bank of India,Public,486.919921875
2022-02-02,SBIN.NS,State Bank of India,Public,493.7805480957031
2022-02-03,SBIN.NS,State Bank of India,Public,494.0549011230469
2022-02-04,SBIN.NS,State Bank of India,Public,485.0904846191406
2022-02-07,SBIN.NS,State Bank of India,Public,487.78900146484375
2022-02-08,SBIN.NS,State Bank of India,Public,486.0509338378906
2022-02-09,SBIN.NS,State Bank of India,Public,489.6184387207031
2022-02-10,SBIN.NS,State Bank of India,Public,494.4665832519531
2022-02-11,SBIN.NS,State Bank of India,Public,484.4501037597656
2022-02-14,SBIN.NS,State Bank of India,Public,458.6542663574219
2022-02-15,SBIN.NS,State Bank of India,Public,480.0592956542969
2022-02-16,SBIN.NS,State Bank of India,Public,472.64990234375
2022-02-17,SBIN.NS,State Bank of India,Public,469.2196350097656
2022-02-18,SBIN.NS,State Bank of India,Public,471.3692321777344
2022-02-21,SBIN.NS,State Bank of India,Public,468.2133483886719
2022-02-22,SBIN.NS,State Bank of India,Public,455.9100036621094
2022-02-23,SBIN.NS,State Bank of India,Public,456.1844787597656
2022-02-24,SBIN.NS,State Bank of India,Public,432.35528564453125
2022-02-25,SBIN.NS,State Bank of India,Public,441.7771911621094
2022-02-28,SBIN.NS,State Bank of India,Public,442.005859375
2022-03-02,SBIN.NS,State Bank of India,Public,433.81884765625
2022-03-03,SBIN.NS,State Bank of India,Public,427.5528564453125
2022-03-04,SBIN.NS,State Bank of India,Public,422.5675048828125
2022-03-07,SBIN.NS,State Bank of India,Public,402.76318359375
2022-03-08,SBIN.NS,State Bank of India,Public,402.76318359375
2022-03-09,SBIN.NS,State Bank of India,Public,413.19134521484375
2022-03-10,SBIN.NS,State Bank of India,Public,428.74200439453125
2022-03-11,SBIN.NS,State Bank of India,Public,430.2513732910156
2022-03-14,SBIN.NS,State Bank of India,Public,443.7895812988281
2022-03-15,SBIN.NS,State Bank of India,Public,444.4299621582031
2022-03-16,SBIN.NS,State Bank of India,Public,450.74169921875
2022-03-17,SBIN.NS,State Bank of India,Public,459.11163330078125
2022-03-21,SBIN.NS,State Bank of India,Public,448.7750244140625
2022-03-22,SBIN.NS,State Bank of India,Public,451.6107177734375
2022-03-23,SBIN.NS,State Bank of India,Public,448.82073974609375
2022-03-24,SBIN.NS,State Bank of India,Public,445.5733947753906
2022-03-25,SBIN.NS,State Bank of India,Public,448.8664855957031
2022-03-28,SBIN.NS,State Bank of India,Public,455.0867004394531
2022-03-29,SBIN.NS,State Bank of India,Public,452.7998962402344
2022-03-30,SBIN.NS,State Bank of India,Public,452.1595153808594
2022-03-31,SBIN.NS,State Bank of India,Public,451.4734802246094
2022-04-01,SBIN.NS,State Bank of India,Public,464.87457275390625
2022-04-04,SBIN.NS,State Bank of India,Public,468.71649169921875
2022-04-05,SBIN.NS,State Bank of India,Public,465.97222900390625
2022-04-06,SBIN.NS,State Bank of India,Public,470.1343688964844
2022-04-07,SBIN.NS,State Bank of India,Public,471.049072265625
2022-04-08,SBIN.NS,State Bank of India,Public,472.10101318359375
2022-04-11,SBIN.NS,State Bank of India,Public,471.00341796875
2022-04-12,SBIN.NS,State Bank of India,Public,469.12811279296875
2022-04-13,SBIN.NS,State Bank of India,Public,473.5646667480469
2022-04-18,SBIN.NS,State Bank of India,Public,466.063720703125
2022-04-19,SBIN.NS,State Bank of India,Public,468.1676330566406
2022-04-20,SBIN.NS,State Bank of India,Public,465.8807373046875
2022-04-21,SBIN.NS,State Bank of India,Public,472.28399658203125
2022-04-22,SBIN.NS,State Bank of India,Public,457.9224548339844
2022-04-25,SBIN.NS,State Bank of India,Public,452.5711975097656
2022-04-26,SBIN.NS,State Bank of India,Public,462.40472412109375
2022-04-27,SBIN.NS,State Bank of India,Public,454.8580627441406
2022-04-28,SBIN.NS,State Bank of India,Public,464.2342224121094
2022-04-29,SBIN.NS,State Bank of India,Public,453.989013671875
2022-05-02,SBIN.NS,State Bank of India,Public,449.140869140625
2022-05-04,SBIN.NS,State Bank of India,Public,438.75848388671875
2022-05-05,SBIN.NS,State Bank of India,Public,439.0786437988281
2022-05-06,SBIN.NS,State Bank of India,Public,442.6919250488281
2022-05-09,SBIN.NS,State Bank of India,Public,435.32818603515625
2022-05-10,SBIN.NS,State Bank of India,Public,434.6878662109375
2022-05-11,SBIN.NS,State Bank of India,Public,435.92279052734375
2022-05-12,SBIN.NS,State Bank of India,Public,423.207763671875
2022-05-13,SBIN.NS,State Bank of India,Public,406.74237060546875
2022-05-16,SBIN.NS,State Bank of India,Public,416.2099914550781
2022-05-17,SBIN.NS,State Bank of India,Public,427.46136474609375
2022-05-18,SBIN.NS,State Bank of India,Public,418.9542541503906
2022-05-19,SBIN.NS,State Bank of India,Public,409.3493957519531
2022-05-20,SBIN.NS,State Bank of India,Public,422.9790954589844
2022-05-23,SBIN.NS,State Bank of India,Public,421.60699462890625
2022-05-24,SBIN.NS,State Bank of India,Public,422.658935546875
2022-05-25,SBIN.NS,State Bank of India,Public,421.8692932128906
2022-05-26,SBIN.NS,State Bank of India,Public,435.6188049316406
2022-05-27,SBIN.NS,State Bank of India,Public,435.665283203125
2022-05-30,SBIN.NS,State Bank of India,Public,440.91424560546875
2022-05-31,SBIN.NS,State Bank of India,Public,434.8756408691406
2022-06-01,SBIN.NS,State Bank of India,Public,435.0613708496094
2022-06-02,SBIN.NS,State Bank of India,Public,436.50140380859375
2022-06-03,SBIN.NS,State Bank of India,Public,431.5311279296875
2022-06-06,SBIN.NS,State Bank of India,Public,430.7879333496094
2022-06-07,SBIN.NS,State Bank of India,Public,430.50921630859375
2022-06-08,SBIN.NS,State Bank of India,Public,437.8484802246094
2022-06-09,SBIN.NS,State Bank of India,Public,433.8072509765625
2022-06-10,SBIN.NS,State Bank of India,Public,429.0692138671875
2022-06-13,SBIN.NS,State Bank of India,Public,414.2048645019531
2022-06-14,SBIN.NS,State Bank of India,Public,416.295166015625
2022-06-15,SBIN.NS,State Bank of India,Public,419.314453125
2022-06-16,SBIN.NS,State Bank of India,Public,410.2565002441406
2022-06-17,SBIN.NS,State Bank of India,Public,409.6990966796875
2022-06-20,SBIN.NS,State Bank of India,Public,403.84625244140625
2022-06-21,SBIN.NS,State Bank of India,Public,418.7570495605469
2022-06-22,SBIN.NS,State Bank of India,Public,415.8771057128906
2022-06-23,SBIN.NS,State Bank of India,Public,419.3609313964844
2022-06-24,SBIN.NS,State Bank of India,Public,422.0086669921875
2022-06-27,SBIN.NS,State Bank of India,Public,428.4653625488281
2022-06-28,SBIN.NS,State Bank of India,Public,431.2988586425781
2022-06-29,SBIN.NS,State Bank of India,Public,426.5144348144531
2022-06-30,SBIN.NS,State Bank of India,Public,432.831787109375
2022-07-01,SBIN.NS,State Bank of India,Public,433.71435546875
2022-07-04,SBIN.NS,State Bank of India,Public,439.8459167480469
2022-07-05,SBIN.NS,State Bank of India,Public,438.63818359375
2022-07-06,SBIN.NS,State Bank of India,Public,445.8845520019531
2022-07-07,SBIN.NS,State Bank of India,Public,452.2018737792969
2022-07-08,SBIN.NS,State Bank of India,Public,453.87408447265625
2022-07-11,SBIN.NS,State Bank of India,Public,453.54901123046875
2022-07-12,SBIN.NS,State Bank of India,Public,450.5296630859375
2022-07-13,SBIN.NS,State Bank of India,Public,451.9696350097656
2022-07-14,SBIN.NS,State Bank of India,Public,445.3271179199219
2022-07-15,SBIN.NS,State Bank of India,Public,445.0948791503906
2022-07-18,SBIN.NS,State Bank of India,Public,455.49993896484375
2022-07-19,SBIN.NS,State Bank of India,Public,462.6069641113281
2022-07-20,SBIN.NS,State Bank of India,Public,472.50103759765625
2022-07-21,SBIN.NS,State Bank of India,Public,475.7061767578125
2022-07-22,SBIN.NS,State Bank of India,Public,477.2390441894531
2022-07-25,SBIN.NS,State Bank of India,Public,481.0480041503906
2022-07-26,SBIN.NS,State Bank of India,Public,477.7035827636719
2022-07-27,SBIN.NS,State Bank of India,Public,490.7098693847656
2022-07-28,SBIN.NS,State Bank of India,Public,494.6582336425781
2022-07-29,SBIN.NS,State Bank of India,Public,490.8492126464844
2022-08-01,SBIN.NS,State Bank of India,Public,495.865966796875
2022-08-02,SBIN.NS,State Bank of India,Public,503.623291015625
2022-08-03,SBIN.NS,State Bank of India,Public,502.4620361328125
2022-08-04,SBIN.NS,State Bank of India,Public,495.4014892578125
2022-08-05,SBIN.NS,State Bank of India,Public,493.35760498046875
2022-08-08,SBIN.NS,State Bank of India,Public,483.4635009765625
2022-08-10,SBIN.NS,State Bank of India,Public,478.1680908203125
2022-08-11,SBIN.NS,State Bank of India,Public,487.5047912597656
2022-08-12,SBIN.NS,State Bank of India,Public,493.0324401855469
2022-08-16,SBIN.NS,State Bank of India,Public,488.61956787109375
2022-08-17,SBIN.NS,State Bank of India,Public,490.6634826660156
2022-08-18,SBIN.NS,State Bank of India,Public,494.5653381347656
2022-08-19,SBIN.NS,State Bank of India,Public,483.4170227050781
2022-08-22,SBIN.NS,State Bank of India,Public,475.0093994140625
2022-08-23,SBIN.NS,State Bank of India,Public,484.8570861816406
2022-08-24,SBIN.NS,State Bank of India,Public,482.44158935546875
2022-08-25,SBIN.NS,State Bank of India,Public,483.4635009765625
2022-08-26,SBIN.NS,State Bank of India,Public,486.6221618652344
2022-08-29,SBIN.NS,State Bank of India,Public,478.30743408203125
2022-08-30,SBIN.NS,State Bank of India,Public,493.5433654785156
2022-09-01,SBIN.NS,State Bank of India,Public,495.4479064941406
2022-09-02,SBIN.NS,State Bank of India,Public,498.6065979003906
2022-09-05,SBIN.NS,State Bank of India,Public,500.65045166015625
2022-09-06,SBIN.NS,State Bank of India,Public,499.6285095214844
2022-09-07,SBIN.NS,State Bank of India,Public,495.0298156738281
2022-09-08,SBIN.NS,State Bank of India,Public,505.9923095703125
2022-09-09,SBIN.NS,State Bank of India,Public,514.0747680664062
2022-09-12,SBIN.NS,State Bank of India,Public,515.5147705078125
2022-09-13,SBIN.NS,State Bank of India,Public,518.394775390625
2022-09-14,SBIN.NS,State Bank of India,Public,531.1687622070312
2022-09-15,SBIN.NS,State Bank of India,Public,531.5404663085938
2022-09-16,SBIN.NS,State Bank of India,Public,521.925048828125
2022-09-19,SBIN.NS,State Bank of India,Public,531.6333618164062
2022-09-20,SBIN.NS,State Bank of India,Public,533.3056030273438
2022-09-21,SBIN.NS,State Bank of India,Public,529.2642822265625
2022-09-22,SBIN.NS,State Bank of India,Public,527.03466796875
2022-09-23,SBIN.NS,State Bank of India,Public,511.51995849609375
2022-09-26,SBIN.NS,State Bank of India,Public,504.7381591796875
2022-09-27,SBIN.NS,State Bank of India,Public,498.42083740234375
2022-09-28,SBIN.NS,State Bank of India,Public,487.59765625
2022-09-29,SBIN.NS,State Bank of India,Public,484.7176818847656
2022-09-30,SBIN.NS,State Bank of India,Public,492.93951416015625
2022-10-03,SBIN.NS,State Bank of India,Public,482.8596496582031
2022-10-04,SBIN.NS,State Bank of India,Public,494.8905029296875
2022-10-06,SBIN.NS,State Bank of India,Public,499.1639404296875
2022-10-07,SBIN.NS,State Bank of India,Public,492.56793212890625
2022-10-10,SBIN.NS,State Bank of India,Public,493.0788879394531
2022-10-11,SBIN.NS,State Bank of India,Public,489.9667053222656
2022-10-12,SBIN.NS,State Bank of India,Public,495.9123840332031
2022-10-13,SBIN.NS,State Bank of India,Public,484.43896484375
2022-10-14,SBIN.NS,State Bank of India,Public,489.7809143066406
2022-10-17,SBIN.NS,State Bank of India,Public,505.0633239746094
2022-10-18,SBIN.NS,State Bank of India,Public,522.5289306640625
2022-10-19,SBIN.NS,State Bank of India,Public,514.121337890625
2022-10-20,SBIN.NS,State Bank of India,Public,515.9793090820312
2022-10-21,SBIN.NS,State Bank of India,Public,521.04248046875
2022-10-24,SBIN.NS,State Bank of India,Public,530.007568359375
2022-10-25,SBIN.NS,State Bank of India,Public,537.4862060546875
2022-10-27,SBIN.NS,State Bank of India,Public,538.5081176757812
2022-10-28,SBIN.NS,State Bank of India,Public,530.2398071289062
2022-10-31,SBIN.NS,State Bank of India,Public,533.0733642578125
2022-11-01,SBIN.NS,State Bank of India,Public,535.953369140625
2022-11-02,SBIN.NS,State Bank of India,Public,533.1197509765625
2022-11-03,SBIN.NS,State Bank of India,Public,543.3855590820312
2022-11-04,SBIN.NS,State Bank of India,Public,551.7931518554688
2022-11-07,SBIN.NS,State Bank of India,Public,570.5594482421875
2022-11-09,SBIN.NS,State Bank of India,Public,571.8600463867188
2022-11-10,SBIN.NS,State Bank of India,Public,562.755615234375
2022-11-11,SBIN.NS,State Bank of India,Public,558.6214599609375
2022-11-14,SBIN.NS,State Bank of India,Public,550.4925537109375
2022-11-15,SBIN.NS,State Bank of India,Public,558.2034301757812
2022-11-16,SBIN.NS,State Bank of India,Public,557.1814575195312
2022-11-17,SBIN.NS,State Bank of India,Public,556.5311279296875
2022-11-18,SBIN.NS,State Bank of India,Public,559.922119140625
2022-11-21,SBIN.NS,State Bank of India,Public,555.6485595703125
2022-11-22,SBIN.NS,State Bank of India,Public,556.5775756835938
2022-11-23,SBIN.NS,State Bank of India,Public,564.520751953125
2022-11-24,SBIN.NS,State Bank of India,Public,566.10009765625
2022-11-25,SBIN.NS,State Bank of India,Public,564.2885131835938
2022-11-28,SBIN.NS,State Bank of India,Public,565.4032592773438
2022-11-29,SBIN.NS,State Bank of India,Public,565.3568725585938
2022-11-30,SBIN.NS,State Bank of India,Public,559.6898193359375
2022-12-01,SBIN.NS,State Bank of India,Public,564.9387817382812
2022-12-02,SBIN.NS,State Bank of India,Public,564.4277954101562
2022-12-05,SBIN.NS,State Bank of India,Public,573.48583984375
2022-12-06,SBIN.NS,State Bank of India,Public,565.728515625
2022-12-07,SBIN.NS,State Bank of India,Public,563.9633178710938
2022-12-08,SBIN.NS,State Bank of India,Public,568.2368774414062
2022-12-09,SBIN.NS,State Bank of India,Public,572.74267578125
2022-12-12,SBIN.NS,State Bank of India,Public,569.5374145507812
2022-12-13,SBIN.NS,State Bank of India,Public,572.9749145507812
2022-12-14,SBIN.NS,State Bank of India,Public,581.1038208007812
2022-12-15,SBIN.NS,State Bank of India,Public,572.2316284179688
2022-12-16,SBIN.NS,State Bank of India,Public,560.5259399414062
2022-12-19,SBIN.NS,State Bank of India,Public,561.5479125976562
2022-12-20,SBIN.NS,State Bank of India,Public,561.5479125976562
2022-12-21,SBIN.NS,State Bank of India,Public,551.2822265625
2022-12-22,SBIN.NS,State Bank of India,Public,551.2822265625
2022-12-23,SBIN.NS,State Bank of India,Public,533.2591552734375
2022-12-26,SBIN.NS,State Bank of India,Public,554.7195434570312
2022-12-27,SBIN.NS,State Bank of India,Public,559.1788330078125
2022-12-28,SBIN.NS,State Bank of India,Public,558.3892211914062
2022-12-29,SBIN.NS,State Bank of India,Public,568.376220703125
2022-12-30,SBIN.NS,State Bank of India,Public,570.141357421875
2023-01-02,SBIN.NS,State Bank of India,Public,568.7478637695312
2023-01-03,SBIN.NS,State Bank of India,Public,568.9336547851562
2023-01-04,SBIN.NS,State Bank of India,Public,562.24462890625
2023-01-05,SBIN.NS,State Bank of India,Public,562.1516723632812
2023-01-06,SBIN.NS,State Bank of India,Public,558.0176391601562
2023-01-09,SBIN.NS,State Bank of India,Public,564.5672607421875
2023-01-10,SBIN.NS,State Bank of India,Public,552.9080200195312
2023-01-11,SBIN.NS,State Bank of India,Public,554.3479614257812
2023-01-12,SBIN.NS,State Bank of India,Public,552.67578125
2023-01-13,SBIN.NS,State Bank of India,Public,557.506591796875
2023-01-16,SBIN.NS,State Bank of India,Public,560.2008666992188
2023-01-17,SBIN.NS,State Bank of India,Public,550.8640747070312
2023-01-18,SBIN.NS,State Bank of India,Public,549.4705810546875
2023-01-19,SBIN.NS,State Bank of India,Public,547.9840698242188
2023-01-20,SBIN.NS,State Bank of India,Public,550.1673583984375
2023-01-23,SBIN.NS,State Bank of India,Public,557.831787109375
2023-01-24,SBIN.NS,State Bank of India,Public,552.1646728515625
2023-01-25,SBIN.NS,State Bank of India,Public,528.3353271484375
2023-01-27,SBIN.NS,State Bank of India,Public,501.6258850097656
2023-01-30,SBIN.NS,State Bank of India,Public,500.0001220703125
2023-01-31,SBIN.NS,State Bank of India,Public,514.2141723632812
2023-02-01,SBIN.NS,State Bank of India,Public,489.920166015625
2023-02-02,SBIN.NS,State Bank of India,Public,490.6169128417969
2023-02-03,SBIN.NS,State Bank of India,Public,505.57427978515625
2023-02-06,SBIN.NS,State Bank of India,Public,506.6890869140625
2023-02-07,SBIN.NS,State Bank of India,Public,508.26837158203125
2023-02-08,SBIN.NS,State Bank of India,Public,510.7303161621094
2023-02-09,SBIN.NS,State Bank of India,Public,511.705810546875
2023-02-10,SBIN.NS,State Bank of India,Public,513.7960815429688
2023-02-13,SBIN.NS,State Bank of India,Public,499.34979248046875
2023-02-14,SBIN.NS,State Bank of India,Public,502.4620361328125
2023-02-15,SBIN.NS,State Bank of India,Public,503.7626953125
2023-02-16,SBIN.NS,State Bank of India,Public,501.76519775390625
2023-02-17,SBIN.NS,State Bank of India,Public,493.3111877441406
2023-02-20,SBIN.NS,State Bank of India,Public,487.87640380859375
2023-02-21,SBIN.NS,State Bank of India,Public,486.29705810546875
2023-02-22,SBIN.NS,State Bank of India,Public,479.700927734375
2023-02-23,SBIN.NS,State Bank of India,Public,484.0209045410156
2023-02-24,SBIN.NS,State Bank of India,Public,484.06732177734375
2023-02-27,SBIN.NS,State Bank of India,Public,490.24542236328125
2023-02-28,SBIN.NS,State Bank of India,Public,485.6932067871094
2023-03-01,SBIN.NS,State Bank of India,Public,498.6065979003906
2023-03-02,SBIN.NS,State Bank of India,Public,495.865966796875
2023-03-03,SBIN.NS,State Bank of India,Public,521.3676147460938
2023-03-06,SBIN.NS,State Bank of India,Public,521.8322143554688
2023-03-08,SBIN.NS,State Bank of India,Public,524.7120971679688
2023-03-09,SBIN.NS,State Bank of India,Public,519.23095703125
2023-03-10,SBIN.NS,State Bank of India,Public,508.5007019042969
2023-03-13,SBIN.NS,State Bank of India,Public,492.3821105957031
2023-03-14,SBIN.NS,State Bank of India,Public,488.108642578125
2023-03-15,SBIN.NS,State Bank of India,Public,480.8157653808594
2023-03-16,SBIN.NS,State Bank of India,Public,487.2724914550781
2023-03-17,SBIN.NS,State Bank of India,Public,492.1963195800781
2023-03-20,SBIN.NS,State Bank of India,Public,482.34869384765625
2023-03-21,SBIN.NS,State Bank of India,Public,484.8105773925781
2023-03-22,SBIN.NS,State Bank of India,Public,484.5318603515625
2023-03-23,SBIN.NS,State Bank of India,Public,476.3564758300781
2023-03-24,SBIN.NS,State Bank of India,Public,469.4817199707031
2023-03-27,SBIN.NS,State Bank of India,Public,473.9410400390625
2023-03-28,SBIN.NS,State Bank of India,Public,472.03656005859375
2023-03-29,SBIN.NS,State Bank of India,Public,479.84033203125
2023-03-31,SBIN.NS,State Bank of India,Public,486.5757751464844
2023-04-03,SBIN.NS,State Bank of India,Public,489.36279296875
2023-04-05,SBIN.NS,State Bank of India,Public,485.8789978027344
2023-04-06,SBIN.NS,State Bank of India,Public,490.19891357421875
2023-04-10,SBIN.NS,State Bank of India,Public,488.94476318359375
2023-04-11,SBIN.NS,State Bank of India,Public,494.33306884765625
2023-04-12,SBIN.NS,State Bank of India,Public,490.7098693847656
2023-04-13,SBIN.NS,State Bank of India,Public,495.12274169921875
2023-04-17,SBIN.NS,State Bank of India,Public,505.38848876953125
2023-04-18,SBIN.NS,State Bank of India,Public,507.10711669921875
2023-04-19,SBIN.NS,State Bank of India,Public,501.9510498046875
2023-04-20,SBIN.NS,State Bank of India,Public,506.1316833496094
2023-04-21,SBIN.NS,State Bank of India,Public,504.5987854003906
2023-04-24,SBIN.NS,State Bank of India,Public,515.2361450195312
2023-04-25,SBIN.NS,State Bank of India,Public,521.925048828125
2023-04-26,SBIN.NS,State Bank of India,Public,526.1520385742188
2023-04-27,SBIN.NS,State Bank of India,Public,524.6657104492188
2023-04-28,SBIN.NS,State Bank of India,Public,537.2539672851562
2023-05-02,SBIN.NS,State Bank of India,Public,534.4668579101562
2023-05-03,SBIN.NS,State Bank of India,Public,530.007568359375
2023-05-04,SBIN.NS,State Bank of India,Public,538.8333129882812
2023-05-05,SBIN.NS,State Bank of India,Public,535.5816650390625
2023-05-08,SBIN.NS,State Bank of India,Public,542.177734375
2023-05-09,SBIN.NS,State Bank of India,Public,532.7946166992188
2023-05-10,SBIN.NS,State Bank of India,Public,531.5869140625
2023-05-11,SBIN.NS,State Bank of India,Public,532.7481689453125
2023-05-12,SBIN.NS,State Bank of India,Public,537.1145629882812
2023-05-15,SBIN.NS,State Bank of India,Public,540.5984497070312
2023-05-16,SBIN.NS,State Bank of India,Public,544.68603515625
2023-05-17,SBIN.NS,State Bank of India,Public,544.68603515625
2023-05-18,SBIN.NS,State Bank of India,Public,533.4448852539062
2023-05-19,SBIN.NS,State Bank of India,Public,534.3274536132812
2023-05-22,SBIN.NS,State Bank of India,Public,536.1856079101562
2023-05-23,SBIN.NS,State Bank of India,Public,540.3197021484375
2023-05-24,SBIN.NS,State Bank of India,Public,541.3416137695312
2023-05-25,SBIN.NS,State Bank of India,Public,539.9945068359375
2023-05-26,SBIN.NS,State Bank of India,Public,544.4074096679688
2023-05-29,SBIN.NS,State Bank of India,Public,552.7686157226562
2023-05-30,SBIN.NS,State Bank of India,Public,550.7247924804688
2023-05-31,SBIN.NS,State Bank of India,Public,549.1620483398438
2023-06-01,SBIN.NS,State Bank of India,Public,551.9086303710938
2023-06-02,SBIN.NS,State Bank of India,Public,556.1231079101562
2023-06-05,SBIN.NS,State Bank of India,Public,556.1231079101562
2023-06-06,SBIN.NS,State Bank of India,Public,554.3709716796875
2023-06-07,SBIN.NS,State Bank of India,Public,558.0172729492188
2023-06-08,SBIN.NS,State Bank of India,Public,557.3543701171875
2023-06-09,SBIN.NS,State Bank of India,Public,548.072998046875
2023-06-12,SBIN.NS,State Bank of India,Public,548.0256958007812
2023-06-13,SBIN.NS,State Bank of India,Public,545.894775390625
2023-06-14,SBIN.NS,State Bank of India,Public,546.0367431640625
2023-06-15,SBIN.NS,State Bank of India,Public,536.5186157226562
2023-06-16,SBIN.NS,State Bank of India,Public,541.0172119140625
2023-06-19,SBIN.NS,State Bank of India,Public,538.7442626953125
2023-06-20,SBIN.NS,State Bank of India,Public,537.37109375
2023-06-21,SBIN.NS,State Bank of India,Public,536.3765258789062
2023-06-22,SBIN.NS,State Bank of India,Public,533.156494140625
2023-06-23,SBIN.NS,State Bank of India,Public,525.2484741210938
2023-06-26,SBIN.NS,State Bank of India,Public,527.5687866210938
2023-06-27,SBIN.NS,State Bank of India,Public,536.1397705078125
2023-06-28,SBIN.NS,State Bank of India,Public,539.6439819335938
2023-06-30,SBIN.NS,State Bank of India,Public,542.5325927734375
2023-07-03,SBIN.NS,State Bank of India,Public,554.4657592773438
2023-07-04,SBIN.NS,State Bank of India,Public,558.0646362304688
2023-07-05,SBIN.NS,State Bank of India,Public,559.3431396484375
2023-07-06,SBIN.NS,State Bank of India,Public,561.142578125
2023-07-07,SBIN.NS,State Bank of India,Public,562.1843872070312
2023-07-10,SBIN.NS,State Bank of India,Public,561.2373046875
2023-07-11,SBIN.NS,State Bank of India,Public,557.401611328125
2023-07-12,SBIN.NS,State Bank of India,Public,558.0646362304688
2023-07-13,SBIN.NS,State Bank of India,Public,554.6552124023438
2023-07-14,SBIN.NS,State Bank of India,Public,553.4713134765625
2023-07-17,SBIN.NS,State Bank of India,Public,569.2874755859375
2023-07-18,SBIN.NS,State Bank of India,Public,561.0005493164062
2023-07-19,SBIN.NS,State Bank of India,Public,569.6190185546875
2023-07-20,SBIN.NS,State Bank of India,Public,577.7637939453125
2023-07-21,SBIN.NS,State Bank of India,Public,582.5465087890625
2023-07-24,SBIN.NS,State Bank of India,Public,584.9616088867188
2023-07-25,SBIN.NS,State Bank of India,Public,577.3375854492188
2023-07-26,SBIN.NS,State Bank of India,Public,582.5939331054688
2023-07-27,SBIN.NS,State Bank of India,Public,583.9197998046875
2023-07-28,SBIN.NS,State Bank of India,Public,583.4462280273438
2023-07-31,SBIN.NS,State Bank of India,Public,587.3766479492188
2023-08-01,SBIN.NS,State Bank of India,Public,579.468505859375
2023-08-02,SBIN.NS,State Bank of India,Public,566.7777099609375
2023-08-03,SBIN.NS,State Bank of India,Public,559.2484741210938
2023-08-04,SBIN.NS,State Bank of India,Public,542.9586791992188
2023-08-07,SBIN.NS,State Bank of India,Public,537.8446044921875
2023-08-08,SBIN.NS,State Bank of India,Public,542.769287109375
2023-08-09,SBIN.NS,State Bank of India,Public,543.3849487304688
2023-08-10,SBIN.NS,State Bank of India,Public,543.2902221679688
2023-08-11,SBIN.NS,State Bank of India,Public,543.7638549804688
2023-08-14,SBIN.NS,State Bank of India,Public,531.1203002929688
2023-08-16,SBIN.NS,State Bank of India,Public,535.429443359375
2023-08-17,SBIN.NS,State Bank of India,Public,541.86962890625
2023-08-18,SBIN.NS,State Bank of India,Public,542.6273193359375
2023-08-21,SBIN.NS,State Bank of India,Public,541.4434814453125
2023-08-22,SBIN.NS,State Bank of India,Public,538.4127807617188
2023-08-23,SBIN.NS,State Bank of India,Public,546.3682861328125
2023-08-24,SBIN.NS,State Bank of India,Public,546.4155883789062
2023-08-25,SBIN.NS,State Bank of India,Public,539.7860717773438
2023-08-28,SBIN.NS,State Bank of India,Public,542.5325927734375
2023-08-29,SBIN.NS,State Bank of India,Public,544.4267578125
2023-08-30,SBIN.NS,State Bank of India,Public,537.37109375
2023-08-31,SBIN.NS,State Bank of India,Public,531.6412353515625
2023-09-01,SBIN.NS,State Bank of India,Public,539.4072265625
2023-09-04,SBIN.NS,State Bank of India,Public,545.089599609375
2023-09-05,SBIN.NS,State Bank of India,Public,542.6746215820312
2023-09-06,SBIN.NS,State Bank of India,Public,540.3069458007812
2023-09-07,SBIN.NS,State Bank of India,Public,548.4044799804688
2023-09-08,SBIN.NS,State Bank of India,Public,552.5715942382812
2023-09-11,SBIN.NS,State Bank of India,Public,560.385009765625
2023-09-12,SBIN.NS,State Bank of India,Public,557.2122192382812
2023-09-13,SBIN.NS,State Bank of India,Public,564.8836059570312
2023-09-14,SBIN.NS,State Bank of India,Public,565.6885986328125
2023-09-15,SBIN.NS,State Bank of India,Public,567.1091918945312
2023-09-18,SBIN.NS,State Bank of India,Public,571.9866333007812
2023-09-20,SBIN.NS,State Bank of India,Public,569.2874755859375
2023-09-21,SBIN.NS,State Bank of India,Public,557.0228881835938
2023-09-22,SBIN.NS,State Bank of India,Public,566.4935913085938
2023-09-25,SBIN.NS,State Bank of India,Public,562.6105346679688
2023-09-26,SBIN.NS,State Bank of India,Public,562.9420776367188
2023-09-27,SBIN.NS,State Bank of India,Public,558.5381469726562
2023-09-28,SBIN.NS,State Bank of India,Public,558.7276000976562
2023-09-29,SBIN.NS,State Bank of India,Public,566.8723754882812
2023-10-03,SBIN.NS,State Bank of India,Public,571.03955078125
2023-10-04,SBIN.NS,State Bank of India,Public,555.223388671875
2023-10-05,SBIN.NS,State Bank of India,Public,560.8111572265625
2023-10-06,SBIN.NS,State Bank of India,Public,562.7999877929688
2023-10-09,SBIN.NS,State Bank of India,Public,554.13427734375
2023-10-10,SBIN.NS,State Bank of India,Public,560.337646484375
2023-10-11,SBIN.NS,State Bank of India,Public,557.2122192382812
2023-10-12,SBIN.NS,State Bank of India,Public,555.0339965820312
2023-10-13,SBIN.NS,State Bank of India,Public,545.6578979492188
2023-10-16,SBIN.NS,State Bank of India,Public,545.1843872070312
2023-10-17,SBIN.NS,State Bank of India,Public,545.9420776367188
2023-10-18,SBIN.NS,State Bank of India,Public,542.3432006835938
2023-10-19,SBIN.NS,State Bank of India,Public,540.9699096679688
2023-10-20,SBIN.NS,State Bank of India,Public,533.298583984375
2023-10-23,SBIN.NS,State Bank of India,Public,523.6857299804688
2023-10-25,SBIN.NS,State Bank of India,Public,526.7637329101562
2023-10-26,SBIN.NS,State Bank of India,Public,518.0506591796875
2023-10-27,SBIN.NS,State Bank of India,Public,531.4518432617188
2023-10-30,SBIN.NS,State Bank of India,Public,535.2874145507812
2023-10-31,SBIN.NS,State Bank of India,Public,535.618896484375
2023-11-01,SBIN.NS,State Bank of India,Public,536.4239501953125
2023-11-02,SBIN.NS,State Bank of India,Public,541.822265625
2023-11-03,SBIN.NS,State Bank of India,Public,547.5520629882812
2023-11-06,SBIN.NS,State Bank of India,Public,543.9531860351562
2023-11-07,SBIN.NS,State Bank of India,Public,549.0673828125
2023-11-08,SBIN.NS,State Bank of India,Public,549.5882568359375
2023-11-09,SBIN.NS,State Bank of India,Public,547.741455078125
2023-11-10,SBIN.NS,State Bank of India,Public,548.8306274414062
2023-11-13,SBIN.NS,State Bank of India,Public,550.5826416015625
2023-11-15,SBIN.NS,State Bank of India,Public,553.7554931640625
2023-11-16,SBIN.NS,State Bank of India,Public,553.7080688476562
2023-11-17,SBIN.NS,State Bank of India,Public,533.251220703125
2023-11-20,SBIN.NS,State Bank of India,Public,533.9141845703125
2023-11-21,SBIN.NS,State Bank of India,Public,531.7832641601562
2023-11-22,SBIN.NS,State Bank of India,Public,529.3682250976562
2023-11-23,SBIN.NS,State Bank of India,Public,530.3153076171875
2023-11-24,SBIN.NS,State Bank of India,Public,530.694091796875
2023-11-28,SBIN.NS,State Bank of India,Public,534.5771484375
2023-11-29,SBIN.NS,State Bank of India,Public,538.5074462890625
2023-11-30,SBIN.NS,State Bank of India,Public,534.8612670898438
2023-12-01,SBIN.NS,State Bank of India,Public,541.49072265625
2023-12-04,SBIN.NS,State Bank of India,Public,563.2262573242188
2023-12-05,SBIN.NS,State Bank of India,Public,576.05908203125
2023-12-06,SBIN.NS,State Bank of India,Public,576.24853515625
2023-12-07,SBIN.NS,State Bank of India,Public,579.3264770507812
2023-12-08,SBIN.NS,State Bank of India,Public,581.6468505859375
2023-12-11,SBIN.NS,State Bank of India,Public,581.7415771484375
2023-12-12,SBIN.NS,State Bank of India,Public,579.989501953125
2023-12-13,SBIN.NS,State Bank of India,Public,587.0451049804688
2023-12-14,SBIN.NS,State Bank of India,Public,590.6441040039062
2023-12-15,SBIN.NS,State Bank of India,Public,613.9420776367188
2023-12-18,SBIN.NS,State Bank of India,Public,614.1788940429688
2023-12-19,SBIN.NS,State Bank of India,Public,620.7136840820312
2023-12-20,SBIN.NS,State Bank of India,Public,602.7666625976562
2023-12-21,SBIN.NS,State Bank of India,Public,609.6802368164062
2023-12-22,SBIN.NS,State Bank of India,Public,603.0507202148438
2023-12-26,SBIN.NS,State Bank of India,Public,604.2818603515625
2023-12-27,SBIN.NS,State Bank of India,Public,614.2262573242188
2023-12-28,SBIN.NS,State Bank of India,Public,616.9254760742188
2023-12-29,SBIN.NS,State Bank of India,Public,608.0702514648438
2024-01-01,SBIN.NS,State Bank of India,Public,607.4072875976562
2024-01-02,SBIN.NS,State Bank of India,Public,605.6078491210938
2024-01-03,SBIN.NS,State Bank of India,Public,609.3961791992188
2024-01-04,SBIN.NS,State Bank of India,Public,608.7332153320312
2024-01-05,SBIN.NS,State Bank of India,Public,607.9755859375
2024-01-08,SBIN.NS,State Bank of India,Public,593.8167114257812
2024-01-09,SBIN.NS,State Bank of India,Public,592.301513671875
2024-01-10,SBIN.NS,State Bank of India,Public,588.8446044921875
2024-01-11,SBIN.NS,State Bank of India,Public,587.3766479492188
2024-01-12,SBIN.NS,State Bank of India,Public,600.0674438476562
2024-01-15,SBIN.NS,State Bank of India,Public,606.223388671875
2024-01-16,SBIN.NS,State Bank of India,Public,603.1928100585938
2024-01-17,SBIN.NS,State Bank of India,Public,592.8696899414062
2024-01-18,SBIN.NS,State Bank of India,Public,595.0479125976562
2024-01-19,SBIN.NS,State Bank of India,Public,594.5270385742188
2024-01-23,SBIN.NS,State Bank of India,Public,573.07568359375
2024-01-24,SBIN.NS,State Bank of India,Public,585.5771484375
2024-01-25,SBIN.NS,State Bank of India,Public,580.3209228515625
2024-01-29,SBIN.NS,State Bank of India,Public,589.9811401367188
2024-01-30,SBIN.NS,State Bank of India,Public,593.5799560546875
2024-01-31,SBIN.NS,State Bank of India,Public,606.6022338867188
2024-02-01,SBIN.NS,State Bank of India,Public,613.3738403320312
2024-02-02,SBIN.NS,State Bank of India,Public,615.26806640625
2024-02-05,SBIN.NS,State Bank of India,Public,608.9225463867188
2024-02-06,SBIN.NS,State Bank of India,Public,615.8363037109375
2024-02-07,SBIN.NS,State Bank of India,Public,639.51318359375
2024-02-08,SBIN.NS,State Bank of India,Public,662.527099609375
2024-02-09,SBIN.NS,State Bank of India,Public,686.866943359375
2024-02-12,SBIN.NS,State Bank of India,Public,670.4352416992188
2024-02-13,SBIN.NS,State Bank of India,Public,675.6915283203125
2024-02-14,SBIN.NS,State Bank of India,Public,704.056396484375
2024-02-15,SBIN.NS,State Bank of India,Public,721.3878784179688
2024-02-16,SBIN.NS,State Bank of India,Public,714.7583618164062
2024-02-19,SBIN.NS,State Bank of India,Public,719.0675659179688
2024-02-20,SBIN.NS,State Bank of India,Public,719.87255859375
2024-02-21,SBIN.NS,State Bank of India,Public,730.6692504882812
2024-02-22,SBIN.NS,State Bank of India,Public,725.3656616210938
2024-02-23,SBIN.NS,State Bank of India,Public,718.8781127929688
2024-02-26,SBIN.NS,State Bank of India,Public,718.7361450195312
2024-02-27,SBIN.NS,State Bank of India,Public,710.1650390625
2024-02-28,SBIN.NS,State Bank of India,Public,703.2040405273438
2024-02-29,SBIN.NS,State Bank of India,Public,708.5076293945312
2024-03-01,SBIN.NS,State Bank of India,Public,728.443603515625
2024-03-04,SBIN.NS,State Bank of India,Public,731.1901245117188
2024-03-05,SBIN.NS,State Bank of India,Public,742.4603881835938
2024-03-06,SBIN.NS,State Bank of India,Public,742.4129638671875
2024-03-07,SBIN.NS,State Bank of India,Public,746.3433227539062
2024-03-11,SBIN.NS,State Bank of India,Public,732.7528076171875
2024-03-12,SBIN.NS,State Bank of India,Public,719.4937744140625
2024-03-13,SBIN.NS,State Bank of India,Public,707.70263671875
2024-03-14,SBIN.NS,State Bank of India,Public,701.830810546875
2024-03-15,SBIN.NS,State Bank of India,Public,693.1650390625
2024-03-18,SBIN.NS,State Bank of India,Public,692.2653198242188
2024-03-19,SBIN.NS,State Bank of India,Public,685.4937133789062
2024-03-20,SBIN.NS,State Bank of India,Public,697.2848510742188
2024-03-21,SBIN.NS,State Bank of India,Public,704.9087524414062
2024-03-22,SBIN.NS,State Bank of India,Public,707.1818237304688
2024-03-26,SBIN.NS,State Bank of India,Public,700.8837280273438
2024-03-27,SBIN.NS,State Bank of India,Public,694.490966796875
2024-03-28,SBIN.NS,State Bank of India,Public,712.53271484375
2024-04-01,SBIN.NS,State Bank of India,Public,718.1678466796875
2024-04-02,SBIN.NS,State Bank of India,Public,725.8391723632812
2024-04-03,SBIN.NS,State Bank of India,Public,730.2430419921875
2024-04-04,SBIN.NS,State Bank of India,Public,719.1149291992188
2024-04-05,SBIN.NS,State Bank of India,Public,724.2764892578125
2024-04-08,SBIN.NS,State Bank of India,Public,727.6386108398438
2024-04-09,SBIN.NS,State Bank of India,Public,723.755615234375
2024-04-10,SBIN.NS,State Bank of India,Public,737.8196411132812
2024-04-12,SBIN.NS,State Bank of India,Public,725.7444458007812
2024-04-15,SBIN.NS,State Bank of India,Public,717.41015625
2024-04-16,SBIN.NS,State Bank of India,Public,711.9171752929688
2024-04-18,SBIN.NS,State Bank of India,Public,705.38232421875
2024-04-19,SBIN.NS,State Bank of India,Public,710.7332763671875
2024-04-22,SBIN.NS,State Bank of India,Public,725.5549926757812
2024-04-23,SBIN.NS,State Bank of India,Public,732.08984375
2024-04-24,SBIN.NS,State Bank of India,Public,732.1845092773438
2024-04-25,SBIN.NS,State Bank of India,Public,769.6887817382812
2024-04-26,SBIN.NS,State Bank of India,Public,758.8921508789062
2024-04-29,SBIN.NS,State Bank of India,Public,782.7584228515625
2024-04-30,SBIN.NS,State Bank of India,Public,782.5216674804688
2024-05-02,SBIN.NS,State Bank of India,Public,786.1205444335938
2024-05-03,SBIN.NS,State Bank of India,Public,787.4464721679688
2024-05-06,SBIN.NS,State Bank of India,Public,765.048095703125
2024-05-07,SBIN.NS,State Bank of India,Public,759.4603881835938
2024-05-08,SBIN.NS,State Bank of India,Public,767.8892822265625
2024-05-09,SBIN.NS,State Bank of India,Public,776.4130249023438
2024-05-10,SBIN.NS,State Bank of India,Public,774.0927124023438
2024-05-13,SBIN.NS,State Bank of India,Public,765.9951782226562
2024-05-14,SBIN.NS,State Bank of India,Public,774.897705078125
2024-05-15,SBIN.NS,State Bank of India,Public,776.8865356445312
2024-05-16,SBIN.NS,State Bank of India,Public,768.978515625
2024-05-17,SBIN.NS,State Bank of India,Public,774.566162109375
2024-05-21,SBIN.NS,State Bank of India,Public,786.6888427734375
2024-05-22,SBIN.NS,State Bank of India,Public,788.422119140625
2024-05-23,SBIN.NS,State Bank of India,Public,801.277587890625
2024-05-24,SBIN.NS,State Bank of India,Public,797.9072265625
2024-05-27,SBIN.NS,State Bank of India,Public,802.818359375
2024-05-28,SBIN.NS,State Bank of India,Public,800.3628540039062
2024-05-29,SBIN.NS,State Bank of India,Public,792.1776733398438
2024-05-30,SBIN.NS,State Bank of India,Public,795.2590942382812
2024-05-31,SBIN.NS,State Bank of India,Public,799.5924072265625
2024-06-03,SBIN.NS,State Bank of India,Public,872.1032104492188
2024-06-04,SBIN.NS,State Bank of India,Public,746.4852905273438
2024-06-05,SBIN.NS,State Bank of India,Public,760.4962768554688
2024-06-06,SBIN.NS,State Bank of India,Public,786.6887817382812
2024-06-07,SBIN.NS,State Bank of India,Public,799.207275390625
2024-06-10,SBIN.NS,State Bank of India,Public,800.9887084960938
2024-06-11,SBIN.NS,State Bank of India,Public,804.5997924804688
2024-06-12,SBIN.NS,State Bank of India,Public,808.0182495117188
2024-06-13,SBIN.NS,State Bank of India,Public,812.6405639648438
2024-06-14,SBIN.NS,State Bank of India,Public,808.1146240234375
2024-06-18,SBIN.NS,State Bank of India,Public,813.603515625
2024-06-19,SBIN.NS,State Bank of India,Public,821.0181884765625
2024-06-20,SBIN.NS,State Bank of India,Public,812.4960327148438
2024-06-21,SBIN.NS,State Bank of India,Public,805.322021484375
2024-06-24,SBIN.NS,State Bank of India,Public,801.8554077148438
2024-06-25,SBIN.NS,State Bank of India,Public,811.0516357421875
2024-06-26,SBIN.NS,State Bank of India,Public,814.0367431640625
2024-06-27,SBIN.NS,State Bank of India,Public,812.73681640625
2024-06-28,SBIN.NS,State Bank of India,Public,817.5034790039062
2024-07-01,SBIN.NS,State Bank of India,Public,810.7627563476562
2024-07-02,SBIN.NS,State Bank of India,Public,795.5480346679688
2024-07-03,SBIN.NS,State Bank of India,Public,808.8368530273438
2024-07-04,SBIN.NS,State Bank of India,Public,808.2108764648438
2024-07-05,SBIN.NS,State Bank of India,Public,827.9033813476562
2024-07-08,SBIN.NS,State Bank of India,Public,824.5330200195312
2024-07-09,SBIN.NS,State Bank of India,Public,829.3959350585938
2024-07-10,SBIN.NS,State Bank of India,Public,817.5515747070312
2024-07-11,SBIN.NS,State Bank of India,Public,824.9664306640625
2024-07-12,SBIN.NS,State Bank of India,Public,827.855224609375
2024-07-15,SBIN.NS,State Bank of India,Public,848.7033081054688
2024-07-16,SBIN.NS,State Bank of India,Public,848.0773315429688
2024-07-18,SBIN.NS,State Bank of India,Public,860.451416015625
2024-07-19,SBIN.NS,State Bank of India,Public,856.4069213867188
2024-07-22,SBIN.NS,State Bank of India,Public,844.3218383789062
2024-07-23,SBIN.NS,State Bank of India,Public,831.8997192382812
2024-07-24,SBIN.NS,State Bank of India,Public,820.4404907226562
2024-07-25,SBIN.NS,State Bank of India,Public,817.070068359375
2024-07-26,SBIN.NS,State Bank of India,Public,830.50341796875
2024-07-29,SBIN.NS,State Bank of India,Public,839.3143920898438
2024-07-30,SBIN.NS,State Bank of India,Public,840.469970703125
2024-07-31,SBIN.NS,State Bank of India,Public,840.0848388671875
2024-08-01,SBIN.NS,State Bank of India,Public,830.696044921875
2024-08-02,SBIN.NS,State Bank of India,Public,816.4441528320312
2024-08-05,SBIN.NS,State Bank of India,Public,781.5850830078125
2024-08-06,SBIN.NS,State Bank of India,Public,768.15185546875
2024-08-07,SBIN.NS,State Bank of India,Public,778.6962890625
2024-08-08,SBIN.NS,State Bank of India,Public,778.1184692382812
2024-08-09,SBIN.NS,State Bank of India,Public,793.7665405273438
2024-08-12,SBIN.NS,State Bank of India,Public,782.4998779296875
2024-08-13,SBIN.NS,State Bank of India,Public,768.0073852539062
2024-08-14,SBIN.NS,State Bank of India,Public,773.2555541992188
2024-08-16,SBIN.NS,State Bank of India,Public,782.0184326171875
2024-08-19,SBIN.NS,State Bank of India,Public,783.5592041015625
2024-08-20,SBIN.NS,State Bank of India,Public,789.9146728515625
2024-08-21,SBIN.NS,State Bank of India,Public,785.3406372070312
2024-08-22,SBIN.NS,State Bank of India,Public,789.9146728515625
2024-08-23,SBIN.NS,State Bank of India,Public,785.1480102539062
2024-08-26,SBIN.NS,State Bank of India,Public,784.859130859375
2024-08-27,SBIN.NS,State Bank of India,Public,785.677734375
2024-08-28,SBIN.NS,State Bank of India,Public,779.41845703125
2024-08-29,SBIN.NS,State Bank of India,Public,784.3295288085938
2024-08-30,SBIN.NS,State Bank of India,Public,785.3887939453125
2024-09-02,SBIN.NS,State Bank of India,Public,791.6961669921875
2024-09-03,SBIN.NS,State Bank of India,Public,794.2479858398438
2024-09-04,SBIN.NS,State Bank of India,Public,786.2554321289062
2024-09-05,SBIN.NS,State Bank of India,Public,788.422119140625
2024-09-06,SBIN.NS,State Bank of India,Public,753.514892578125
2024-09-09,SBIN.NS,State Bank of India,Public,755.2000732421875
2024-09-10,SBIN.NS,State Bank of India,Public,753.6593017578125
2024-09-11,SBIN.NS,State Bank of India,Public,740.1296997070312
2024-09-12,SBIN.NS,State Bank of India,Public,758.5704345703125
2024-09-13,SBIN.NS,State Bank of India,Public,761.5555419921875
2024-09-16,SBIN.NS,State Bank of India,Public,756.451904296875
2024-09-17,SBIN.NS,State Bank of India,Public,753.9000854492188
2024-09-18,SBIN.NS,State Bank of India,Public,763.3851928710938
2024-09-19,SBIN.NS,State Bank of India,Public,760.6889038085938
2024-09-20,SBIN.NS,State Bank of India,Public,752.7445068359375
2024-09-23,SBIN.NS,State Bank of India,Public,772.1480712890625
2024-09-24,SBIN.NS,State Bank of India,Public,768.6814575195312
2024-09-25,SBIN.NS,State Bank of India,Public,763.7222290039062
2024-09-26,SBIN.NS,State Bank of India,Public,772.1480712890625
2024-09-27,SBIN.NS,State Bank of India,Public,772.91845703125
2024-09-30,SBIN.NS,State Bank of India,Public,758.71484375
2024-10-01,SBIN.NS,State Bank of India,Public,767.4296264648438
2024-10-03,SBIN.NS,State Bank of India,Public,764.6851806640625
2024-10-04,SBIN.NS,State Bank of India,Public,767.1407470703125
2024-10-07,SBIN.NS,State Bank of India,Public,742.1038208007812
2024-10-08,SBIN.NS,State Bank of India,Public,752.5037841796875
2024-10-09,SBIN.NS,State Bank of India,Public,767.8629760742188
2024-10-10,SBIN.NS,State Bank of India,Public,767.5740356445312
2024-10-11,SBIN.NS,State Bank of India,Public,770.1259155273438
2024-10-14,SBIN.NS,State Bank of India,Public,775.3258666992188
2024-10-15,SBIN.NS,State Bank of India,Public,774.8444213867188
2024-10-16,SBIN.NS,State Bank of India,Public,775.61474609375
2024-10-17,SBIN.NS,State Bank of India,Public,781.0072631835938
2024-10-18,SBIN.NS,State Bank of India,Public,790.010986328125
2024-10-21,SBIN.NS,State Bank of India,Public,783.7999267578125
2024-10-22,SBIN.NS,State Bank of India,Public,761.1222534179688
2024-10-23,SBIN.NS,State Bank of India,Public,756.8851928710938
2024-10-24,SBIN.NS,State Bank of India,Public,765.1185302734375
2024-10-25,SBIN.NS,State Bank of India,Public,752.0222778320312
2024-10-28,SBIN.NS,State Bank of India,Public,762.7111206054688
2024-10-29,SBIN.NS,State Bank of India,Public,801.8554077148438
2024-10-30,SBIN.NS,State Bank of India,Public,791.9850463867188
2024-10-31,SBIN.NS,State Bank of India,Public,789.8184204101562
2024-11-01,SBIN.NS,State Bank of India,Public,790.7813720703125
2024-11-04,SBIN.NS,State Bank of India,Public,799.1109619140625
2024-11-05,SBIN.NS,State Bank of India,Public,817.7442016601562
2024-11-06,SBIN.NS,State Bank of India,Public,823.13671875
2024-11-07,SBIN.NS,State Bank of India,Public,827.7589111328125
2024-11-08,SBIN.NS,State Bank of India,Public,811.9182739257812
2024-11-11,SBIN.NS,State Bank of India,Public,816.2516479492188
2024-11-12,SBIN.NS,State Bank of India,Public,796.0775756835938
2024-11-13,SBIN.NS,State Bank of India,Public,778.6962890625
2024-11-14,SBIN.NS,State Bank of India,Public,774.459228515625
2024-11-18,SBIN.NS,State Bank of India,Public,784.136962890625
2024-11-19,SBIN.NS,State Bank of India,Public,773.2555541992188
2024-11-21,SBIN.NS,State Bank of India,Public,751.8296508789062
2024-11-22,SBIN.NS,State Bank of India,Public,785.8220825195312
2024-11-25,SBIN.NS,State Bank of India,Public,813.1701049804688
2024-11-26,SBIN.NS,State Bank of India,Public,808.3071899414062
2024-11-27,SBIN.NS,State Bank of India,Public,803.2034912109375
2024-11-28,SBIN.NS,State Bank of India,Public,807.7775268554688
2024-11-29,SBIN.NS,State Bank of India,Public,807.8739013671875
2024-12-02,SBIN.NS,State Bank of India,Public,805.4183959960938
2024-12-03,SBIN.NS,State Bank of India,Public,822.3182373046875
2024-12-04,SBIN.NS,State Bank of India,Public,827.855224609375
2024-12-05,SBIN.NS,State Bank of India,Public,833.3922729492188
2024-12-06,SBIN.NS,State Bank of India,Public,831.6589965820312
2024-12-09,SBIN.NS,State Bank of India,Public,826.266357421875
2024-12-10,SBIN.NS,State Bank of India,Public,835.3663330078125
2024-12-11,SBIN.NS,State Bank of India,Public,829.684814453125
2024-12-12,SBIN.NS,State Bank of India,Public,822.0775146484375
2024-12-13,SBIN.NS,State Bank of India,Public,829.63671875
2024-12-16,SBIN.NS,State Bank of India,Public,829.0589599609375
2024-12-17,SBIN.NS,State Bank of India,Public,819.044189453125
2024-12-18,SBIN.NS,State Bank of India,Public,807.103515625
2024-12-19,SBIN.NS,State Bank of India,Public,801.95166015625
2024-12-20,SBIN.NS,State Bank of India,Public,781.922119140625
2024-12-23,SBIN.NS,State Bank of India,Public,790.7332763671875
2024-12-24,SBIN.NS,State Bank of India,Public,781.9702758789062
2024-12-26,SBIN.NS,State Bank of India,Public,782.35546875
2024-12-27,SBIN.NS,State Bank of India,Public,770.0296630859375
2024-12-30,SBIN.NS,State Bank of India,Public,759.1000366210938
2024-12-31,SBIN.NS,State Bank of India,Public,765.5037231445312
2025-01-01,SBIN.NS,State Bank of India,Public,763.8185424804688
2025-01-02,SBIN.NS,State Bank of India,Public,771.522216796875
2025-01-03,SBIN.NS,State Bank of India,Public,764.0111694335938
2025-01-06,SBIN.NS,State Bank of India,Public,747.6408081054688
2025-01-07,SBIN.NS,State Bank of India,Public,749.9037475585938
2025-01-08,SBIN.NS,State Bank of India,Public,742.5853271484375
2025-01-09,SBIN.NS,State Bank of India,Public,732.2816162109375
2025-01-10,SBIN.NS,State Bank of India,Public,715.71875
2025-01-13,SBIN.NS,State Bank of India,Public,702.4780883789062
2025-01-14,SBIN.NS,State Bank of India,Public,720.437255859375
2025-01-15,SBIN.NS,State Bank of India,Public,725.7816772460938
2025-01-16,SBIN.NS,State Bank of India,Public,737.9149169921875
2025-01-17,SBIN.NS,State Bank of India,Public,735.79638671875
2025-01-20,SBIN.NS,State Bank of India,Public,750.38525390625
2025-01-21,SBIN.NS,State Bank of India,Public,730.9334716796875
2025-01-22,SBIN.NS,State Bank of India,Public,725.5409545898438
2025-01-23,SBIN.NS,State Bank of India,Public,718.2706298828125
2025-01-24,SBIN.NS,State Bank of India,Public,716.58544921875
2025-01-27,SBIN.NS,State Bank of India,Public,721.4483642578125
2025-01-28,SBIN.NS,State Bank of India,Public,724.5298461914062
2025-01-29,SBIN.NS,State Bank of India,Public,730.355712890625
2025-01-30,SBIN.NS,State Bank of India,Public,734.3519897460938
2025-01-31,SBIN.NS,State Bank of India,Public,744.2705078125
2025-02-01,SBIN.NS,State Bank of India,Public,737.6260375976562
2025-02-03,SBIN.NS,State Bank of India,Public,732.7631225585938
2025-02-04,SBIN.NS,State Bank of India,Public,750.3370971679688
2025-02-05,SBIN.NS,State Bank of India,Public,737.6741943359375
2025-02-06,SBIN.NS,State Bank of India,Public,724.3853759765625
2025-02-07,SBIN.NS,State Bank of India,Public,709.8928833007812
2025-02-10,SBIN.NS,State Bank of India,Public,709.5076904296875
2025-02-11,SBIN.NS,State Bank of India,Public,704.0187377929688
2025-02-12,SBIN.NS,State Bank of India,Public,705.992919921875
2025-02-13,SBIN.NS,State Bank of India,Public,700.6965942382812
2025-02-14,SBIN.NS,State Bank of India,Public,695.400390625
2025-02-17,SBIN.NS,State Bank of India,Public,700.7447509765625
2025-02-18,SBIN.NS,State Bank of India,Public,698.9151000976562
2025-02-19,SBIN.NS,State Bank of India,Public,700.3595581054688
2025-02-20,SBIN.NS,State Bank of India,Public,702.6707153320312
2025-02-21,SBIN.NS,State Bank of India,Public,695.255859375
2025-02-24,SBIN.NS,State Bank of India,Public,689.8633422851562
2025-02-25,SBIN.NS,State Bank of India,Public,684.5670776367188
2025-02-27,SBIN.NS,State Bank of India,Public,677.8263549804688
2025-02-28,SBIN.NS,State Bank of India,Public,663.28564453125
2025-03-03,SBIN.NS,State Bank of India,Public,669.544921875
2025-03-04,SBIN.NS,State Bank of India,Public,689.5262451171875
2025-03-05,SBIN.NS,State Bank of India,Public,703.2965698242188
2025-03-06,SBIN.NS,State Bank of India,Public,704.93359375
2025-03-07,SBIN.NS,State Bank of India,Public,705.6077270507812
2025-03-10,SBIN.NS,State Bank of India,Public,701.9003295898438
2025-03-11,SBIN.NS,State Bank of India,Public,702.8150634765625
2025-03-12,SBIN.NS,State Bank of India,Public,696.2670288085938
2025-03-13,SBIN.NS,State Bank of India,Public,700.88916015625
2025-03-17,SBIN.NS,State Bank of India,Public,696.3633422851562
2025-03-18,SBIN.NS,State Bank of India,Public,696.3633422851562
2025-03-19,SBIN.NS,State Bank of India,Public,717.5001831054688
2025-03-20,SBIN.NS,State Bank of India,Public,721.7853393554688
2025-03-21,SBIN.NS,State Bank of India,Public,725.3001708984375
2025-03-24,SBIN.NS,State Bank of India,Public,751.8778076171875
2025-03-25,SBIN.NS,State Bank of India,Public,744.2222900390625
2025-03-26,SBIN.NS,State Bank of India,Public,735.7001342773438
2025-03-27,SBIN.NS,State Bank of India,Public,743.6926879882812
2025-03-28,SBIN.NS,State Bank of India,Public,742.92236328125
2025-04-01,SBIN.NS,State Bank of India,Public,743.1149291992188
2025-04-02,SBIN.NS,State Bank of India,Public,747.20751953125
2025-04-03,SBIN.NS,State Bank of India,Public,750.3370971679688
2025-04-04,SBIN.NS,State Bank of India,Public,739.0223999023438
2025-04-07,SBIN.NS,State Bank of India,Public,719.2335815429688
2025-04-08,SBIN.NS,State Bank of India,Public,740.1296997070312
2025-04-09,SBIN.NS,State Bank of India,Public,714.7076416015625
2025-04-11,SBIN.NS,State Bank of India,Public,725.9260864257812
2025-04-15,SBIN.NS,State Bank of India,Public,735.2186279296875
2025-04-16,SBIN.NS,State Bank of India,Public,743.1630859375
2025-04-17,SBIN.NS,State Bank of India,Public,767.9111328125
2025-04-21,SBIN.NS,State Bank of India,Public,786.447998046875
2025-04-22,SBIN.NS,State Bank of India,Public,791.9369506835938
2025-04-23,SBIN.NS,State Bank of India,Public,783.3184204101562
2025-04-24,SBIN.NS,State Bank of India,Public,783.2703247070312
2025-04-25,SBIN.NS,State Bank of India,Public,769.0667114257812
2025-04-28,SBIN.NS,State Bank of India,Public,787.073974609375
2025-04-29,SBIN.NS,State Bank of India,Public,782.4517211914062
2025-04-30,SBIN.NS,State Bank of India,Public,759.4371337890625
2025-05-02,SBIN.NS,State Bank of India,Public,767.1888427734375
2025-05-05,SBIN.NS,State Bank of India,Public,760.737060546875
2025-05-06,SBIN.NS,State Bank of India,Public,745.4259643554688
2025-05-07,SBIN.NS,State Bank of India,Public,747.3518676757812
2025-05-08,SBIN.NS,State Bank of India,Public,740.5149536132812
2025-05-09,SBIN.NS,State Bank of India,Public,750.38525390625
2025-05-12,SBIN.NS,State Bank of India,Public,771.9555053710938
2025-05-13,SBIN.NS,State Bank of India,Public,772.0518188476562
2025-05-14,SBIN.NS,State Bank of India,Public,771.0407104492188
2025-05-15,SBIN.NS,State Bank of India,Public,777.82958984375
2025-05-16,SBIN.NS,State Bank of India,Public,778.0751342773438
2025-05-19,SBIN.NS,State Bank of India,Public,780.9237670898438
2025-05-20,SBIN.NS,State Bank of India,Public,771.7393798828125
2025-05-21,SBIN.NS,State Bank of India,Public,773.1636352539062
2025-05-22,SBIN.NS,State Bank of India,Public,771.346435546875
2025-05-23,SBIN.NS,State Bank of India,Public,776.5034790039062
2025-05-26,SBIN.NS,State Bank of India,Public,780.33447265625
2025-05-27,SBIN.NS,State Bank of India,Public,779.6468505859375
2025-05-28,SBIN.NS,State Bank of India,Public,782.4463500976562
2025-05-29,SBIN.NS,State Bank of India,Public,783.232177734375
2025-05-30,SBIN.NS,State Bank of India,Public,797.91748046875
2025-06-02,SBIN.NS,State Bank of India,Public,799.2435913085938
2025-06-03,SBIN.NS,State Bank of India,Public,795.4617309570312
2025-06-04,SBIN.NS,State Bank of India,Public,792.2201538085938
2025-06-05,SBIN.NS,State Bank of India,Public,791.72900390625
2025-06-06,SBIN.NS,State Bank of India,Public,798.6541748046875
2025-06-09,SBIN.NS,State Bank of India,Public,805.5302734375
2025-06-10,SBIN.NS,State Bank of India,Public,802.5833740234375
2025-06-11,SBIN.NS,State Bank of India,Public,800.6187744140625
2025-06-12,SBIN.NS,State Bank of India,Public,791.679931640625
2025-06-13,SBIN.NS,State Bank of India,Public,778.3206787109375
2025-06-16,SBIN.NS,State Bank of India,Public,778.4680786132812
2025-06-17,SBIN.NS,State Bank of India,Public,778.2716064453125
2025-06-18,SBIN.NS,State Bank of India,Public,777.8787231445312
2025-06-19,SBIN.NS,State Bank of India,Public,771.1990356445312
2025-06-20,SBIN.NS,State Bank of India,Public,782.053466796875
2025-06-23,SBIN.NS,State Bank of India,Public,776.2088012695312
2025-06-24,SBIN.NS,State Bank of India,Public,781.3167114257812
2025-06-25,SBIN.NS,State Bank of India,Public,785.8843383789062
2025-06-26,SBIN.NS,State Bank of India,Public,782.9375
2025-06-27,SBIN.NS,State Bank of India,Public,791.1396484375
2025-06-30,SBIN.NS,State Bank of India,Public,805.824951171875
2025-07-01,SBIN.NS,State Bank of India,Public,805.7758178710938
2025-07-02,SBIN.NS,State Bank of India,Public,798.5068969726562
2025-07-03,SBIN.NS,State Bank of India,Public,792.8095092773438
2025-07-04,SBIN.NS,State Bank of India,Public,797.4754028320312
2025-07-07,SBIN.NS,State Bank of India,Public,792.56396484375
2025-07-08,SBIN.NS,State Bank of India,Public,798.2612915039062
2025-07-09,SBIN.NS,State Bank of India,Public,796.5913696289062
2025-07-10,SBIN.NS,State Bank of India,Public,793.693603515625
2025-07-11,SBIN.NS,State Bank of India,Public,794.3321533203125
2025-07-14,SBIN.NS,State Bank of India,Public,794.528564453125
2025-07-15,SBIN.NS,State Bank of India,Public,801.9940185546875
2025-07-16,SBIN.NS,State Bank of India,Public,816.9739990234375
2025-07-17,SBIN.NS,State Bank of India,Public,814.32177734375
2025-07-18,SBIN.NS,State Bank of India,Public,808.7717895507812
2025-07-21,SBIN.NS,State Bank of India,Public,809.6068115234375
2025-07-22,SBIN.NS,State Bank of India,Public,800.5697021484375
2025-07-23,SBIN.NS,State Bank of India,Public,806.1196899414062
2025-07-24,SBIN.NS,State Bank of India,Public,801.25732421875
2025-07-25,SBIN.NS,State Bank of India,Public,792.269287109375
2025-07-28,SBIN.NS,State Bank of India,Public,783.0357666015625
2025-07-29,SBIN.NS,State Bank of India,Public,785.0494384765625
2025-07-30,SBIN.NS,State Bank of India,Public,787.4560546875
2025-07-31,SBIN.NS,State Bank of India,Public,782.4463500976562
2025-08-01,SBIN.NS,State Bank of India,Public,779.9415283203125
2025-08-04,SBIN.NS,State Bank of India,Public,781.6113891601562
2025-08-05,SBIN.NS,State Bank of India,Public,786.4246215820312
2025-08-06,SBIN.NS,State Bank of India,Public,790.8941040039062
2025-08-07,SBIN.NS,State Bank of India,Public,790.8941040039062
2025-08-08,SBIN.NS,State Bank of India,Public,790.0591430664062
2025-08-11,SBIN.NS,State Bank of India,Public,808.8700561523438
2025-08-12,SBIN.NS,State Bank of India,Public,806.0704956054688
2025-08-13,SBIN.NS,State Bank of India,Public,807.29833984375
2025-08-14,SBIN.NS,State Bank of India,Public,811.9151611328125
2025-08-18,SBIN.NS,State Bank of India,Public,812.9957275390625
2025-08-19,SBIN.NS,State Bank of India,Public,815.697021484375
2025-08-20,SBIN.NS,State Bank of India,Public,814.272705078125
2025-08-21,SBIN.NS,State Bank of India,Public,811.0802612304688
2025-08-22,SBIN.NS,State Bank of India,Public,801.7975463867188
2025-08-25,SBIN.NS,State Bank of India,Public,801.9940185546875
2025-08-26,SBIN.NS,State Bank of India,Public,793.5462646484375
2025-08-28,SBIN.NS,State Bank of India,Public,787.750732421875
2025-08-29,SBIN.NS,State Bank of India,Public,788.291015625
2025-09-01,SBIN.NS,State Bank of India,Public,791.7781372070312
2025-09-02,SBIN.NS,State Bank of India,Public,789.666259765625
2025-09-03,SBIN.NS,State Bank of India,Public,797.7701416015625
2025-09-04,SBIN.NS,State Bank of India,Public,795.06884765625
2025-09-05,SBIN.NS,State Bank of India,Public,792.318359375
2025-09-08,SBIN.NS,State Bank of India,Public,794.4794311523438
2025-09-09,SBIN.NS,State Bank of India,Public,794.528564453125
2025-09-10,SBIN.NS,State Bank of India,Public,803.7130126953125
2025-09-11,SBIN.NS,State Bank of India,Public,809.0665283203125
2025-09-12,SBIN.NS,State Bank of India,Public,808.96826171875
2025-09-15,SBIN.NS,State Bank of India,Public,810.1470336914062
2025-09-16,SBIN.NS,State Bank of India,Public,816.82666015625
2025-09-17,SBIN.NS,State Bank of India,Public,841.973388671875
2025-09-18,SBIN.NS,State Bank of India,Public,839.222900390625
2025-09-19,SBIN.NS,State Bank of India,Public,847.081298828125
2025-09-22,SBIN.NS,State Bank of India,Public,840.1069946289062
2025-09-23,SBIN.NS,State Bank of India,Public,855.1851806640625
2025-09-24,SBIN.NS,State Bank of India,Public,850.8631591796875
2025-09-25,SBIN.NS,State Bank of India,Public,845.902587890625
2025-09-26,SBIN.NS,State Bank of India,Public,841.7769165039062
2025-09-29,SBIN.NS,State Bank of India,Public,855.3325805664062
2025-09-30,SBIN.NS,State Bank of India,Public,857.0025024414062
2025-10-01,SBIN.NS,State Bank of India,Public,848.80029296875
2025-10-03,SBIN.NS,State Bank of India,Public,851.9436645507812
2025-10-06,SBIN.NS,State Bank of India,Public,858.5741577148438
2025-10-07,SBIN.NS,State Bank of India,Public,849.3897094726562
2025-10-08,SBIN.NS,State Bank of India,Public,843.0538940429688
2025-10-09,SBIN.NS,State Bank of India,Public,846.835693359375
2025-10-10,SBIN.NS,State Bank of India,Public,865.0573120117188
2025-10-13,SBIN.NS,State Bank of India,Public,867.3165893554688
2025-10-14,SBIN.NS,State Bank of India,Public,861.4227905273438
2025-10-15,SBIN.NS,State Bank of India,Public,870.4107666015625
2025-10-16,SBIN.NS,State Bank of India,Public,871.2457275390625
2025-10-17,SBIN.NS,State Bank of India,Public,873.4067993164062
2025-10-20,SBIN.NS,State Bank of India,Public,891.431884765625
2025-10-21,SBIN.NS,State Bank of India,Public,891.775634765625
2025-10-23,SBIN.NS,State Bank of India,Public,895.41015625
2025-10-24,SBIN.NS,State Bank of India,Public,888.4849853515625
2025-10-27,SBIN.NS,State Bank of India,Public,906.411865234375
2025-10-28,SBIN.NS,State Bank of India,Public,913.779052734375
2025-10-29,SBIN.NS,State Bank of India,Public,923.11083984375
2025-10-30,SBIN.NS,State Bank of India,Public,917.8064575195312
2025-10-31,SBIN.NS,State Bank of India,Public,920.4095458984375
2025-11-03,SBIN.NS,State Bank of India,Public,932.8847045898438
2025-11-04,SBIN.NS,State Bank of India,Public,940.644775390625
2025-11-06,SBIN.NS,State Bank of India,Public,943.739013671875
2025-11-07,SBIN.NS,State Bank of India,Public,938.92578125
2025-11-10,SBIN.NS,State Bank of India,Public,934.3090209960938
2025-11-11,SBIN.NS,State Bank of India,Public,936.4209594726562
2025-11-12,SBIN.NS,State Bank of India,Public,940.2028198242188
2025-11-13,SBIN.NS,State Bank of India,Public,937.1085815429688
2025-11-14,SBIN.NS,State Bank of India,Public,950.7133178710938
2025-11-17,SBIN.NS,State Bank of India,Public,956.1159057617188
2025-11-18,SBIN.NS,State Bank of India,Public,955.2318725585938
2025-11-19,SBIN.NS,State Bank of India,Public,965.3494873046875
2025-11-20,SBIN.NS,State Bank of India,Public,964.1707153320312
2025-11-21,SBIN.NS,State Bank of India,Public,955.3792114257812
2025-11-24,SBIN.NS,State Bank of India,Public,953.4146118164062
2025-11-25,SBIN.NS,State Bank of India,Public,966.1844482421875
2025-11-26,SBIN.NS,State Bank of India,Public,966.4791870117188
2025-11-27,SBIN.NS,State Bank of India,Public,955.624755859375
2025-11-28,SBIN.NS,State Bank of India,Public,961.6658935546875
2025-12-01,SBIN.NS,State Bank of India,Public,955.870361328125
2025-12-02,SBIN.NS,State Bank of India,Public,950.1730346679688
2025-12-03,SBIN.NS,State Bank of India,Public,934.2107543945312
2025-12-04,SBIN.NS,State Bank of India,Public,931.31298828125
2025-12-05,SBIN.NS,State Bank of India,Public,954.2987060546875
2025-12-08,SBIN.NS,State Bank of India,Public,939.466064453125
2025-12-09,SBIN.NS,State Bank of India,Public,942.3638305664062
2025-12-10,SBIN.NS,State Bank of India,Public,942.7567749023438
2025-12-11,SBIN.NS,State Bank of India,Public,946.1947631835938
2025-12-12,SBIN.NS,State Bank of India,Public,946.0965576171875
2025-12-15,SBIN.NS,State Bank of India,Public,950.1239624023438
2025-12-16,SBIN.NS,State Bank of India,Public,944.1319580078125
2025-12-17,SBIN.NS,State Bank of India,Public,958.5716552734375
2025-12-18,SBIN.NS,State Bank of India,Public,960.2415771484375
2025-12-19,SBIN.NS,State Bank of India,Public,962.94287109375
2025-12-22,SBIN.NS,State Bank of India,Public,957.0491333007812
2025-12-23,SBIN.NS,State Bank of India,Public,954.691650390625
2025-12-24,SBIN.NS,State Bank of India,Public,951.7938842773438
2025-12-26,SBIN.NS,State Bank of India,Public,949.1907348632812
2025-12-29,SBIN.NS,State Bank of India,Public,947.962890625
2025-12-30,SBIN.NS,State Bank of India,Public,956.2141723632812
2025-12-31,SBIN.NS,State Bank of India,Public,964.8092651367188
2026-01-01,SBIN.NS,State Bank of India,Public,967.3140869140625
2026-01-02,SBIN.NS,State Bank of India,Public,981.2626953125
2026-01-05,SBIN.NS,State Bank of India,Public,987.7457885742188
2026-01-06,SBIN.NS,State Bank of India,Public,1000.8594360351562
2026-01-07,SBIN.NS,State Bank of India,Public,989.3175048828125
2026-01-08,SBIN.NS,State Bank of India,Public,980.3294677734375
2026-01-09,SBIN.NS,State Bank of India,Public,982.7852172851562
2026-01-12,SBIN.NS,State Bank of India,Public,997.1758422851562
2026-01-13,SBIN.NS,State Bank of India,Public,1010.2402954101562
2026-01-14,SBIN.NS,State Bank of India,Public,1010.14208984375
2026-01-15,SBIN.NS,State Bank of India,Public,1010.14208984375
2026-01-16,SBIN.NS,State Bank of India,Public,1023.8451538085938
2026-01-19,SBIN.NS,State Bank of India,Public,1020.0142211914062
2026-01-20,SBIN.NS,State Bank of India,Public,1018.0496215820312
2026-01-21,SBIN.NS,State Bank of India,Public,1010.4368286132812
2026-01-22,SBIN.NS,State Bank of India,Public,1029.7879638671875
2026-01-23,SBIN.NS,State Bank of India,Public,1011.271728515625
2026-01-27,SBIN.NS,State Bank of India,Public,1034.5030517578125
2026-01-28,SBIN.NS,State Bank of India,Public,1044.6697998046875
2026-01-29,SBIN.NS,State Bank of India,Public,1047.3218994140625
2026-01-30,SBIN.NS,State Bank of India,Public,1058.078125
2026-02-02,SBIN.NS,State Bank of India,Public,1010.4859008789062
2026-02-03,SBIN.NS,State Bank of India,Public,1045.3572998046875
2026-02-04,SBIN.NS,State Bank of India,Public,1049.2864990234375
2026-02-05,SBIN.NS,State Bank of India,Public,1054.49267578125
2026-02-06,SBIN.NS,State Bank of India,Public,1047.5184326171875
2026-02-09,SBIN.NS,State Bank of India,Public,1125.708984375
2026-02-10,SBIN.NS,State Bank of India,Public,1123.8426513671875
2026-02-11,SBIN.NS,State Bank of India,Public,1161.9556884765625
2026-02-12,SBIN.NS,State Bank of India,Public,1171.2874755859375
2026-02-13,SBIN.NS,State Bank of India,Public,1177.377685546875
2026-02-16,SBIN.NS,State Bank of India,Public,1186.70947265625
2026-02-17,SBIN.NS,State Bank of India,Public,1191.9156494140625
2026-02-18,SBIN.NS,State Bank of India,Public,1197.3182373046875
2026-02-19,SBIN.NS,State Bank of India,Public,1184.3519287109375
2026-02-20,SBIN.NS,State Bank of India,Public,1194.5677490234375
2026-02-23,SBIN.NS,State Bank of India,Public,1206.0606689453125
2026-02-24,SBIN.NS,State Bank of India,Public,1201.640380859375
2026-02-25,SBIN.NS,State Bank of India,Public,1178.85107421875
2026-02-26,SBIN.NS,State Bank of India,Public,1188.084716796875
2026-02-27,SBIN.NS,State Bank of India,Public,1180.4227294921875
2026-03-02,SBIN.NS,State Bank of India,Public,1168.831787109375
2026-03-04,SBIN.NS,State Bank of India,Public,1153.704345703125
2026-03-05,SBIN.NS,State Bank of India,Public,1148.79296875
2026-03-06,SBIN.NS,State Bank of India,Public,1122.7620849609375
2026-03-09,SBIN.NS,State Bank of India,Public,1079.050048828125
2026-03-10,SBIN.NS,State Bank of India,Public,1092.5074462890625
2026-03-11,SBIN.NS,State Bank of India,Public,1071.781005859375
2026-03-12,SBIN.NS,State Bank of India,Public,1065.9854736328125
2026-03-13,SBIN.NS,State Bank of India,Public,1028.4619140625
2026-03-16,SBIN.NS,State Bank of India,Public,1047.8131103515625
2026-03-17,SBIN.NS,State Bank of India,Public,1045.8485107421875
2026-03-18,SBIN.NS,State Bank of India,Public,1050.8582763671875
2026-03-19,SBIN.NS,State Bank of India,Public,1030.3282470703125
2026-03-20,SBIN.NS,State Bank of India,Public,1039.26708984375
2026-03-23,SBIN.NS,State Bank of India,Public,1013.6292724609375
2026-03-24,SBIN.NS,State Bank of India,Public,1012.5487670898438
2026-03-25,SBIN.NS,State Bank of India,Public,1041.821044921875
2026-03-27,SBIN.NS,State Bank of India,Public,1001.4487915039062
2026-03-30,SBIN.NS,State Bank of India,Public,962.058837890625
2026-04-01,SBIN.NS,State Bank of India,Public,999.7789306640625
2026-04-02,SBIN.NS,State Bank of India,Public,1000.3683471679688
2026-04-06,SBIN.NS,State Bank of India,Public,1014.4642333984375
2026-04-07,SBIN.NS,State Bank of India,Public,1012.1558227539062
2026-04-08,SBIN.NS,State Bank of India,Public,1042.656005859375
2026-04-09,SBIN.NS,State Bank of India,Public,1022.5189819335938
2026-04-10,SBIN.NS,State Bank of India,Public,1047.8131103515625
2026-04-13,SBIN.NS,State Bank of India,Public,1044.7188720703125
2026-04-15,SBIN.NS,State Bank of India,Public,1052.528076171875
2026-04-16,SBIN.NS,State Bank of India,Public,1048.255126953125
2026-04-17,SBIN.NS,State Bank of India,Public,1061.1231689453125
2026-04-20,SBIN.NS,State Bank of India,Public,1088.2344970703125
2026-04-21,SBIN.NS,State Bank of India,Public,1092.1636962890625
2026-04-22,SBIN.NS,State Bank of India,Public,1083.76513671875
2026-04-23,SBIN.NS,State Bank of India,Public,1074.875244140625
2026-04-24,SBIN.NS,State Bank of India,Public,1081.60400390625
2026-04-27,SBIN.NS,State Bank of India,Public,1092.1636962890625
2026-04-28,SBIN.NS,State Bank of India,Public,1071.9775390625
2026-04-29,SBIN.NS,State Bank of India,Public,1067.655517578125
2026-04-30,SBIN.NS,State Bank of India,Public,1049.5321044921875
2026-05-01,SBIN.NS,State Bank of India,Public,1049.5321044921875
2026-05-04,SBIN.NS,State Bank of India,Public,1049.4830322265625
2026-05-05,SBIN.NS,State Bank of India,Public,1041.133544921875
2026-05-06,SBIN.NS,State Bank of India,Public,1076.5943603515625
2026-05-07,SBIN.NS,State Bank of India,Public,1072.6651611328125
2026-05-08,SBIN.NS,State Bank of India,Public,1001.2523193359375
2026-05-11,SBIN.NS,State Bank of India,Public,956.3615112304688
2026-05-12,SBIN.NS,State Bank of India,Public,957.3438110351562
2026-05-13,SBIN.NS,State Bank of India,Public,952.9234619140625
2026-05-14,SBIN.NS,State Bank of India,Public,962.5499877929688
2026-05-15,SBIN.NS,State Bank of India,Public,963.2000122070312
2026-05-18,SBIN.NS,State Bank of India,Public,939.4000244140625
2026-05-19,SBIN.NS,State Bank of India,Public,948.7999877929688
2026-05-20,SBIN.NS,State Bank of India,Public,950.9000244140625
2026-05-21,SBIN.NS,State Bank of India,Public,950.9000244140625
2026-05-22,SBIN.NS,State Bank of India,Public,949.2000122070312
2026-05-25,SBIN.NS,State Bank of India,Public,969.5999755859375
2026-05-26,SBIN.NS,State Bank of India,Public,968.5
2026-05-27,SBIN.NS,State Bank of India,Public,967.7999877929688
2026-05-28,SBIN.NS,State Bank of India,Public,967.7999877929688
2026-05-29,SBIN.NS,State Bank of India,Public,964.4000244140625
2026-06-01,SBIN.NS,State Bank of India,Public,954.0999755859375
2026-06-02,SBIN.NS,State Bank of India,Public,956.6500244140625
2026-06-03,SBIN.NS,State Bank of India,Public,970.4500122070312
2026-06-04,SBIN.NS,State Bank of India,Public,979.25
2026-06-05,SBIN.NS,State Bank of India,Public,977.7000122070312
2026-06-08,SBIN.NS,State Bank of India,Public,981.9500122070312
2026-06-09,SBIN.NS,State Bank of India,Public,1002.7000122070312
2026-06-10,SBIN.NS,State Bank of India,Public,1003.25
2026-06-11,SBIN.NS,State Bank of India,Public,1000.7000122070312
2026-06-12,SBIN.NS,State Bank of India,Public,1017.1500244140625
2026-06-15,SBIN.NS,State Bank of India,Public,1020.8499755859375
2026-06-16,SBIN.NS,State Bank of India,Public,1015.2999877929688
2026-06-17,SBIN.NS,State Bank of India,Public,1026.5
2026-06-18,SBIN.NS,State Bank of India,Public,1042.699951171875
2026-06-19,SBIN.NS,State Bank of India,Public,1035.0999755859375
2026-06-22,SBIN.NS,State Bank of India,Public,1040.75
2026-06-23,SBIN.NS,State Bank of India,Public,1024.199951171875
2026-06-24,SBIN.NS,State Bank of India,Public,1034.5999755859375
2026-06-25,SBIN.NS,State Bank of India,Public,1045.4000244140625
2026-06-26,SBIN.NS,State Bank of India,Public,1045.4000244140625
2026-06-29,SBIN.NS,State Bank of India,Public,1036.0999755859375
2026-06-30,SBIN.NS,State Bank of India,Public,1026.9000244140625
2026-07-01,SBIN.NS,State Bank of India,Public,1047.4000244140625
2026-07-02,SBIN.NS,State Bank of India,Public,1051.5999755859375
2026-07-03,SBIN.NS,State Bank of India,Public,1040.0
2026-07-06,SBIN.NS,State Bank of India,Public,1037.699951171875
2026-07-07,SBIN.NS,State Bank of India,Public,1038.0999755859375
2026-07-08,SBIN.NS,State Bank of India,Public,1016.9000244140625
2026-07-09,SBIN.NS,State Bank of India,Public,1022.0999755859375
2026-07-10,SBIN.NS,State Bank of India,Public,1036.0
2026-07-13,SBIN.NS,State Bank of India,Public,1037.0
2026-07-14,SBIN.NS,State Bank of India,Public,1015.4000244140625
2026-07-15,SBIN.NS,State Bank of India,Public,1030.0999755859375
2026-07-16,SBIN.NS,State Bank of India,Public,1031.199951171875
2026-07-17,SBIN.NS,State Bank of India,Public,1044.300048828125
2026-07-20,SBIN.NS,State Bank of India,Public,1060.0
2026-07-21,SBIN.NS,State Bank of India,Public,1044.4000244140625
2026-07-23,SBIN.NS,State Bank of India,Public,1012.5999755859375
2026-07-24,SBIN.NS,State Bank of India,Public,1015.0
2026-07-27,SBIN.NS,State Bank of India,Public,1020.5999755859375
2026-07-28,SBIN.NS,State Bank of India,Public,1013.2000122070312
2026-07-29,SBIN.NS,State Bank of India,Public,1013.7000122070312
2026-07-30,SBIN.NS,State Bank of India,Public,1025.300048828125
2026-07-31,SBIN.NS,State Bank of India,Public,1027.4000244140625
2026-08-03,SBIN.NS,State Bank of India,Public,1045.0
2026-08-04,SBIN.NS,State Bank of India,Public,1042.699951171875
2026-08-05,SBIN.NS,State Bank of India,Public,1055.0
2026-08-06,SBIN.NS,State Bank of India,Public,1085.0
2026-08-07,SBIN.NS,State Bank of India,Public,1097.199951171875
2026-08-10,SBIN.NS,State Bank of India,Public,1071.0
2026-08-11,SBIN.NS,State Bank of India,Public,1066.0
2026-08-12,SBIN.NS,State Bank of India,Public,1082.0
2026-08-13,SBIN.NS,State Bank of India,Public,1083.0
2026-08-14,SBIN.NS,State Bank of India,Public,1067.699951171875
2026-08-17,SBIN.NS,State Bank of India,Public,1061.199951171875
2026-08-18,SBIN.NS,State Bank of India,Public,1053.0
2026-08-19,SBIN.NS,State Bank of India,Public,1048.5999755859375
2026-08-20,SBIN.NS,State Bank of India,Public,1048.0
2021-08-20,UNIONBANK.NS,Union Bank of India,Public,28.10262107849121
2021-08-23,UNIONBANK.NS,Union Bank of India,Public,27.68317985534668
2021-08-24,UNIONBANK.NS,Union Bank of India,Public,27.976789474487305
2021-08-25,UNIONBANK.NS,Union Bank of India,Public,28.10262107849121
2021-08-26,UNIONBANK.NS,Union Bank of India,Public,28.14456558227539
2021-08-27,UNIONBANK.NS,Union Bank of India,Public,28.64789581298828
2021-08-30,UNIONBANK.NS,Union Bank of India,Public,29.277057647705078
2021-08-31,UNIONBANK.NS,Union Bank of India,Public,29.696504592895508
2021-09-01,UNIONBANK.NS,Union Bank of India,Public,29.65455436706543
2021-09-02,UNIONBANK.NS,Union Bank of India,Public,29.52872657775879
2021-09-03,UNIONBANK.NS,Union Bank of India,Public,29.65455436706543
2021-09-06,UNIONBANK.NS,Union Bank of India,Public,29.48678207397461
2021-09-07,UNIONBANK.NS,Union Bank of India,Public,29.151227951049805
2021-09-08,UNIONBANK.NS,Union Bank of India,Public,29.23511505126953
2021-09-09,UNIONBANK.NS,Union Bank of India,Public,29.277057647705078
2021-09-13,UNIONBANK.NS,Union Bank of India,Public,29.067338943481445
2021-09-14,UNIONBANK.NS,Union Bank of India,Public,28.899560928344727
2021-09-15,UNIONBANK.NS,Union Bank of India,Public,29.23511505126953
2021-09-16,UNIONBANK.NS,Union Bank of India,Public,30.787052154541016
2021-09-17,UNIONBANK.NS,Union Bank of India,Public,30.11594581604004
2021-09-20,UNIONBANK.NS,Union Bank of India,Public,29.025392532348633
2021-09-21,UNIONBANK.NS,Union Bank of India,Public,29.319005966186523
2021-09-22,UNIONBANK.NS,Union Bank of India,Public,29.402889251708984
2021-09-23,UNIONBANK.NS,Union Bank of India,Public,29.23511505126953
2021-09-24,UNIONBANK.NS,Union Bank of India,Public,29.025392532348633
2021-09-27,UNIONBANK.NS,Union Bank of India,Public,29.025392532348633
2021-09-28,UNIONBANK.NS,Union Bank of India,Public,29.36094856262207
2021-09-29,UNIONBANK.NS,Union Bank of India,Public,30.53538703918457
2021-09-30,UNIONBANK.NS,Union Bank of India,Public,30.40955352783203
2021-10-01,UNIONBANK.NS,Union Bank of India,Public,30.577329635620117
2021-10-04,UNIONBANK.NS,Union Bank of India,Public,31.54204559326172
2021-10-05,UNIONBANK.NS,Union Bank of India,Public,31.122600555419922
2021-10-06,UNIONBANK.NS,Union Bank of India,Public,30.577329635620117
2021-10-07,UNIONBANK.NS,Union Bank of India,Public,31.290380477905273
2021-10-08,UNIONBANK.NS,Union Bank of India,Public,31.50010108947754
2021-10-11,UNIONBANK.NS,Union Bank of India,Public,32.00343322753906
2021-10-12,UNIONBANK.NS,Union Bank of India,Public,33.26176071166992
2021-10-13,UNIONBANK.NS,Union Bank of India,Public,37.2464599609375
2021-10-14,UNIONBANK.NS,Union Bank of India,Public,37.58201217651367
2021-10-18,UNIONBANK.NS,Union Bank of India,Public,41.02143859863281
2021-10-19,UNIONBANK.NS,Union Bank of India,Public,38.08534622192383
2021-10-20,UNIONBANK.NS,Union Bank of India,Public,40.014774322509766
2021-10-21,UNIONBANK.NS,Union Bank of India,Public,42.48948669433594
2021-10-22,UNIONBANK.NS,Union Bank of India,Public,41.189208984375
2021-10-25,UNIONBANK.NS,Union Bank of India,Public,40.51810836791992
2021-10-26,UNIONBANK.NS,Union Bank of India,Public,40.476165771484375
2021-10-27,UNIONBANK.NS,Union Bank of India,Public,42.40559387207031
2021-10-28,UNIONBANK.NS,Union Bank of India,Public,39.21783447265625
2021-10-29,UNIONBANK.NS,Union Bank of India,Public,38.714508056640625
2021-11-01,UNIONBANK.NS,Union Bank of India,Public,39.13395309448242
2021-11-02,UNIONBANK.NS,Union Bank of India,Public,41.356990814208984
2021-11-03,UNIONBANK.NS,Union Bank of India,Public,39.88894271850586
2021-11-04,UNIONBANK.NS,Union Bank of India,Public,41.23115921020508
2021-11-08,UNIONBANK.NS,Union Bank of India,Public,45.1319694519043
2021-11-09,UNIONBANK.NS,Union Bank of India,Public,45.34169387817383
2021-11-10,UNIONBANK.NS,Union Bank of India,Public,43.7478141784668
2021-11-11,UNIONBANK.NS,Union Bank of India,Public,41.6086540222168
2021-11-12,UNIONBANK.NS,Union Bank of India,Public,41.9442138671875
2021-11-15,UNIONBANK.NS,Union Bank of India,Public,40.89560317993164
2021-11-16,UNIONBANK.NS,Union Bank of India,Public,39.301727294921875
2021-11-17,UNIONBANK.NS,Union Bank of India,Public,39.721168518066406
2021-11-18,UNIONBANK.NS,Union Bank of India,Public,39.34366989135742
2021-11-22,UNIONBANK.NS,Union Bank of India,Public,36.78506851196289
2021-11-23,UNIONBANK.NS,Union Bank of India,Public,39.34366989135742
2021-11-24,UNIONBANK.NS,Union Bank of India,Public,38.840335845947266
2021-11-25,UNIONBANK.NS,Union Bank of India,Public,38.420894622802734
2021-11-26,UNIONBANK.NS,Union Bank of India,Public,36.65924072265625
2021-11-29,UNIONBANK.NS,Union Bank of India,Public,36.28174591064453
2021-11-30,UNIONBANK.NS,Union Bank of India,Public,36.072021484375
2021-12-01,UNIONBANK.NS,Union Bank of India,Public,38.12729263305664
2021-12-02,UNIONBANK.NS,Union Bank of India,Public,38.840335845947266
2021-12-03,UNIONBANK.NS,Union Bank of India,Public,38.546730041503906
2021-12-06,UNIONBANK.NS,Union Bank of India,Public,37.540069580078125
2021-12-07,UNIONBANK.NS,Union Bank of India,Public,39.05005645751953
2021-12-08,UNIONBANK.NS,Union Bank of India,Public,39.427555084228516
2021-12-09,UNIONBANK.NS,Union Bank of India,Public,39.511444091796875
2021-12-10,UNIONBANK.NS,Union Bank of India,Public,40.85366439819336
2021-12-13,UNIONBANK.NS,Union Bank of India,Public,40.014774322509766
2021-12-14,UNIONBANK.NS,Union Bank of India,Public,39.93089294433594
2021-12-15,UNIONBANK.NS,Union Bank of India,Public,39.25978088378906
2021-12-16,UNIONBANK.NS,Union Bank of India,Public,38.714508056640625
2021-12-17,UNIONBANK.NS,Union Bank of India,Public,36.994789123535156
2021-12-20,UNIONBANK.NS,Union Bank of India,Public,35.31702423095703
2021-12-21,UNIONBANK.NS,Union Bank of India,Public,35.568695068359375
2021-12-22,UNIONBANK.NS,Union Bank of India,Public,36.40757751464844
2021-12-23,UNIONBANK.NS,Union Bank of India,Public,37.330345153808594
2021-12-24,UNIONBANK.NS,Union Bank of India,Public,36.155906677246094
2021-12-27,UNIONBANK.NS,Union Bank of India,Public,36.03007888793945
2021-12-28,UNIONBANK.NS,Union Bank of India,Public,37.036739349365234
2021-12-29,UNIONBANK.NS,Union Bank of India,Public,36.53340530395508
2021-12-30,UNIONBANK.NS,Union Bank of India,Public,35.90424728393555
2021-12-31,UNIONBANK.NS,Union Bank of India,Public,36.40757751464844
2022-01-03,UNIONBANK.NS,Union Bank of India,Public,37.036739349365234
2022-01-04,UNIONBANK.NS,Union Bank of India,Public,37.20451354980469
2022-01-05,UNIONBANK.NS,Union Bank of India,Public,38.169227600097656
2022-01-06,UNIONBANK.NS,Union Bank of India,Public,38.75645065307617
2022-01-07,UNIONBANK.NS,Union Bank of India,Public,37.91756820678711
2022-01-10,UNIONBANK.NS,Union Bank of India,Public,38.58867263793945
2022-01-11,UNIONBANK.NS,Union Bank of India,Public,37.91756820678711
2022-01-12,UNIONBANK.NS,Union Bank of India,Public,38.12729263305664
2022-01-13,UNIONBANK.NS,Union Bank of India,Public,38.75645065307617
2022-01-14,UNIONBANK.NS,Union Bank of India,Public,38.253116607666016
2022-01-17,UNIONBANK.NS,Union Bank of India,Public,38.295066833496094
2022-01-18,UNIONBANK.NS,Union Bank of India,Public,37.41423416137695
2022-01-19,UNIONBANK.NS,Union Bank of India,Public,37.74979019165039
2022-01-20,UNIONBANK.NS,Union Bank of India,Public,37.70784378051758
2022-01-21,UNIONBANK.NS,Union Bank of India,Public,36.575347900390625
2022-01-24,UNIONBANK.NS,Union Bank of India,Public,35.358970642089844
2022-01-25,UNIONBANK.NS,Union Bank of India,Public,35.778411865234375
2022-01-27,UNIONBANK.NS,Union Bank of India,Public,38.96617126464844
2022-01-28,UNIONBANK.NS,Union Bank of India,Public,39.469505310058594
2022-01-31,UNIONBANK.NS,Union Bank of India,Public,39.76311111450195
2022-02-01,UNIONBANK.NS,Union Bank of India,Public,39.05005645751953
2022-02-02,UNIONBANK.NS,Union Bank of India,Public,41.776432037353516
2022-02-03,UNIONBANK.NS,Union Bank of India,Public,40.22449493408203
2022-02-04,UNIONBANK.NS,Union Bank of India,Public,40.266441345214844
2022-02-07,UNIONBANK.NS,Union Bank of India,Public,39.93089294433594
2022-02-08,UNIONBANK.NS,Union Bank of India,Public,40.014774322509766
2022-02-09,UNIONBANK.NS,Union Bank of India,Public,39.595333099365234
2022-02-10,UNIONBANK.NS,Union Bank of India,Public,39.55339050292969
2022-02-11,UNIONBANK.NS,Union Bank of India,Public,38.840335845947266
2022-02-14,UNIONBANK.NS,Union Bank of India,Public,35.946189880371094
2022-02-15,UNIONBANK.NS,Union Bank of India,Public,36.65924072265625
2022-02-16,UNIONBANK.NS,Union Bank of India,Public,37.162567138671875
2022-02-17,UNIONBANK.NS,Union Bank of India,Public,36.70118713378906
2022-02-18,UNIONBANK.NS,Union Bank of India,Public,36.36562728881836
2022-02-21,UNIONBANK.NS,Union Bank of India,Public,35.862300872802734
2022-02-22,UNIONBANK.NS,Union Bank of India,Public,34.310367584228516
2022-02-23,UNIONBANK.NS,Union Bank of India,Public,35.694522857666016
2022-02-24,UNIONBANK.NS,Union Bank of India,Public,32.29704284667969
2022-02-25,UNIONBANK.NS,Union Bank of India,Public,33.63925552368164
2022-02-28,UNIONBANK.NS,Union Bank of India,Public,33.68120193481445
2022-03-02,UNIONBANK.NS,Union Bank of India,Public,34.52008819580078
2022-03-03,UNIONBANK.NS,Union Bank of India,Public,34.56203079223633
2022-03-04,UNIONBANK.NS,Union Bank of India,Public,33.63925552368164
2022-03-07,UNIONBANK.NS,Union Bank of India,Public,31.877599716186523
2022-03-08,UNIONBANK.NS,Union Bank of India,Public,32.255096435546875
2022-03-09,UNIONBANK.NS,Union Bank of India,Public,33.21981430053711
2022-03-10,UNIONBANK.NS,Union Bank of India,Public,33.597312927246094
2022-03-11,UNIONBANK.NS,Union Bank of India,Public,33.47148132324219
2022-03-14,UNIONBANK.NS,Union Bank of India,Public,33.55536651611328
2022-03-15,UNIONBANK.NS,Union Bank of India,Public,33.1778678894043
2022-03-16,UNIONBANK.NS,Union Bank of India,Public,33.55536651611328
2022-03-17,UNIONBANK.NS,Union Bank of India,Public,33.513423919677734
2022-03-21,UNIONBANK.NS,Union Bank of India,Public,33.30370330810547
2022-03-22,UNIONBANK.NS,Union Bank of India,Public,32.71648406982422
2022-03-23,UNIONBANK.NS,Union Bank of India,Public,32.63259506225586
2022-03-24,UNIONBANK.NS,Union Bank of India,Public,32.255096435546875
2022-03-25,UNIONBANK.NS,Union Bank of India,Public,32.213157653808594
2022-03-28,UNIONBANK.NS,Union Bank of India,Public,31.961488723754883
2022-03-29,UNIONBANK.NS,Union Bank of India,Public,31.41621208190918
2022-03-30,UNIONBANK.NS,Union Bank of India,Public,32.59064865112305
2022-03-31,UNIONBANK.NS,Union Bank of India,Public,32.464820861816406
2022-04-01,UNIONBANK.NS,Union Bank of India,Public,34.4781379699707
2022-04-04,UNIONBANK.NS,Union Bank of India,Public,35.023414611816406
2022-04-05,UNIONBANK.NS,Union Bank of India,Public,36.40757751464844
2022-04-06,UNIONBANK.NS,Union Bank of India,Public,36.6172981262207
2022-04-07,UNIONBANK.NS,Union Bank of India,Public,35.988128662109375
2022-04-08,UNIONBANK.NS,Union Bank of India,Public,36.952850341796875
2022-04-11,UNIONBANK.NS,Union Bank of India,Public,36.449520111083984
2022-04-12,UNIONBANK.NS,Union Bank of India,Public,35.4428596496582
2022-04-13,UNIONBANK.NS,Union Bank of India,Public,35.23313903808594
2022-04-18,UNIONBANK.NS,Union Bank of India,Public,34.603973388671875
2022-04-19,UNIONBANK.NS,Union Bank of India,Public,34.64591598510742
2022-04-20,UNIONBANK.NS,Union Bank of India,Public,34.3523063659668
2022-04-21,UNIONBANK.NS,Union Bank of India,Public,34.3523063659668
2022-04-22,UNIONBANK.NS,Union Bank of India,Public,34.016754150390625
2022-04-25,UNIONBANK.NS,Union Bank of India,Public,33.47148132324219
2022-04-26,UNIONBANK.NS,Union Bank of India,Public,33.76508712768555
2022-04-27,UNIONBANK.NS,Union Bank of India,Public,33.26176071166992
2022-04-28,UNIONBANK.NS,Union Bank of India,Public,33.21981430053711
2022-04-29,UNIONBANK.NS,Union Bank of India,Public,31.961488723754883
2022-05-02,UNIONBANK.NS,Union Bank of India,Public,32.38092803955078
2022-05-04,UNIONBANK.NS,Union Bank of India,Public,31.332324981689453
2022-05-05,UNIONBANK.NS,Union Bank of India,Public,30.870939254760742
2022-05-06,UNIONBANK.NS,Union Bank of India,Public,29.948165893554688
2022-05-09,UNIONBANK.NS,Union Bank of India,Public,29.948165893554688
2022-05-10,UNIONBANK.NS,Union Bank of India,Public,30.241775512695312
2022-05-11,UNIONBANK.NS,Union Bank of India,Public,29.319005966186523
2022-05-12,UNIONBANK.NS,Union Bank of India,Public,28.31234359741211
2022-05-13,UNIONBANK.NS,Union Bank of India,Public,30.325666427612305
2022-05-16,UNIONBANK.NS,Union Bank of India,Public,30.99677276611328
2022-05-17,UNIONBANK.NS,Union Bank of India,Public,30.9548282623291
2022-05-18,UNIONBANK.NS,Union Bank of India,Public,30.787052154541016
2022-05-19,UNIONBANK.NS,Union Bank of India,Public,29.7803897857666
2022-05-20,UNIONBANK.NS,Union Bank of India,Public,30.241775512695312
2022-05-23,UNIONBANK.NS,Union Bank of India,Public,30.619272232055664
2022-05-24,UNIONBANK.NS,Union Bank of India,Public,30.53538703918457
2022-05-25,UNIONBANK.NS,Union Bank of India,Public,29.277057647705078
2022-05-26,UNIONBANK.NS,Union Bank of India,Public,29.864276885986328
2022-05-27,UNIONBANK.NS,Union Bank of India,Public,30.073993682861328
2022-05-30,UNIONBANK.NS,Union Bank of India,Public,31.79370880126953
2022-05-31,UNIONBANK.NS,Union Bank of India,Public,31.75176429748535
2022-06-01,UNIONBANK.NS,Union Bank of India,Public,32.50676345825195
2022-06-02,UNIONBANK.NS,Union Bank of India,Public,33.05204391479492
2022-06-03,UNIONBANK.NS,Union Bank of India,Public,32.338985443115234
2022-06-06,UNIONBANK.NS,Union Bank of India,Public,32.255096435546875
2022-06-07,UNIONBANK.NS,Union Bank of India,Public,32.42287063598633
2022-06-08,UNIONBANK.NS,Union Bank of India,Public,31.79370880126953
2022-06-09,UNIONBANK.NS,Union Bank of India,Public,31.835657119750977
2022-06-10,UNIONBANK.NS,Union Bank of India,Public,31.206497192382812
2022-06-13,UNIONBANK.NS,Union Bank of India,Public,30.53538703918457
2022-06-14,UNIONBANK.NS,Union Bank of India,Public,30.073993682861328
2022-06-15,UNIONBANK.NS,Union Bank of India,Public,30.199832916259766
2022-06-16,UNIONBANK.NS,Union Bank of India,Public,29.52872657775879
2022-06-17,UNIONBANK.NS,Union Bank of India,Public,29.948165893554688
2022-06-20,UNIONBANK.NS,Union Bank of India,Public,29.402889251708984
2022-06-21,UNIONBANK.NS,Union Bank of India,Public,30.283716201782227
2022-06-22,UNIONBANK.NS,Union Bank of India,Public,30.815011978149414
2022-06-23,UNIONBANK.NS,Union Bank of India,Public,30.859285354614258
2022-06-24,UNIONBANK.NS,Union Bank of India,Public,31.302026748657227
2022-06-27,UNIONBANK.NS,Union Bank of India,Public,30.903562545776367
2022-06-28,UNIONBANK.NS,Union Bank of India,Public,30.992109298706055
2022-06-29,UNIONBANK.NS,Union Bank of India,Public,30.460819244384766
2022-06-30,UNIONBANK.NS,Union Bank of India,Public,30.32798957824707
2022-07-01,UNIONBANK.NS,Union Bank of India,Public,30.549367904663086
2022-07-04,UNIONBANK.NS,Union Bank of India,Public,30.726463317871094
2022-07-05,UNIONBANK.NS,Union Bank of India,Public,30.637914657592773
2022-07-06,UNIONBANK.NS,Union Bank of India,Public,30.903562545776367
2022-07-07,UNIONBANK.NS,Union Bank of India,Public,31.789051055908203
2022-07-08,UNIONBANK.NS,Union Bank of India,Public,31.877599716186523
2022-07-11,UNIONBANK.NS,Union Bank of India,Public,32.36461639404297
2022-07-12,UNIONBANK.NS,Union Bank of India,Public,32.40889358520508
2022-07-13,UNIONBANK.NS,Union Bank of India,Public,32.984458923339844
2022-07-14,UNIONBANK.NS,Union Bank of India,Public,32.36461639404297
2022-07-15,UNIONBANK.NS,Union Bank of India,Public,32.32033920288086
2022-07-18,UNIONBANK.NS,Union Bank of India,Public,32.895912170410156
2022-07-19,UNIONBANK.NS,Union Bank of India,Public,33.560028076171875
2022-07-20,UNIONBANK.NS,Union Bank of India,Public,33.11728286743164
2022-07-21,UNIONBANK.NS,Union Bank of India,Public,33.781402587890625
2022-07-22,UNIONBANK.NS,Union Bank of India,Public,33.82567596435547
2022-07-25,UNIONBANK.NS,Union Bank of India,Public,33.60430145263672
2022-07-26,UNIONBANK.NS,Union Bank of India,Public,32.895912170410156
2022-07-27,UNIONBANK.NS,Union Bank of India,Public,33.33865737915039
2022-07-28,UNIONBANK.NS,Union Bank of India,Public,33.781402587890625
2022-07-29,UNIONBANK.NS,Union Bank of India,Public,33.82567596435547
2022-08-01,UNIONBANK.NS,Union Bank of India,Public,34.26841735839844
2022-08-02,UNIONBANK.NS,Union Bank of India,Public,35.10963439941406
2022-08-03,UNIONBANK.NS,Union Bank of India,Public,34.57834243774414
2022-08-04,UNIONBANK.NS,Union Bank of India,Public,34.31269454956055
2022-08-05,UNIONBANK.NS,Union Bank of India,Public,34.445518493652344
2022-08-08,UNIONBANK.NS,Union Bank of India,Public,34.35696792602539
2022-08-10,UNIONBANK.NS,Union Bank of India,Public,34.31269454956055
2022-08-11,UNIONBANK.NS,Union Bank of India,Public,35.4195556640625
2022-08-12,UNIONBANK.NS,Union Bank of India,Public,35.375282287597656
2022-08-16,UNIONBANK.NS,Union Bank of India,Public,35.59665298461914
2022-08-17,UNIONBANK.NS,Union Bank of India,Public,36.260765075683594
2022-08-18,UNIONBANK.NS,Union Bank of India,Public,36.5706901550293
2022-08-19,UNIONBANK.NS,Union Bank of India,Public,35.59665298461914
2022-08-22,UNIONBANK.NS,Union Bank of India,Public,34.932533264160156
2022-08-23,UNIONBANK.NS,Union Bank of India,Public,35.06535720825195
2022-08-24,UNIONBANK.NS,Union Bank of India,Public,35.81802749633789
2022-08-25,UNIONBANK.NS,Union Bank of India,Public,37.456180572509766
2022-08-26,UNIONBANK.NS,Union Bank of India,Public,37.67755126953125
2022-08-29,UNIONBANK.NS,Union Bank of India,Public,36.74778747558594
2022-08-30,UNIONBANK.NS,Union Bank of India,Public,37.500450134277344
2022-09-01,UNIONBANK.NS,Union Bank of India,Public,37.721824645996094
2022-09-02,UNIONBANK.NS,Union Bank of India,Public,37.633277893066406
2022-09-05,UNIONBANK.NS,Union Bank of India,Public,37.98747253417969
2022-09-06,UNIONBANK.NS,Union Bank of India,Public,37.5890007019043
2022-09-07,UNIONBANK.NS,Union Bank of India,Public,37.85464859008789
2022-09-08,UNIONBANK.NS,Union Bank of India,Public,38.47449493408203
2022-09-09,UNIONBANK.NS,Union Bank of India,Public,38.60731506347656
2022-09-12,UNIONBANK.NS,Union Bank of India,Public,39.97982406616211
2022-09-13,UNIONBANK.NS,Union Bank of India,Public,40.86531066894531
2022-09-14,UNIONBANK.NS,Union Bank of India,Public,40.73248291015625
2022-09-15,UNIONBANK.NS,Union Bank of India,Public,41.13095474243164
2022-09-16,UNIONBANK.NS,Union Bank of India,Public,40.953857421875
2022-09-19,UNIONBANK.NS,Union Bank of India,Public,41.617977142333984
2022-09-20,UNIONBANK.NS,Union Bank of India,Public,41.927894592285156
2022-09-21,UNIONBANK.NS,Union Bank of India,Public,41.13095474243164
2022-09-22,UNIONBANK.NS,Union Bank of India,Public,40.46683883666992
2022-09-23,UNIONBANK.NS,Union Bank of India,Public,39.09433364868164
2022-09-26,UNIONBANK.NS,Union Bank of India,Public,37.500450134277344
2022-09-27,UNIONBANK.NS,Union Bank of India,Public,38.12029266357422
2022-09-28,UNIONBANK.NS,Union Bank of India,Public,37.3233528137207
2022-09-29,UNIONBANK.NS,Union Bank of India,Public,38.651588439941406
2022-09-30,UNIONBANK.NS,Union Bank of India,Public,39.53708267211914
2022-10-03,UNIONBANK.NS,Union Bank of India,Public,38.20884704589844
2022-10-04,UNIONBANK.NS,Union Bank of India,Public,39.44853210449219
2022-10-06,UNIONBANK.NS,Union Bank of India,Public,39.62562561035156
2022-10-07,UNIONBANK.NS,Union Bank of India,Public,39.492801666259766
2022-10-10,UNIONBANK.NS,Union Bank of India,Public,38.872962951660156
2022-10-11,UNIONBANK.NS,Union Bank of India,Public,38.076019287109375
2022-10-12,UNIONBANK.NS,Union Bank of India,Public,38.7844123840332
2022-10-13,UNIONBANK.NS,Union Bank of India,Public,38.12029266357422
2022-10-14,UNIONBANK.NS,Union Bank of India,Public,38.16456604003906
2022-10-17,UNIONBANK.NS,Union Bank of India,Public,38.917236328125
2022-10-18,UNIONBANK.NS,Union Bank of India,Public,40.68821334838867
2022-10-19,UNIONBANK.NS,Union Bank of India,Public,40.90958786010742
2022-10-20,UNIONBANK.NS,Union Bank of India,Public,41.839351654052734
2022-10-21,UNIONBANK.NS,Union Bank of India,Public,43.52177810668945
2022-10-24,UNIONBANK.NS,Union Bank of India,Public,43.256126403808594
2022-10-25,UNIONBANK.NS,Union Bank of India,Public,45.735504150390625
2022-10-27,UNIONBANK.NS,Union Bank of India,Public,46.84236526489258
2022-10-28,UNIONBANK.NS,Union Bank of India,Public,47.5064811706543
2022-10-31,UNIONBANK.NS,Union Bank of India,Public,47.727848052978516
2022-11-01,UNIONBANK.NS,Union Bank of India,Public,46.57671356201172
2022-11-02,UNIONBANK.NS,Union Bank of India,Public,45.956871032714844
2022-11-03,UNIONBANK.NS,Union Bank of India,Public,47.727848052978516
2022-11-04,UNIONBANK.NS,Union Bank of India,Public,48.92325973510742
2022-11-07,UNIONBANK.NS,Union Bank of India,Public,51.84537124633789
2022-11-09,UNIONBANK.NS,Union Bank of India,Public,56.7155647277832
2022-11-10,UNIONBANK.NS,Union Bank of India,Public,59.19492721557617
2022-11-11,UNIONBANK.NS,Union Bank of India,Public,59.19492721557617
2022-11-14,UNIONBANK.NS,Union Bank of India,Public,57.33540725708008
2022-11-15,UNIONBANK.NS,Union Bank of India,Public,55.87434387207031
2022-11-16,UNIONBANK.NS,Union Bank of India,Public,58.486541748046875
2022-11-17,UNIONBANK.NS,Union Bank of India,Public,62.20560073852539
2022-11-18,UNIONBANK.NS,Union Bank of India,Public,65.43762969970703
2022-11-21,UNIONBANK.NS,Union Bank of India,Public,67.42997741699219
2022-11-22,UNIONBANK.NS,Union Bank of India,Public,67.9612808227539
2022-11-23,UNIONBANK.NS,Union Bank of India,Public,67.12005615234375
2022-11-24,UNIONBANK.NS,Union Bank of India,Public,69.59941864013672
2022-11-25,UNIONBANK.NS,Union Bank of India,Public,67.7398910522461
2022-11-28,UNIONBANK.NS,Union Bank of India,Public,70.35208892822266
2022-11-29,UNIONBANK.NS,Union Bank of India,Public,72.78718566894531
2022-11-30,UNIONBANK.NS,Union Bank of India,Public,72.3001708984375
2022-12-01,UNIONBANK.NS,Union Bank of India,Public,72.16734313964844
2022-12-02,UNIONBANK.NS,Union Bank of India,Public,72.65436553955078
2022-12-05,UNIONBANK.NS,Union Bank of India,Public,73.40702819824219
2022-12-06,UNIONBANK.NS,Union Bank of India,Public,78.05584716796875
2022-12-07,UNIONBANK.NS,Union Bank of India,Public,76.816162109375
2022-12-08,UNIONBANK.NS,Union Bank of India,Public,78.36576843261719
2022-12-09,UNIONBANK.NS,Union Bank of India,Public,74.11540985107422
2022-12-12,UNIONBANK.NS,Union Bank of India,Public,77.5688247680664
2022-12-13,UNIONBANK.NS,Union Bank of India,Public,83.01457977294922
2022-12-14,UNIONBANK.NS,Union Bank of India,Public,83.50160217285156
2022-12-15,UNIONBANK.NS,Union Bank of India,Public,79.73827362060547
2022-12-16,UNIONBANK.NS,Union Bank of India,Public,75.00090026855469
2022-12-19,UNIONBANK.NS,Union Bank of India,Public,75.3551025390625
2022-12-20,UNIONBANK.NS,Union Bank of India,Public,74.24824523925781
2022-12-21,UNIONBANK.NS,Union Bank of India,Public,71.90168762207031
2022-12-22,UNIONBANK.NS,Union Bank of India,Public,67.42997741699219
2022-12-23,UNIONBANK.NS,Union Bank of India,Public,59.81477355957031
2022-12-26,UNIONBANK.NS,Union Bank of India,Public,71.06047821044922
2022-12-27,UNIONBANK.NS,Union Bank of India,Public,73.27420043945312
2022-12-28,UNIONBANK.NS,Union Bank of India,Public,70.30781555175781
2022-12-29,UNIONBANK.NS,Union Bank of India,Public,69.06813049316406
2022-12-30,UNIONBANK.NS,Union Bank of India,Public,71.19330596923828
2023-01-02,UNIONBANK.NS,Union Bank of India,Public,72.07879638671875
2023-01-03,UNIONBANK.NS,Union Bank of India,Public,72.83145904541016
2023-01-04,UNIONBANK.NS,Union Bank of India,Public,71.32612609863281
2023-01-05,UNIONBANK.NS,Union Bank of India,Public,71.37039947509766
2023-01-06,UNIONBANK.NS,Union Bank of India,Public,71.54750061035156
2023-01-09,UNIONBANK.NS,Union Bank of India,Public,71.72459411621094
2023-01-10,UNIONBANK.NS,Union Bank of India,Public,70.04216766357422
2023-01-11,UNIONBANK.NS,Union Bank of India,Public,69.46659851074219
2023-01-12,UNIONBANK.NS,Union Bank of India,Public,69.11241149902344
2023-01-13,UNIONBANK.NS,Union Bank of India,Public,69.73224639892578
2023-01-16,UNIONBANK.NS,Union Bank of India,Public,73.4512939453125
2023-01-17,UNIONBANK.NS,Union Bank of India,Public,72.1230697631836
2023-01-18,UNIONBANK.NS,Union Bank of India,Public,71.94597625732422
2023-01-19,UNIONBANK.NS,Union Bank of India,Public,72.25588989257812
2023-01-20,UNIONBANK.NS,Union Bank of India,Public,71.94597625732422
2023-01-23,UNIONBANK.NS,Union Bank of India,Public,72.16734313964844
2023-01-24,UNIONBANK.NS,Union Bank of India,Public,71.4146728515625
2023-01-25,UNIONBANK.NS,Union Bank of India,Public,69.42232513427734
2023-01-27,UNIONBANK.NS,Union Bank of India,Public,66.3231201171875
2023-01-30,UNIONBANK.NS,Union Bank of India,Public,66.45594024658203
2023-01-31,UNIONBANK.NS,Union Bank of India,Public,69.51087951660156
2023-02-01,UNIONBANK.NS,Union Bank of India,Public,65.48189544677734
2023-02-02,UNIONBANK.NS,Union Bank of India,Public,64.99488830566406
2023-02-03,UNIONBANK.NS,Union Bank of India,Public,65.43762969970703
2023-02-06,UNIONBANK.NS,Union Bank of India,Public,65.52617645263672
2023-02-07,UNIONBANK.NS,Union Bank of India,Public,64.862060546875
2023-02-08,UNIONBANK.NS,Union Bank of India,Public,64.37503814697266
2023-02-09,UNIONBANK.NS,Union Bank of India,Public,64.24222564697266
2023-02-10,UNIONBANK.NS,Union Bank of India,Public,65.12770080566406
2023-02-13,UNIONBANK.NS,Union Bank of India,Public,63.31245422363281
2023-02-14,UNIONBANK.NS,Union Bank of India,Public,63.578102111816406
2023-02-15,UNIONBANK.NS,Union Bank of India,Public,63.93229293823242
2023-02-16,UNIONBANK.NS,Union Bank of India,Public,63.97657012939453
2023-02-17,UNIONBANK.NS,Union Bank of India,Public,62.781166076660156
2023-02-20,UNIONBANK.NS,Union Bank of India,Public,62.33841323852539
2023-02-21,UNIONBANK.NS,Union Bank of India,Public,61.585750579833984
2023-02-22,UNIONBANK.NS,Union Bank of India,Public,59.859039306640625
2023-02-23,UNIONBANK.NS,Union Bank of India,Public,60.2132453918457
2023-02-24,UNIONBANK.NS,Union Bank of India,Public,59.19492721557617
2023-02-27,UNIONBANK.NS,Union Bank of India,Public,58.84073257446289
2023-02-28,UNIONBANK.NS,Union Bank of India,Public,59.54912185668945
2023-03-01,UNIONBANK.NS,Union Bank of India,Public,59.59340286254883
2023-03-02,UNIONBANK.NS,Union Bank of India,Public,59.19492721557617
2023-03-03,UNIONBANK.NS,Union Bank of India,Public,64.10939025878906
2023-03-06,UNIONBANK.NS,Union Bank of India,Public,63.93229293823242
2023-03-08,UNIONBANK.NS,Union Bank of India,Public,64.99488830566406
2023-03-09,UNIONBANK.NS,Union Bank of India,Public,63.97657012939453
2023-03-10,UNIONBANK.NS,Union Bank of India,Public,62.47124099731445
2023-03-13,UNIONBANK.NS,Union Bank of India,Public,61.320098876953125
2023-03-14,UNIONBANK.NS,Union Bank of India,Public,58.619361877441406
2023-03-15,UNIONBANK.NS,Union Bank of India,Public,58.08806610107422
2023-03-16,UNIONBANK.NS,Union Bank of India,Public,57.11402893066406
2023-03-17,UNIONBANK.NS,Union Bank of India,Public,57.37968444824219
2023-03-20,UNIONBANK.NS,Union Bank of India,Public,56.22854232788086
2023-03-21,UNIONBANK.NS,Union Bank of India,Public,57.51249694824219
2023-03-22,UNIONBANK.NS,Union Bank of India,Public,58.26517105102539
2023-03-23,UNIONBANK.NS,Union Bank of India,Public,57.24685287475586
2023-03-24,UNIONBANK.NS,Union Bank of India,Public,56.13999557495117
2023-03-27,UNIONBANK.NS,Union Bank of India,Public,54.944583892822266
2023-03-28,UNIONBANK.NS,Union Bank of India,Public,54.546112060546875
2023-03-29,UNIONBANK.NS,Union Bank of India,Public,58.79646301269531
2023-03-31,UNIONBANK.NS,Union Bank of India,Public,58.92928695678711
2023-04-03,UNIONBANK.NS,Union Bank of India,Public,59.99186706542969
2023-04-05,UNIONBANK.NS,Union Bank of India,Public,59.59340286254883
2023-04-06,UNIONBANK.NS,Union Bank of India,Public,59.372032165527344
2023-04-10,UNIONBANK.NS,Union Bank of India,Public,58.97355651855469
2023-04-11,UNIONBANK.NS,Union Bank of India,Public,60.346065521240234
2023-04-12,UNIONBANK.NS,Union Bank of India,Public,59.859039306640625
2023-04-13,UNIONBANK.NS,Union Bank of India,Public,61.718570709228516
2023-04-17,UNIONBANK.NS,Union Bank of India,Public,64.64067840576172
2023-04-18,UNIONBANK.NS,Union Bank of India,Public,65.08343505859375
2023-04-19,UNIONBANK.NS,Union Bank of India,Public,64.24222564697266
2023-04-20,UNIONBANK.NS,Union Bank of India,Public,64.06511688232422
2023-04-21,UNIONBANK.NS,Union Bank of India,Public,63.13535690307617
2023-04-24,UNIONBANK.NS,Union Bank of India,Public,65.12770080566406
2023-04-25,UNIONBANK.NS,Union Bank of India,Public,65.39334869384766
2023-04-26,UNIONBANK.NS,Union Bank of India,Public,66.3231201171875
2023-04-27,UNIONBANK.NS,Union Bank of India,Public,65.7032699584961
2023-04-28,UNIONBANK.NS,Union Bank of India,Public,67.1643295288086
2023-05-02,UNIONBANK.NS,Union Bank of India,Public,67.7398910522461
2023-05-03,UNIONBANK.NS,Union Bank of India,Public,67.07577514648438
2023-05-04,UNIONBANK.NS,Union Bank of India,Public,68.53683471679688
2023-05-05,UNIONBANK.NS,Union Bank of India,Public,67.65135192871094
2023-05-08,UNIONBANK.NS,Union Bank of India,Public,65.43762969970703
2023-05-09,UNIONBANK.NS,Union Bank of India,Public,63.84375
2023-05-10,UNIONBANK.NS,Union Bank of India,Public,62.33841323852539
2023-05-11,UNIONBANK.NS,Union Bank of India,Public,62.3826904296875
2023-05-12,UNIONBANK.NS,Union Bank of India,Public,63.2681770324707
2023-05-15,UNIONBANK.NS,Union Bank of India,Public,62.648338317871094
2023-05-16,UNIONBANK.NS,Union Bank of India,Public,63.401004791259766
2023-05-17,UNIONBANK.NS,Union Bank of India,Public,62.781166076660156
2023-05-18,UNIONBANK.NS,Union Bank of India,Public,62.11704635620117
2023-05-19,UNIONBANK.NS,Union Bank of India,Public,61.40864944458008
2023-05-22,UNIONBANK.NS,Union Bank of India,Public,62.02850341796875
2023-05-23,UNIONBANK.NS,Union Bank of India,Public,61.718570709228516
2023-05-24,UNIONBANK.NS,Union Bank of India,Public,61.0544548034668
2023-05-25,UNIONBANK.NS,Union Bank of India,Public,61.3643798828125
2023-05-26,UNIONBANK.NS,Union Bank of India,Public,61.98421859741211
2023-05-29,UNIONBANK.NS,Union Bank of India,Public,62.24987030029297
2023-05-30,UNIONBANK.NS,Union Bank of India,Public,62.33841323852539
2023-05-31,UNIONBANK.NS,Union Bank of India,Public,62.958255767822266
2023-06-01,UNIONBANK.NS,Union Bank of India,Public,64.0208511352539
2023-06-02,UNIONBANK.NS,Union Bank of India,Public,64.41931915283203
2023-06-05,UNIONBANK.NS,Union Bank of India,Public,64.28649139404297
2023-06-06,UNIONBANK.NS,Union Bank of India,Public,63.88802719116211
2023-06-07,UNIONBANK.NS,Union Bank of India,Public,64.06511688232422
2023-06-08,UNIONBANK.NS,Union Bank of India,Public,63.5338249206543
2023-06-09,UNIONBANK.NS,Union Bank of India,Public,63.5338249206543
2023-06-12,UNIONBANK.NS,Union Bank of India,Public,63.48954391479492
2023-06-13,UNIONBANK.NS,Union Bank of India,Public,63.97657012939453
2023-06-14,UNIONBANK.NS,Union Bank of India,Public,63.75519943237305
2023-06-15,UNIONBANK.NS,Union Bank of India,Public,62.20560073852539
2023-06-16,UNIONBANK.NS,Union Bank of India,Public,62.958255767822266
2023-06-19,UNIONBANK.NS,Union Bank of India,Public,63.31245422363281
2023-06-20,UNIONBANK.NS,Union Bank of India,Public,62.73688888549805
2023-06-21,UNIONBANK.NS,Union Bank of India,Public,62.73688888549805
2023-06-22,UNIONBANK.NS,Union Bank of India,Public,62.07276916503906
2023-06-23,UNIONBANK.NS,Union Bank of India,Public,61.0544548034668
2023-06-26,UNIONBANK.NS,Union Bank of India,Public,60.78881072998047
2023-06-27,UNIONBANK.NS,Union Bank of India,Public,62.3826904296875
2023-06-28,UNIONBANK.NS,Union Bank of India,Public,62.60405349731445
2023-06-30,UNIONBANK.NS,Union Bank of India,Public,63.97657012939453
2023-07-03,UNIONBANK.NS,Union Bank of India,Public,66.3231201171875
2023-07-04,UNIONBANK.NS,Union Bank of India,Public,67.47425079345703
2023-07-05,UNIONBANK.NS,Union Bank of India,Public,68.75820922851562
2023-07-06,UNIONBANK.NS,Union Bank of India,Public,70.57345581054688
2023-07-07,UNIONBANK.NS,Union Bank of India,Public,70.839111328125
2023-07-10,UNIONBANK.NS,Union Bank of India,Public,71.72459411621094
2023-07-11,UNIONBANK.NS,Union Bank of India,Public,71.857421875
2023-07-12,UNIONBANK.NS,Union Bank of India,Public,72.87574005126953
2023-07-13,UNIONBANK.NS,Union Bank of India,Public,71.5917739868164
2023-07-14,UNIONBANK.NS,Union Bank of India,Public,71.76888275146484
2023-07-17,UNIONBANK.NS,Union Bank of India,Public,73.49557495117188
2023-07-18,UNIONBANK.NS,Union Bank of India,Public,73.49557495117188
2023-07-19,UNIONBANK.NS,Union Bank of India,Public,75.31082916259766
2023-07-20,UNIONBANK.NS,Union Bank of India,Public,76.94898986816406
2023-07-21,UNIONBANK.NS,Union Bank of India,Public,80.00392150878906
2023-07-24,UNIONBANK.NS,Union Bank of India,Public,78.49858856201172
2023-07-25,UNIONBANK.NS,Union Bank of India,Public,77.92301940917969
2023-07-26,UNIONBANK.NS,Union Bank of India,Public,80.57948303222656
2023-07-27,UNIONBANK.NS,Union Bank of India,Public,81.55352783203125
2023-07-28,UNIONBANK.NS,Union Bank of India,Public,82.42306518554688
2023-07-31,UNIONBANK.NS,Union Bank of India,Public,81.46199035644531
2023-08-01,UNIONBANK.NS,Union Bank of India,Public,82.14846801757812
2023-08-02,UNIONBANK.NS,Union Bank of India,Public,80.40938568115234
2023-08-03,UNIONBANK.NS,Union Bank of India,Public,79.90597534179688
2023-08-04,UNIONBANK.NS,Union Bank of India,Public,80.68399047851562
2023-08-07,UNIONBANK.NS,Union Bank of India,Public,78.99068450927734
2023-08-08,UNIONBANK.NS,Union Bank of India,Public,82.46882629394531
2023-08-09,UNIONBANK.NS,Union Bank of India,Public,83.3841323852539
2023-08-10,UNIONBANK.NS,Union Bank of India,Public,82.23999786376953
2023-08-11,UNIONBANK.NS,Union Bank of India,Public,83.65872192382812
2023-08-14,UNIONBANK.NS,Union Bank of India,Public,84.39096069335938
2023-08-16,UNIONBANK.NS,Union Bank of India,Public,85.90121459960938
2023-08-17,UNIONBANK.NS,Union Bank of India,Public,86.49615478515625
2023-08-18,UNIONBANK.NS,Union Bank of India,Public,86.49615478515625
2023-08-21,UNIONBANK.NS,Union Bank of India,Public,84.02484130859375
2023-08-22,UNIONBANK.NS,Union Bank of India,Public,82.3772964477539
2023-08-23,UNIONBANK.NS,Union Bank of India,Public,84.57402801513672
2023-08-24,UNIONBANK.NS,Union Bank of India,Public,83.56719207763672
2023-08-25,UNIONBANK.NS,Union Bank of India,Public,81.91964721679688
2023-08-28,UNIONBANK.NS,Union Bank of India,Public,84.25367736816406
2023-08-29,UNIONBANK.NS,Union Bank of India,Public,78.94491577148438
2023-08-30,UNIONBANK.NS,Union Bank of India,Public,79.58561706542969
2023-08-31,UNIONBANK.NS,Union Bank of India,Public,78.62454986572266
2023-09-01,UNIONBANK.NS,Union Bank of India,Public,78.8076171875
2023-09-04,UNIONBANK.NS,Union Bank of India,Public,80.63822174072266
2023-09-05,UNIONBANK.NS,Union Bank of India,Public,82.23999786376953
2023-09-06,UNIONBANK.NS,Union Bank of India,Public,80.54669189453125
2023-09-07,UNIONBANK.NS,Union Bank of India,Public,81.23316192626953
2023-09-08,UNIONBANK.NS,Union Bank of India,Public,80.63822174072266
2023-09-11,UNIONBANK.NS,Union Bank of India,Public,82.14846801757812
2023-09-12,UNIONBANK.NS,Union Bank of India,Public,80.18057250976562
2023-09-13,UNIONBANK.NS,Union Bank of India,Public,82.83494567871094
2023-09-14,UNIONBANK.NS,Union Bank of India,Public,86.49615478515625
2023-09-15,UNIONBANK.NS,Union Bank of India,Public,87.96064758300781
2023-09-18,UNIONBANK.NS,Union Bank of India,Public,90.52349853515625
2023-09-20,UNIONBANK.NS,Union Bank of India,Public,91.1642074584961
2023-09-21,UNIONBANK.NS,Union Bank of India,Public,88.23523712158203
2023-09-22,UNIONBANK.NS,Union Bank of India,Public,93.2236328125
2023-09-25,UNIONBANK.NS,Union Bank of India,Public,93.40670776367188
2023-09-26,UNIONBANK.NS,Union Bank of India,Public,91.2557373046875
2023-09-27,UNIONBANK.NS,Union Bank of India,Public,93.72705841064453
2023-09-28,UNIONBANK.NS,Union Bank of India,Public,93.81858825683594
2023-09-29,UNIONBANK.NS,Union Bank of India,Public,97.29674530029297
2023-10-03,UNIONBANK.NS,Union Bank of India,Public,102.60550689697266
2023-10-04,UNIONBANK.NS,Union Bank of India,Public,99.26464080810547
2023-10-05,UNIONBANK.NS,Union Bank of India,Public,96.56449127197266
2023-10-06,UNIONBANK.NS,Union Bank of India,Public,96.38143920898438
2023-10-09,UNIONBANK.NS,Union Bank of India,Public,90.93537902832031
2023-10-10,UNIONBANK.NS,Union Bank of India,Public,95.32884216308594
2023-10-11,UNIONBANK.NS,Union Bank of India,Public,95.28307342529297
2023-10-12,UNIONBANK.NS,Union Bank of India,Public,95.00848388671875
2023-10-13,UNIONBANK.NS,Union Bank of India,Public,94.18470764160156
2023-10-16,UNIONBANK.NS,Union Bank of India,Public,96.1526107788086
2023-10-17,UNIONBANK.NS,Union Bank of India,Public,96.42720031738281
2023-10-18,UNIONBANK.NS,Union Bank of India,Public,93.49822998046875
2023-10-19,UNIONBANK.NS,Union Bank of India,Public,93.81858825683594
2023-10-20,UNIONBANK.NS,Union Bank of India,Public,92.58293914794922
2023-10-23,UNIONBANK.NS,Union Bank of India,Public,86.95381164550781
2023-10-25,UNIONBANK.NS,Union Bank of India,Public,87.04534149169922
2023-10-26,UNIONBANK.NS,Union Bank of India,Public,86.72498321533203
2023-10-27,UNIONBANK.NS,Union Bank of India,Public,91.43879699707031
2023-10-30,UNIONBANK.NS,Union Bank of India,Public,91.2557373046875
2023-10-31,UNIONBANK.NS,Union Bank of India,Public,92.99481201171875
2023-11-01,UNIONBANK.NS,Union Bank of India,Public,94.50506591796875
2023-11-02,UNIONBANK.NS,Union Bank of India,Public,96.88485717773438
2023-11-03,UNIONBANK.NS,Union Bank of India,Public,95.64920043945312
2023-11-06,UNIONBANK.NS,Union Bank of India,Public,95.05424499511719
2023-11-07,UNIONBANK.NS,Union Bank of India,Public,95.96955108642578
2023-11-08,UNIONBANK.NS,Union Bank of India,Public,95.14578247070312
2023-11-09,UNIONBANK.NS,Union Bank of India,Public,95.14578247070312
2023-11-10,UNIONBANK.NS,Union Bank of India,Public,95.19154357910156
2023-11-13,UNIONBANK.NS,Union Bank of India,Public,102.51396942138672
2023-11-15,UNIONBANK.NS,Union Bank of India,Public,103.06314849853516
2023-11-16,UNIONBANK.NS,Union Bank of India,Public,100.95795440673828
2023-11-17,UNIONBANK.NS,Union Bank of India,Public,99.44770812988281
2023-11-20,UNIONBANK.NS,Union Bank of India,Public,99.12734985351562
2023-11-21,UNIONBANK.NS,Union Bank of India,Public,100.22571563720703
2023-11-22,UNIONBANK.NS,Union Bank of India,Public,97.61709594726562
2023-11-23,UNIONBANK.NS,Union Bank of India,Public,97.11367797851562
2023-11-24,UNIONBANK.NS,Union Bank of India,Public,97.89168548583984
2023-11-28,UNIONBANK.NS,Union Bank of India,Public,99.03582000732422
2023-11-29,UNIONBANK.NS,Union Bank of India,Public,100.95795440673828
2023-11-30,UNIONBANK.NS,Union Bank of India,Public,98.71546173095703
2023-12-01,UNIONBANK.NS,Union Bank of India,Public,99.58500671386719
2023-12-04,UNIONBANK.NS,Union Bank of India,Public,104.52763366699219
2023-12-05,UNIONBANK.NS,Union Bank of India,Public,104.89375305175781
2023-12-06,UNIONBANK.NS,Union Bank of India,Public,107.27354431152344
2023-12-07,UNIONBANK.NS,Union Bank of India,Public,106.724365234375
2023-12-08,UNIONBANK.NS,Union Bank of India,Public,107.227783203125
2023-12-11,UNIONBANK.NS,Union Bank of India,Public,110.01945495605469
2023-12-12,UNIONBANK.NS,Union Bank of India,Public,112.2161865234375
2023-12-13,UNIONBANK.NS,Union Bank of India,Public,111.48394012451172
2023-12-14,UNIONBANK.NS,Union Bank of India,Public,113.17725372314453
2023-12-15,UNIONBANK.NS,Union Bank of India,Public,117.43341827392578
2023-12-18,UNIONBANK.NS,Union Bank of India,Public,112.67383575439453
2023-12-19,UNIONBANK.NS,Union Bank of India,Public,111.89582061767578
2023-12-20,UNIONBANK.NS,Union Bank of India,Public,106.58706665039062
2023-12-21,UNIONBANK.NS,Union Bank of India,Public,108.50920867919922
2023-12-22,UNIONBANK.NS,Union Bank of India,Public,108.234619140625
2023-12-26,UNIONBANK.NS,Union Bank of India,Public,107.227783203125
2023-12-27,UNIONBANK.NS,Union Bank of India,Public,108.96685791015625
2023-12-28,UNIONBANK.NS,Union Bank of India,Public,107.8227310180664
2023-12-29,UNIONBANK.NS,Union Bank of India,Public,109.01261901855469
2024-01-01,UNIONBANK.NS,Union Bank of India,Public,110.52287292480469
2024-01-02,UNIONBANK.NS,Union Bank of India,Public,110.66017150878906
2024-01-03,UNIONBANK.NS,Union Bank of India,Public,112.6280746459961
2024-01-04,UNIONBANK.NS,Union Bank of India,Public,113.54338073730469
2024-01-05,UNIONBANK.NS,Union Bank of India,Public,113.63490295410156
2024-01-08,UNIONBANK.NS,Union Bank of India,Public,112.17042541503906
2024-01-09,UNIONBANK.NS,Union Bank of India,Public,112.44500732421875
2024-01-10,UNIONBANK.NS,Union Bank of India,Public,112.94842529296875
2024-01-11,UNIONBANK.NS,Union Bank of India,Public,113.90949249267578
2024-01-12,UNIONBANK.NS,Union Bank of India,Public,120.0877914428711
2024-01-15,UNIONBANK.NS,Union Bank of India,Public,122.74217224121094
2024-01-16,UNIONBANK.NS,Union Bank of India,Public,124.43547821044922
2024-01-17,UNIONBANK.NS,Union Bank of India,Public,120.77426147460938
2024-01-18,UNIONBANK.NS,Union Bank of India,Public,121.6895751953125
2024-01-19,UNIONBANK.NS,Union Bank of India,Public,124.38970947265625
2024-01-23,UNIONBANK.NS,Union Bank of India,Public,128.09669494628906
2024-01-24,UNIONBANK.NS,Union Bank of India,Public,130.75106811523438
2024-01-25,UNIONBANK.NS,Union Bank of India,Public,128.46282958984375
2024-01-29,UNIONBANK.NS,Union Bank of India,Public,130.06460571289062
2024-01-30,UNIONBANK.NS,Union Bank of India,Public,129.05776977539062
2024-01-31,UNIONBANK.NS,Union Bank of India,Public,128.00515747070312
2024-02-01,UNIONBANK.NS,Union Bank of India,Public,132.35287475585938
2024-02-02,UNIONBANK.NS,Union Bank of India,Public,136.19712829589844
2024-02-05,UNIONBANK.NS,Union Bank of India,Public,134.3207550048828
2024-02-06,UNIONBANK.NS,Union Bank of India,Public,132.67320251464844
2024-02-07,UNIONBANK.NS,Union Bank of India,Public,134.22921752929688
2024-02-08,UNIONBANK.NS,Union Bank of India,Public,136.7920684814453
2024-02-09,UNIONBANK.NS,Union Bank of India,Public,136.24290466308594
2024-02-12,UNIONBANK.NS,Union Bank of India,Public,127.91364288330078
2024-02-13,UNIONBANK.NS,Union Bank of India,Public,124.6185302734375
2024-02-14,UNIONBANK.NS,Union Bank of India,Public,127.27291870117188
2024-02-15,UNIONBANK.NS,Union Bank of India,Public,133.40545654296875
2024-02-16,UNIONBANK.NS,Union Bank of India,Public,132.4443817138672
2024-02-19,UNIONBANK.NS,Union Bank of India,Public,129.19505310058594
2024-02-20,UNIONBANK.NS,Union Bank of India,Public,129.14930725097656
2024-02-21,UNIONBANK.NS,Union Bank of India,Public,132.81051635742188
2024-02-22,UNIONBANK.NS,Union Bank of India,Public,134.8241729736328
2024-02-23,UNIONBANK.NS,Union Bank of India,Public,133.54275512695312
2024-02-26,UNIONBANK.NS,Union Bank of India,Public,134.68687438964844
2024-02-27,UNIONBANK.NS,Union Bank of India,Public,133.72581481933594
2024-02-28,UNIONBANK.NS,Union Bank of India,Public,128.92047119140625
2024-02-29,UNIONBANK.NS,Union Bank of India,Public,133.90887451171875
2024-03-01,UNIONBANK.NS,Union Bank of India,Public,134.27499389648438
2024-03-04,UNIONBANK.NS,Union Bank of India,Public,136.24290466308594
2024-03-05,UNIONBANK.NS,Union Bank of India,Public,144.52638244628906
2024-03-06,UNIONBANK.NS,Union Bank of India,Public,141.8720245361328
2024-03-07,UNIONBANK.NS,Union Bank of India,Public,144.02297973632812
2024-03-11,UNIONBANK.NS,Union Bank of India,Public,140.72789001464844
2024-03-12,UNIONBANK.NS,Union Bank of India,Public,137.66160583496094
2024-03-13,UNIONBANK.NS,Union Bank of India,Public,129.56118774414062
2024-03-14,UNIONBANK.NS,Union Bank of India,Public,131.48330688476562
2024-03-15,UNIONBANK.NS,Union Bank of India,Public,135.4648895263672
2024-03-18,UNIONBANK.NS,Union Bank of India,Public,140.2702178955078
2024-03-19,UNIONBANK.NS,Union Bank of India,Public,136.51748657226562
2024-03-20,UNIONBANK.NS,Union Bank of India,Public,132.3986053466797
2024-03-21,UNIONBANK.NS,Union Bank of India,Public,134.36654663085938
2024-03-22,UNIONBANK.NS,Union Bank of India,Public,135.55642700195312
2024-03-26,UNIONBANK.NS,Union Bank of India,Public,137.2954864501953
2024-03-27,UNIONBANK.NS,Union Bank of India,Public,138.3938446044922
2024-03-28,UNIONBANK.NS,Union Bank of India,Public,140.4990692138672
2024-04-01,UNIONBANK.NS,Union Bank of India,Public,143.4738006591797
2024-04-02,UNIONBANK.NS,Union Bank of India,Public,143.51954650878906
2024-04-03,UNIONBANK.NS,Union Bank of India,Public,144.16026306152344
2024-04-04,UNIONBANK.NS,Union Bank of India,Public,145.62477111816406
2024-04-05,UNIONBANK.NS,Union Bank of India,Public,146.631591796875
2024-04-08,UNIONBANK.NS,Union Bank of India,Public,141.8720245361328
2024-04-09,UNIONBANK.NS,Union Bank of India,Public,138.6226806640625
2024-04-10,UNIONBANK.NS,Union Bank of India,Public,138.1192626953125
2024-04-12,UNIONBANK.NS,Union Bank of India,Public,136.56324768066406
2024-04-15,UNIONBANK.NS,Union Bank of India,Public,132.99356079101562
2024-04-16,UNIONBANK.NS,Union Bank of India,Public,131.1171875
2024-04-18,UNIONBANK.NS,Union Bank of India,Public,130.4764862060547
2024-04-19,UNIONBANK.NS,Union Bank of India,Public,128.78317260742188
2024-04-22,UNIONBANK.NS,Union Bank of India,Public,137.84469604492188
2024-04-23,UNIONBANK.NS,Union Bank of India,Public,134.45803833007812
2024-04-24,UNIONBANK.NS,Union Bank of India,Public,134.64111328125
2024-04-25,UNIONBANK.NS,Union Bank of India,Public,137.2954864501953
2024-04-26,UNIONBANK.NS,Union Bank of India,Public,138.1192626953125
2024-04-29,UNIONBANK.NS,Union Bank of India,Public,143.4738006591797
2024-04-30,UNIONBANK.NS,Union Bank of India,Public,141.13975524902344
2024-05-02,UNIONBANK.NS,Union Bank of India,Public,141.55165100097656
2024-05-03,UNIONBANK.NS,Union Bank of India,Public,139.58375549316406
2024-05-06,UNIONBANK.NS,Union Bank of India,Public,135.1903076171875
2024-05-07,UNIONBANK.NS,Union Bank of India,Public,129.79000854492188
2024-05-08,UNIONBANK.NS,Union Bank of India,Public,131.89520263671875
2024-05-09,UNIONBANK.NS,Union Bank of India,Public,130.06460571289062
2024-05-10,UNIONBANK.NS,Union Bank of India,Public,129.97308349609375
2024-05-13,UNIONBANK.NS,Union Bank of India,Public,124.84737396240234
2024-05-14,UNIONBANK.NS,Union Bank of India,Public,122.33028411865234
2024-05-15,UNIONBANK.NS,Union Bank of India,Public,127.18138885498047
2024-05-16,UNIONBANK.NS,Union Bank of India,Public,128.78317260742188
2024-05-17,UNIONBANK.NS,Union Bank of India,Public,127.36444091796875
2024-05-21,UNIONBANK.NS,Union Bank of India,Public,130.6595458984375
2024-05-22,UNIONBANK.NS,Union Bank of India,Public,135.64793395996094
2024-05-23,UNIONBANK.NS,Union Bank of India,Public,139.67527770996094
2024-05-24,UNIONBANK.NS,Union Bank of India,Public,143.24496459960938
2024-05-27,UNIONBANK.NS,Union Bank of India,Public,146.4485321044922
2024-05-28,UNIONBANK.NS,Union Bank of India,Public,144.52638244628906
2024-05-29,UNIONBANK.NS,Union Bank of India,Public,141.8720245361328
2024-05-30,UNIONBANK.NS,Union Bank of India,Public,139.67527770996094
2024-05-31,UNIONBANK.NS,Union Bank of India,Public,146.5858154296875
2024-06-03,UNIONBANK.NS,Union Bank of India,Public,155.6015625
2024-06-04,UNIONBANK.NS,Union Bank of India,Public,127.22716522216797
2024-06-05,UNIONBANK.NS,Union Bank of India,Public,129.01199340820312
2024-06-06,UNIONBANK.NS,Union Bank of India,Public,132.3070831298828
2024-06-07,UNIONBANK.NS,Union Bank of India,Public,134.04615783691406
2024-06-10,UNIONBANK.NS,Union Bank of India,Public,134.75096130371094
2024-06-11,UNIONBANK.NS,Union Bank of India,Public,133.90887451171875
2024-06-12,UNIONBANK.NS,Union Bank of India,Public,134.89739990234375
2024-06-13,UNIONBANK.NS,Union Bank of India,Public,133.8539581298828
2024-06-14,UNIONBANK.NS,Union Bank of India,Public,135.05299377441406
2024-06-18,UNIONBANK.NS,Union Bank of India,Public,134.59536743164062
2024-06-19,UNIONBANK.NS,Union Bank of India,Public,134.77841186523438
2024-06-20,UNIONBANK.NS,Union Bank of India,Public,133.55191040039062
2024-06-21,UNIONBANK.NS,Union Bank of India,Public,134.4946746826172
2024-06-24,UNIONBANK.NS,Union Bank of India,Public,129.5062713623047
2024-06-25,UNIONBANK.NS,Union Bank of India,Public,128.33468627929688
2024-06-26,UNIONBANK.NS,Union Bank of India,Public,128.57264709472656
2024-06-27,UNIONBANK.NS,Union Bank of India,Public,126.66880798339844
2024-06-28,UNIONBANK.NS,Union Bank of India,Public,125.11280822753906
2024-07-01,UNIONBANK.NS,Union Bank of India,Public,123.93206024169922
2024-07-02,UNIONBANK.NS,Union Bank of India,Public,122.75132751464844
2024-07-03,UNIONBANK.NS,Union Bank of India,Public,124.64599609375
2024-07-04,UNIONBANK.NS,Union Bank of India,Public,124.41717529296875
2024-07-05,UNIONBANK.NS,Union Bank of India,Public,124.2341079711914
2024-07-08,UNIONBANK.NS,Union Bank of India,Public,121.95501708984375
2024-07-09,UNIONBANK.NS,Union Bank of India,Public,127.94110870361328
2024-07-10,UNIONBANK.NS,Union Bank of India,Public,126.65050506591797
2024-07-11,UNIONBANK.NS,Union Bank of India,Public,125.19519805908203
2024-07-12,UNIONBANK.NS,Union Bank of India,Public,124.58192443847656
2024-07-15,UNIONBANK.NS,Union Bank of India,Public,127.39190673828125
2024-07-16,UNIONBANK.NS,Union Bank of India,Public,127.82210540771484
2024-07-18,UNIONBANK.NS,Union Bank of India,Public,127.95941162109375
2024-07-19,UNIONBANK.NS,Union Bank of India,Public,127.44266510009766
2024-07-22,UNIONBANK.NS,Union Bank of India,Public,127.93120574951172
2024-07-23,UNIONBANK.NS,Union Bank of India,Public,126.57833862304688
2024-07-24,UNIONBANK.NS,Union Bank of India,Public,126.38105773925781
2024-07-25,UNIONBANK.NS,Union Bank of India,Public,124.04170227050781
2024-07-26,UNIONBANK.NS,Union Bank of India,Public,124.83087921142578
2024-07-29,UNIONBANK.NS,Union Bank of India,Public,128.5794677734375
2024-07-30,UNIONBANK.NS,Union Bank of India,Public,126.73805236816406
2024-07-31,UNIONBANK.NS,Union Bank of India,Public,126.64410400390625
2024-08-01,UNIONBANK.NS,Union Bank of India,Public,127.0762710571289
2024-08-02,UNIONBANK.NS,Union Bank of India,Public,125.20668029785156
2024-08-05,UNIONBANK.NS,Union Bank of India,Public,118.12287902832031
2024-08-06,UNIONBANK.NS,Union Bank of India,Public,115.30438995361328
2024-08-07,UNIONBANK.NS,Union Bank of India,Public,114.77826690673828
2024-08-08,UNIONBANK.NS,Union Bank of India,Public,113.1153564453125
2024-08-09,UNIONBANK.NS,Union Bank of India,Public,115.57682800292969
2024-08-12,UNIONBANK.NS,Union Bank of India,Public,114.21456146240234
2024-08-13,UNIONBANK.NS,Union Bank of India,Public,112.1476821899414
2024-08-14,UNIONBANK.NS,Union Bank of India,Public,109.63921356201172
2024-08-16,UNIONBANK.NS,Union Bank of India,Public,110.41900634765625
2024-08-19,UNIONBANK.NS,Union Bank of India,Public,112.9180679321289
2024-08-20,UNIONBANK.NS,Union Bank of India,Public,117.9631576538086
2024-08-21,UNIONBANK.NS,Union Bank of India,Public,117.30551147460938
2024-08-22,UNIONBANK.NS,Union Bank of India,Public,119.95488739013672
2024-08-23,UNIONBANK.NS,Union Bank of India,Public,119.39118957519531
2024-08-26,UNIONBANK.NS,Union Bank of India,Public,117.0236587524414
2024-08-27,UNIONBANK.NS,Union Bank of India,Public,116.99547576904297
2024-08-28,UNIONBANK.NS,Union Bank of India,Public,115.87747192382812
2024-08-29,UNIONBANK.NS,Union Bank of India,Public,115.77413177490234
2024-08-30,UNIONBANK.NS,Union Bank of India,Public,114.1863784790039
2024-09-02,UNIONBANK.NS,Union Bank of India,Public,115.01313781738281
2024-09-03,UNIONBANK.NS,Union Bank of India,Public,115.12588500976562
2024-09-04,UNIONBANK.NS,Union Bank of India,Public,114.67491912841797
2024-09-05,UNIONBANK.NS,Union Bank of India,Public,115.53926086425781
2024-09-06,UNIONBANK.NS,Union Bank of India,Public,113.866943359375
2024-09-09,UNIONBANK.NS,Union Bank of India,Public,112.81471252441406
2024-09-10,UNIONBANK.NS,Union Bank of India,Public,113.84815979003906
2024-09-11,UNIONBANK.NS,Union Bank of India,Public,110.44718170166016
2024-09-12,UNIONBANK.NS,Union Bank of India,Public,111.05785369873047
2024-09-13,UNIONBANK.NS,Union Bank of India,Public,112.9180679321289
2024-09-16,UNIONBANK.NS,Union Bank of India,Public,115.75534057617188
2024-09-17,UNIONBANK.NS,Union Bank of India,Public,116.61967468261719
2024-09-18,UNIONBANK.NS,Union Bank of India,Public,115.54865264892578
2024-09-19,UNIONBANK.NS,Union Bank of India,Public,115.20104217529297
2024-09-20,UNIONBANK.NS,Union Bank of India,Public,115.96202850341797
2024-09-23,UNIONBANK.NS,Union Bank of India,Public,119.66365051269531
2024-09-24,UNIONBANK.NS,Union Bank of India,Public,119.59788513183594
2024-09-25,UNIONBANK.NS,Union Bank of India,Public,119.31603240966797
2024-09-26,UNIONBANK.NS,Union Bank of India,Public,119.27845001220703
2024-09-27,UNIONBANK.NS,Union Bank of India,Public,116.03719329833984
2024-09-30,UNIONBANK.NS,Union Bank of India,Public,115.34195709228516
2024-10-01,UNIONBANK.NS,Union Bank of India,Public,114.48702239990234
2024-10-03,UNIONBANK.NS,Union Bank of India,Public,111.78128051757812
2024-10-04,UNIONBANK.NS,Union Bank of India,Public,111.66853332519531
2024-10-07,UNIONBANK.NS,Union Bank of India,Public,107.1401596069336
2024-10-08,UNIONBANK.NS,Union Bank of India,Public,107.62870025634766
2024-10-09,UNIONBANK.NS,Union Bank of India,Public,107.85417938232422
2024-10-10,UNIONBANK.NS,Union Bank of India,Public,107.11197662353516
2024-10-11,UNIONBANK.NS,Union Bank of India,Public,107.21531677246094
2024-10-14,UNIONBANK.NS,Union Bank of India,Public,107.1495590209961
2024-10-15,UNIONBANK.NS,Union Bank of India,Public,106.34159088134766
2024-10-16,UNIONBANK.NS,Union Bank of India,Public,105.18600463867188
2024-10-17,UNIONBANK.NS,Union Bank of India,Public,104.78202056884766
2024-10-18,UNIONBANK.NS,Union Bank of India,Public,105.4302749633789
2024-10-21,UNIONBANK.NS,Union Bank of India,Public,104.90415954589844
2024-10-22,UNIONBANK.NS,Union Bank of India,Public,102.63057708740234
2024-10-23,UNIONBANK.NS,Union Bank of India,Public,102.73392486572266
2024-10-24,UNIONBANK.NS,Union Bank of India,Public,103.59825897216797
2024-10-25,UNIONBANK.NS,Union Bank of India,Public,101.69107818603516
2024-10-28,UNIONBANK.NS,Union Bank of India,Public,106.04095458984375
2024-10-29,UNIONBANK.NS,Union Bank of India,Public,108.91580963134766
2024-10-30,UNIONBANK.NS,Union Bank of India,Public,109.62042999267578
2024-10-31,UNIONBANK.NS,Union Bank of India,Public,110.08078002929688
2024-11-01,UNIONBANK.NS,Union Bank of India,Public,110.71963500976562
2024-11-04,UNIONBANK.NS,Union Bank of India,Public,108.95338439941406
2024-11-05,UNIONBANK.NS,Union Bank of India,Public,110.278076171875
2024-11-06,UNIONBANK.NS,Union Bank of India,Public,113.50054168701172
2024-11-07,UNIONBANK.NS,Union Bank of India,Public,112.8053207397461
2024-11-08,UNIONBANK.NS,Union Bank of India,Public,110.40960693359375
2024-11-11,UNIONBANK.NS,Union Bank of India,Public,111.94098663330078
2024-11-12,UNIONBANK.NS,Union Bank of India,Public,111.80006408691406
2024-11-13,UNIONBANK.NS,Union Bank of India,Public,108.66214752197266
2024-11-14,UNIONBANK.NS,Union Bank of India,Public,107.00862884521484
2024-11-18,UNIONBANK.NS,Union Bank of India,Public,108.211181640625
2024-11-19,UNIONBANK.NS,Union Bank of India,Public,109.00035858154297
2024-11-21,UNIONBANK.NS,Union Bank of India,Public,108.24876403808594
2024-11-22,UNIONBANK.NS,Union Bank of India,Public,108.07965087890625
2024-11-25,UNIONBANK.NS,Union Bank of India,Public,112.54226684570312
2024-11-26,UNIONBANK.NS,Union Bank of India,Public,114.05485534667969
2024-11-27,UNIONBANK.NS,Union Bank of India,Public,115.44529724121094
2024-11-28,UNIONBANK.NS,Union Bank of India,Public,114.32730865478516
2024-11-29,UNIONBANK.NS,Union Bank of India,Public,114.26154327392578
2024-12-02,UNIONBANK.NS,Union Bank of India,Public,112.48590087890625
2024-12-03,UNIONBANK.NS,Union Bank of India,Public,118.43290710449219
2024-12-04,UNIONBANK.NS,Union Bank of India,Public,120.56556701660156
2024-12-05,UNIONBANK.NS,Union Bank of India,Public,120.06763458251953
2024-12-06,UNIONBANK.NS,Union Bank of India,Public,121.1104736328125
2024-12-09,UNIONBANK.NS,Union Bank of India,Public,121.43929290771484
2024-12-10,UNIONBANK.NS,Union Bank of India,Public,121.64598083496094
2024-12-11,UNIONBANK.NS,Union Bank of India,Public,121.37352752685547
2024-12-12,UNIONBANK.NS,Union Bank of India,Public,121.08229064941406
2024-12-13,UNIONBANK.NS,Union Bank of India,Public,119.5509033203125
2024-12-16,UNIONBANK.NS,Union Bank of India,Public,121.10106658935547
2024-12-17,UNIONBANK.NS,Union Bank of India,Public,117.51219940185547
2024-12-18,UNIONBANK.NS,Union Bank of India,Public,115.4359130859375
2024-12-19,UNIONBANK.NS,Union Bank of India,Public,113.6790542602539
2024-12-20,UNIONBANK.NS,Union Bank of India,Public,109.7143783569336
2024-12-23,UNIONBANK.NS,Union Bank of India,Public,112.0349349975586
2024-12-24,UNIONBANK.NS,Union Bank of India,Public,111.0108871459961
2024-12-26,UNIONBANK.NS,Union Bank of India,Public,111.84703826904297
2024-12-27,UNIONBANK.NS,Union Bank of India,Public,110.73843383789062
2024-12-30,UNIONBANK.NS,Union Bank of India,Public,111.73429870605469
2024-12-31,UNIONBANK.NS,Union Bank of India,Public,113.08717346191406
2025-01-01,UNIONBANK.NS,Union Bank of India,Public,115.61441040039062
2025-01-02,UNIONBANK.NS,Union Bank of India,Public,114.06425476074219
2025-01-03,UNIONBANK.NS,Union Bank of India,Public,116.55390930175781
2025-01-06,UNIONBANK.NS,Union Bank of India,Public,107.77902221679688
2025-01-07,UNIONBANK.NS,Union Bank of India,Public,105.98457336425781
2025-01-08,UNIONBANK.NS,Union Bank of India,Public,104.3968276977539
2025-01-09,UNIONBANK.NS,Union Bank of India,Public,101.52197265625
2025-01-10,UNIONBANK.NS,Union Bank of India,Public,97.3506088256836
2025-01-13,UNIONBANK.NS,Union Bank of India,Public,95.1240005493164
2025-01-14,UNIONBANK.NS,Union Bank of India,Public,97.78277587890625
2025-01-15,UNIONBANK.NS,Union Bank of India,Public,99.67115783691406
2025-01-16,UNIONBANK.NS,Union Bank of India,Public,103.2788314819336
2025-01-17,UNIONBANK.NS,Union Bank of India,Public,102.12324523925781
2025-01-20,UNIONBANK.NS,Union Bank of India,Public,104.87596893310547
2025-01-21,UNIONBANK.NS,Union Bank of India,Public,102.90303039550781
2025-01-22,UNIONBANK.NS,Union Bank of India,Public,103.34458923339844
2025-01-23,UNIONBANK.NS,Union Bank of India,Public,103.062744140625
2025-01-24,UNIONBANK.NS,Union Bank of India,Public,100.8079605102539
2025-01-27,UNIONBANK.NS,Union Bank of India,Public,99.201416015625
2025-01-28,UNIONBANK.NS,Union Bank of India,Public,103.8801040649414
2025-01-29,UNIONBANK.NS,Union Bank of India,Public,105.73091888427734
2025-01-30,UNIONBANK.NS,Union Bank of India,Public,104.33106994628906
2025-01-31,UNIONBANK.NS,Union Bank of India,Public,108.50242614746094
2025-02-01,UNIONBANK.NS,Union Bank of India,Public,105.636962890625
2025-02-03,UNIONBANK.NS,Union Bank of India,Public,102.54602813720703
2025-02-04,UNIONBANK.NS,Union Bank of India,Public,106.98983764648438
2025-02-05,UNIONBANK.NS,Union Bank of India,Public,112.00675201416016
2025-02-06,UNIONBANK.NS,Union Bank of India,Public,112.1476821899414
2025-02-07,UNIONBANK.NS,Union Bank of India,Public,110.71963500976562
2025-02-10,UNIONBANK.NS,Union Bank of India,Public,107.9011459350586
2025-02-11,UNIONBANK.NS,Union Bank of India,Public,103.91769409179688
2025-02-12,UNIONBANK.NS,Union Bank of India,Public,108.0232925415039
2025-02-13,UNIONBANK.NS,Union Bank of India,Public,106.18186950683594
2025-02-14,UNIONBANK.NS,Union Bank of India,Public,102.81847381591797
2025-02-17,UNIONBANK.NS,Union Bank of India,Public,102.41449737548828
2025-02-18,UNIONBANK.NS,Union Bank of India,Public,103.09093475341797
2025-02-19,UNIONBANK.NS,Union Bank of India,Public,107.9669189453125
2025-02-20,UNIONBANK.NS,Union Bank of India,Public,109.99623107910156
2025-02-21,UNIONBANK.NS,Union Bank of India,Public,108.68093872070312
2025-02-24,UNIONBANK.NS,Union Bank of India,Public,110.20291900634766
2025-02-25,UNIONBANK.NS,Union Bank of India,Public,109.2540283203125
2025-02-27,UNIONBANK.NS,Union Bank of India,Public,108.1642074584961
2025-02-28,UNIONBANK.NS,Union Bank of India,Public,105.31753540039062
2025-03-03,UNIONBANK.NS,Union Bank of India,Public,102.47086334228516
2025-03-04,UNIONBANK.NS,Union Bank of India,Public,105.8530502319336
2025-03-05,UNIONBANK.NS,Union Bank of India,Public,108.95338439941406
2025-03-06,UNIONBANK.NS,Union Bank of India,Public,109.82711791992188
2025-03-07,UNIONBANK.NS,Union Bank of India,Public,110.65387725830078
2025-03-10,UNIONBANK.NS,Union Bank of India,Public,107.27169036865234
2025-03-11,UNIONBANK.NS,Union Bank of India,Public,107.9011459350586
2025-03-12,UNIONBANK.NS,Union Bank of India,Public,106.7267837524414
2025-03-13,UNIONBANK.NS,Union Bank of India,Public,106.82072448730469
2025-03-17,UNIONBANK.NS,Union Bank of India,Public,105.73091888427734
2025-03-18,UNIONBANK.NS,Union Bank of India,Public,105.73091888427734
2025-03-19,UNIONBANK.NS,Union Bank of India,Public,112.43891906738281
2025-03-20,UNIONBANK.NS,Union Bank of India,Public,111.97856903076172
2025-03-21,UNIONBANK.NS,Union Bank of India,Public,115.10708618164062
2025-03-24,UNIONBANK.NS,Union Bank of India,Public,119.74819946289062
2025-03-25,UNIONBANK.NS,Union Bank of India,Public,115.8962631225586
2025-03-26,UNIONBANK.NS,Union Bank of India,Public,112.93685150146484
2025-03-27,UNIONBANK.NS,Union Bank of India,Public,116.69483947753906
2025-03-28,UNIONBANK.NS,Union Bank of India,Public,118.54564666748047
2025-04-01,UNIONBANK.NS,Union Bank of India,Public,117.23035430908203
2025-04-02,UNIONBANK.NS,Union Bank of India,Public,119.60726928710938
2025-04-03,UNIONBANK.NS,Union Bank of India,Public,123.34646606445312
2025-04-04,UNIONBANK.NS,Union Bank of India,Public,114.72189331054688
2025-04-07,UNIONBANK.NS,Union Bank of India,Public,110.7947998046875
2025-04-08,UNIONBANK.NS,Union Bank of India,Public,113.52873229980469
2025-04-09,UNIONBANK.NS,Union Bank of India,Public,109.68619537353516
2025-04-11,UNIONBANK.NS,Union Bank of India,Public,110.70085144042969
2025-04-15,UNIONBANK.NS,Union Bank of India,Public,114.99435424804688
2025-04-16,UNIONBANK.NS,Union Bank of India,Public,119.560302734375
2025-04-17,UNIONBANK.NS,Union Bank of India,Public,118.93083190917969
2025-04-21,UNIONBANK.NS,Union Bank of India,Public,120.85680389404297
2025-04-22,UNIONBANK.NS,Union Bank of India,Public,120.18976593017578
2025-04-23,UNIONBANK.NS,Union Bank of India,Public,121.47687530517578
2025-04-24,UNIONBANK.NS,Union Bank of India,Public,120.74407196044922
2025-04-25,UNIONBANK.NS,Union Bank of India,Public,117.38067626953125
2025-04-28,UNIONBANK.NS,Union Bank of India,Public,120.77225494384766
2025-04-29,UNIONBANK.NS,Union Bank of India,Public,120.60313415527344
2025-04-30,UNIONBANK.NS,Union Bank of India,Public,118.16984558105469
2025-05-02,UNIONBANK.NS,Union Bank of India,Public,118.37653350830078
2025-05-05,UNIONBANK.NS,Union Bank of India,Public,118.5738296508789
2025-05-06,UNIONBANK.NS,Union Bank of India,Public,111.06725311279297
2025-05-07,UNIONBANK.NS,Union Bank of India,Public,111.30213165283203
2025-05-08,UNIONBANK.NS,Union Bank of India,Public,108.58698272705078
2025-05-09,UNIONBANK.NS,Union Bank of India,Public,115.46410369873047
2025-05-12,UNIONBANK.NS,Union Bank of India,Public,120.35887908935547
2025-05-13,UNIONBANK.NS,Union Bank of India,Public,122.85794067382812
2025-05-14,UNIONBANK.NS,Union Bank of India,Public,126.76622772216797
2025-05-15,UNIONBANK.NS,Union Bank of India,Public,124.17322540283203
2025-05-16,UNIONBANK.NS,Union Bank of India,Public,124.97179412841797
2025-05-19,UNIONBANK.NS,Union Bank of India,Public,128.6828155517578
2025-05-20,UNIONBANK.NS,Union Bank of India,Public,130.06387329101562
2025-05-21,UNIONBANK.NS,Union Bank of India,Public,131.0221710205078
2025-05-22,UNIONBANK.NS,Union Bank of India,Public,131.47311401367188
2025-05-23,UNIONBANK.NS,Union Bank of India,Public,131.93345642089844
2025-05-26,UNIONBANK.NS,Union Bank of India,Public,131.91468811035156
2025-05-27,UNIONBANK.NS,Union Bank of India,Public,132.5535430908203
2025-05-28,UNIONBANK.NS,Union Bank of India,Public,134.36676025390625
2025-05-29,UNIONBANK.NS,Union Bank of India,Public,132.57232666015625
2025-05-30,UNIONBANK.NS,Union Bank of India,Public,137.90866088867188
2025-06-02,UNIONBANK.NS,Union Bank of India,Public,143.90264892578125
2025-06-03,UNIONBANK.NS,Union Bank of India,Public,142.46522521972656
2025-06-04,UNIONBANK.NS,Union Bank of India,Public,143.88385009765625
2025-06-05,UNIONBANK.NS,Union Bank of India,Public,143.32015991210938
2025-06-06,UNIONBANK.NS,Union Bank of India,Public,144.00599670410156
2025-06-09,UNIONBANK.NS,Union Bank of India,Public,145.9883270263672
2025-06-10,UNIONBANK.NS,Union Bank of India,Public,144.97366333007812
2025-06-11,UNIONBANK.NS,Union Bank of India,Public,143.57383728027344
2025-06-12,UNIONBANK.NS,Union Bank of India,Public,141.39419555664062
2025-06-13,UNIONBANK.NS,Union Bank of India,Public,137.39195251464844
2025-06-16,UNIONBANK.NS,Union Bank of India,Public,138.07777404785156
2025-06-17,UNIONBANK.NS,Union Bank of India,Public,136.18939208984375
2025-06-18,UNIONBANK.NS,Union Bank of India,Public,135.4001922607422
2025-06-19,UNIONBANK.NS,Union Bank of India,Public,131.2288360595703
2025-06-20,UNIONBANK.NS,Union Bank of India,Public,134.79893493652344
2025-06-23,UNIONBANK.NS,Union Bank of India,Public,134.19764709472656
2025-06-24,UNIONBANK.NS,Union Bank of India,Public,138.1905059814453
2025-06-25,UNIONBANK.NS,Union Bank of India,Public,135.56932067871094
2025-06-26,UNIONBANK.NS,Union Bank of India,Public,139.15818786621094
2025-06-27,UNIONBANK.NS,Union Bank of India,Public,140.04132080078125
2025-06-30,UNIONBANK.NS,Union Bank of India,Public,144.306640625
2025-07-01,UNIONBANK.NS,Union Bank of India,Public,145.28372192382812
2025-07-02,UNIONBANK.NS,Union Bank of India,Public,144.10934448242188
2025-07-03,UNIONBANK.NS,Union Bank of India,Public,142.41824340820312
2025-07-04,UNIONBANK.NS,Union Bank of India,Public,143.82748413085938
2025-07-07,UNIONBANK.NS,Union Bank of India,Public,142.96315002441406
2025-07-08,UNIONBANK.NS,Union Bank of India,Public,141.15931701660156
2025-07-09,UNIONBANK.NS,Union Bank of India,Public,135.84176635742188
2025-07-10,UNIONBANK.NS,Union Bank of India,Public,135.15594482421875
2025-07-11,UNIONBANK.NS,Union Bank of India,Public,135.04319763183594
2025-07-14,UNIONBANK.NS,Union Bank of India,Public,138.1153564453125
2025-07-15,UNIONBANK.NS,Union Bank of India,Public,137.38255310058594
2025-07-16,UNIONBANK.NS,Union Bank of India,Public,139.36488342285156
2025-07-17,UNIONBANK.NS,Union Bank of India,Public,137.45770263671875
2025-07-18,UNIONBANK.NS,Union Bank of India,Public,137.59864807128906
2025-07-21,UNIONBANK.NS,Union Bank of India,Public,134.00975036621094
2025-07-22,UNIONBANK.NS,Union Bank of India,Public,134.28221130371094
2025-07-23,UNIONBANK.NS,Union Bank of India,Public,134.70498657226562
2025-07-24,UNIONBANK.NS,Union Bank of India,Public,136.1987762451172
2025-07-25,UNIONBANK.NS,Union Bank of India,Public,132.31349182128906
2025-07-28,UNIONBANK.NS,Union Bank of India,Public,129.61322021484375
2025-07-29,UNIONBANK.NS,Union Bank of India,Public,128.92356872558594
2025-07-30,UNIONBANK.NS,Union Bank of India,Public,127.01007080078125
2025-07-31,UNIONBANK.NS,Union Bank of India,Public,127.204345703125
2025-08-01,UNIONBANK.NS,Union Bank of India,Public,124.42636108398438
2025-08-04,UNIONBANK.NS,Union Bank of India,Public,125.33939361572266
2025-08-05,UNIONBANK.NS,Union Bank of India,Public,124.30979919433594
2025-08-06,UNIONBANK.NS,Union Bank of India,Public,127.26261901855469
2025-08-07,UNIONBANK.NS,Union Bank of India,Public,128.651611328125
2025-08-08,UNIONBANK.NS,Union Bank of India,Public,127.22376251220703
2025-08-11,UNIONBANK.NS,Union Bank of India,Public,130.91477966308594
2025-08-12,UNIONBANK.NS,Union Bank of India,Public,131.65298461914062
2025-08-13,UNIONBANK.NS,Union Bank of India,Public,131.79869079589844
2025-08-14,UNIONBANK.NS,Union Bank of India,Public,130.9730682373047
2025-08-18,UNIONBANK.NS,Union Bank of India,Public,131.89581298828125
2025-08-19,UNIONBANK.NS,Union Bank of India,Public,133.58592224121094
2025-08-20,UNIONBANK.NS,Union Bank of India,Public,132.98370361328125
2025-08-21,UNIONBANK.NS,Union Bank of India,Public,132.61459350585938
2025-08-22,UNIONBANK.NS,Union Bank of India,Public,130.89535522460938
2025-08-25,UNIONBANK.NS,Union Bank of India,Public,129.2246856689453
2025-08-26,UNIONBANK.NS,Union Bank of India,Public,125.95133209228516
2025-08-28,UNIONBANK.NS,Union Bank of India,Public,123.43560791015625
2025-08-29,UNIONBANK.NS,Union Bank of India,Public,121.24041748046875
2025-09-01,UNIONBANK.NS,Union Bank of India,Public,124.4846420288086
2025-09-02,UNIONBANK.NS,Union Bank of India,Public,123.99897766113281
2025-09-03,UNIONBANK.NS,Union Bank of India,Public,124.77603912353516
2025-09-04,UNIONBANK.NS,Union Bank of India,Public,123.19277954101562
2025-09-05,UNIONBANK.NS,Union Bank of India,Public,123.68814849853516
2025-09-08,UNIONBANK.NS,Union Bank of India,Public,124.37779235839844
2025-09-09,UNIONBANK.NS,Union Bank of India,Public,123.59101867675781
2025-09-10,UNIONBANK.NS,Union Bank of India,Public,128.7098846435547
2025-09-11,UNIONBANK.NS,Union Bank of India,Public,129.88519287109375
2025-09-12,UNIONBANK.NS,Union Bank of India,Public,130.0406036376953
2025-09-15,UNIONBANK.NS,Union Bank of India,Public,130.77880859375
2025-09-16,UNIONBANK.NS,Union Bank of India,Public,130.43882751464844
2025-09-17,UNIONBANK.NS,Union Bank of India,Public,133.1002655029297
2025-09-18,UNIONBANK.NS,Union Bank of India,Public,132.67288208007812
2025-09-19,UNIONBANK.NS,Union Bank of India,Public,136.2764892578125
2025-09-22,UNIONBANK.NS,Union Bank of India,Public,134.82920837402344
2025-09-23,UNIONBANK.NS,Union Bank of India,Public,136.17935180664062
2025-09-24,UNIONBANK.NS,Union Bank of India,Public,135.17889404296875
2025-09-25,UNIONBANK.NS,Union Bank of India,Public,134.7903594970703
2025-09-26,UNIONBANK.NS,Union Bank of India,Public,130.23486328125
2025-09-29,UNIONBANK.NS,Union Bank of India,Public,131.51699829101562
2025-09-30,UNIONBANK.NS,Union Bank of India,Public,134.53781127929688
2025-10-01,UNIONBANK.NS,Union Bank of India,Public,134.77093505859375
2025-10-03,UNIONBANK.NS,Union Bank of India,Public,133.76077270507812
2025-10-06,UNIONBANK.NS,Union Bank of India,Public,132.76028442382812
2025-10-07,UNIONBANK.NS,Union Bank of India,Public,134.56695556640625
2025-10-08,UNIONBANK.NS,Union Bank of India,Public,132.11923217773438
2025-10-09,UNIONBANK.NS,Union Bank of India,Public,133.8773193359375
2025-10-10,UNIONBANK.NS,Union Bank of India,Public,135.27603149414062
2025-10-13,UNIONBANK.NS,Union Bank of India,Public,135.88795471191406
2025-10-14,UNIONBANK.NS,Union Bank of India,Public,133.0711212158203
2025-10-15,UNIONBANK.NS,Union Bank of India,Public,135.44114685058594
2025-10-16,UNIONBANK.NS,Union Bank of India,Public,134.82920837402344
2025-10-17,UNIONBANK.NS,Union Bank of India,Public,132.77001953125
2025-10-20,UNIONBANK.NS,Union Bank of India,Public,137.27694702148438
2025-10-21,UNIONBANK.NS,Union Bank of India,Public,137.5974884033203
2025-10-23,UNIONBANK.NS,Union Bank of India,Public,138.75335693359375
2025-10-24,UNIONBANK.NS,Union Bank of India,Public,137.70433044433594
2025-10-27,UNIONBANK.NS,Union Bank of India,Public,140.8028564453125
2025-10-28,UNIONBANK.NS,Union Bank of India,Public,142.8523406982422
2025-10-29,UNIONBANK.NS,Union Bank of India,Public,141.92958068847656
2025-10-30,UNIONBANK.NS,Union Bank of India,Public,138.23855590820312
2025-10-31,UNIONBANK.NS,Union Bank of India,Public,144.4064483642578
2025-11-03,UNIONBANK.NS,Union Bank of India,Public,146.55307006835938
2025-11-04,UNIONBANK.NS,Union Bank of India,Public,147.1941375732422
2025-11-06,UNIONBANK.NS,Union Bank of India,Public,145.843994140625
2025-11-07,UNIONBANK.NS,Union Bank of India,Public,148.90367126464844
2025-11-10,UNIONBANK.NS,Union Bank of India,Public,149.8167266845703
2025-11-11,UNIONBANK.NS,Union Bank of India,Public,148.2431640625
2025-11-12,UNIONBANK.NS,Union Bank of India,Public,151.80792236328125
2025-11-13,UNIONBANK.NS,Union Bank of India,Public,147.54380798339844
2025-11-14,UNIONBANK.NS,Union Bank of India,Public,148.379150390625
2025-11-17,UNIONBANK.NS,Union Bank of India,Public,149.6613006591797
2025-11-18,UNIONBANK.NS,Union Bank of India,Public,148.7191162109375
2025-11-19,UNIONBANK.NS,Union Bank of India,Public,150.04983520507812
2025-11-20,UNIONBANK.NS,Union Bank of India,Public,148.7968292236328
2025-11-21,UNIONBANK.NS,Union Bank of India,Public,146.5627899169922
2025-11-24,UNIONBANK.NS,Union Bank of India,Public,146.65992736816406
2025-11-25,UNIONBANK.NS,Union Bank of India,Public,148.46658325195312
2025-11-26,UNIONBANK.NS,Union Bank of India,Public,150.9434356689453
2025-11-27,UNIONBANK.NS,Union Bank of India,Public,149.85556030273438
2025-11-28,UNIONBANK.NS,Union Bank of India,Public,148.87454223632812
2025-12-01,UNIONBANK.NS,Union Bank of India,Public,149.76815795898438
2025-12-02,UNIONBANK.NS,Union Bank of India,Public,151.30284118652344
2025-12-03,UNIONBANK.NS,Union Bank of India,Public,147.0387420654297
2025-12-04,UNIONBANK.NS,Union Bank of India,Public,148.05860900878906
2025-12-05,UNIONBANK.NS,Union Bank of India,Public,148.90367126464844
2025-12-08,UNIONBANK.NS,Union Bank of India,Public,144.1053466796875
2025-12-09,UNIONBANK.NS,Union Bank of India,Public,146.115966796875
2025-12-10,UNIONBANK.NS,Union Bank of India,Public,143.81393432617188
2025-12-11,UNIONBANK.NS,Union Bank of India,Public,146.21310424804688
2025-12-12,UNIONBANK.NS,Union Bank of India,Public,148.3597412109375
2025-12-15,UNIONBANK.NS,Union Bank of India,Public,149.24362182617188
2025-12-16,UNIONBANK.NS,Union Bank of India,Public,148.80653381347656
2025-12-17,UNIONBANK.NS,Union Bank of India,Public,148.651123046875
2025-12-18,UNIONBANK.NS,Union Bank of India,Public,149.7292938232422
2025-12-19,UNIONBANK.NS,Union Bank of India,Public,149.61273193359375
2025-12-22,UNIONBANK.NS,Union Bank of India,Public,148.4180145263672
2025-12-23,UNIONBANK.NS,Union Bank of India,Public,147.99063110351562
2025-12-24,UNIONBANK.NS,Union Bank of India,Public,146.43650817871094
2025-12-26,UNIONBANK.NS,Union Bank of India,Public,145.91200256347656
2025-12-29,UNIONBANK.NS,Union Bank of India,Public,144.8726806640625
2025-12-30,UNIONBANK.NS,Union Bank of India,Public,147.3009796142578
2025-12-31,UNIONBANK.NS,Union Bank of India,Public,149.35047912597656
2026-01-01,UNIONBANK.NS,Union Bank of India,Public,149.17564392089844
2026-01-02,UNIONBANK.NS,Union Bank of India,Public,152.20616149902344
2026-01-05,UNIONBANK.NS,Union Bank of India,Public,157.703857421875
2026-01-06,UNIONBANK.NS,Union Bank of India,Public,160.98692321777344
2026-01-07,UNIONBANK.NS,Union Bank of India,Public,161.55999755859375
2026-01-08,UNIONBANK.NS,Union Bank of India,Public,156.8296661376953
2026-01-09,UNIONBANK.NS,Union Bank of India,Public,157.60670471191406
2026-01-12,UNIONBANK.NS,Union Bank of India,Public,159.2773895263672
2026-01-13,UNIONBANK.NS,Union Bank of India,Public,161.42401123046875
2026-01-14,UNIONBANK.NS,Union Bank of India,Public,174.12890625
2026-01-15,UNIONBANK.NS,Union Bank of India,Public,174.12890625
2026-01-16,UNIONBANK.NS,Union Bank of India,Public,171.09837341308594
2026-01-19,UNIONBANK.NS,Union Bank of India,Public,172.34165954589844
2026-01-20,UNIONBANK.NS,Union Bank of India,Public,170.69041442871094
2026-01-21,UNIONBANK.NS,Union Bank of India,Public,167.52391052246094
2026-01-22,UNIONBANK.NS,Union Bank of India,Public,169.76766967773438
2026-01-23,UNIONBANK.NS,Union Bank of India,Public,167.81532287597656
2026-01-27,UNIONBANK.NS,Union Bank of India,Public,170.1853485107422
2026-01-28,UNIONBANK.NS,Union Bank of India,Public,176.71261596679688
2026-01-29,UNIONBANK.NS,Union Bank of India,Public,174.29403686523438
2026-01-30,UNIONBANK.NS,Union Bank of India,Public,175.576171875
2026-02-02,UNIONBANK.NS,Union Bank of India,Public,166.22235107421875
2026-02-03,UNIONBANK.NS,Union Bank of India,Public,169.4082794189453
2026-02-04,UNIONBANK.NS,Union Bank of India,Public,171.0595245361328
2026-02-05,UNIONBANK.NS,Union Bank of India,Public,172.81761169433594
2026-02-06,UNIONBANK.NS,Union Bank of India,Public,173.0216064453125
2026-02-09,UNIONBANK.NS,Union Bank of India,Public,174.81854248046875
2026-02-10,UNIONBANK.NS,Union Bank of India,Public,174.1191864013672
2026-02-11,UNIONBANK.NS,Union Bank of India,Public,175.15850830078125
2026-02-12,UNIONBANK.NS,Union Bank of India,Public,175.80929565429688
2026-02-13,UNIONBANK.NS,Union Bank of India,Public,173.74037170410156
2026-02-16,UNIONBANK.NS,Union Bank of India,Public,177.83935546875
2026-02-17,UNIONBANK.NS,Union Bank of India,Public,183.4730224609375
2026-02-18,UNIONBANK.NS,Union Bank of India,Public,187.57200622558594
2026-02-19,UNIONBANK.NS,Union Bank of India,Public,184.0849609375
2026-02-20,UNIONBANK.NS,Union Bank of India,Public,188.41705322265625
2026-02-23,UNIONBANK.NS,Union Bank of India,Public,192.1080780029297
2026-02-24,UNIONBANK.NS,Union Bank of India,Public,194.8666229248047
2026-02-25,UNIONBANK.NS,Union Bank of India,Public,193.58448791503906
2026-02-26,UNIONBANK.NS,Union Bank of India,Public,195.76023864746094
2026-02-27,UNIONBANK.NS,Union Bank of India,Public,196.4693145751953
2026-03-02,UNIONBANK.NS,Union Bank of India,Public,192.4480438232422
2026-03-04,UNIONBANK.NS,Union Bank of India,Public,185.64878845214844
2026-03-05,UNIONBANK.NS,Union Bank of India,Public,185.71678161621094
2026-03-06,UNIONBANK.NS,Union Bank of India,Public,183.23989868164062
2026-03-09,UNIONBANK.NS,Union Bank of India,Public,173.9249267578125
2026-03-10,UNIONBANK.NS,Union Bank of India,Public,180.95730590820312
2026-03-11,UNIONBANK.NS,Union Bank of India,Public,175.73158264160156
2026-03-12,UNIONBANK.NS,Union Bank of India,Public,176.87774658203125
2026-03-13,UNIONBANK.NS,Union Bank of India,Public,168.8934783935547
2026-03-16,UNIONBANK.NS,Union Bank of India,Public,170.5641632080078
2026-03-17,UNIONBANK.NS,Union Bank of India,Public,171.0206756591797
2026-03-18,UNIONBANK.NS,Union Bank of India,Public,172.8079071044922
2026-03-19,UNIONBANK.NS,Union Bank of India,Public,167.22280883789062
2026-03-20,UNIONBANK.NS,Union Bank of India,Public,172.53594970703125
2026-03-23,UNIONBANK.NS,Union Bank of India,Public,163.74546813964844
2026-03-24,UNIONBANK.NS,Union Bank of India,Public,168.835205078125
2026-03-25,UNIONBANK.NS,Union Bank of India,Public,175.1488037109375
2026-03-27,UNIONBANK.NS,Union Bank of India,Public,170.4475860595703
2026-03-30,UNIONBANK.NS,Union Bank of India,Public,159.49107360839844
2026-04-01,UNIONBANK.NS,Union Bank of India,Public,166.71771240234375
2026-04-02,UNIONBANK.NS,Union Bank of India,Public,167.0576934814453
2026-04-06,UNIONBANK.NS,Union Bank of India,Public,169.1265869140625
2026-04-07,UNIONBANK.NS,Union Bank of India,Public,166.95083618164062
2026-04-08,UNIONBANK.NS,Union Bank of India,Public,180.33566284179688
2026-04-09,UNIONBANK.NS,Union Bank of India,Public,179.3934783935547
2026-04-10,UNIONBANK.NS,Union Bank of India,Public,183.6090087890625
2026-04-13,UNIONBANK.NS,Union Bank of India,Public,179.3837432861328
2026-04-15,UNIONBANK.NS,Union Bank of India,Public,183.29818725585938
2026-04-16,UNIONBANK.NS,Union Bank of India,Public,183.08450317382812
2026-04-17,UNIONBANK.NS,Union Bank of India,Public,183.49244689941406
2026-04-20,UNIONBANK.NS,Union Bank of India,Public,183.86154174804688
2026-04-21,UNIONBANK.NS,Union Bank of India,Public,185.89161682128906
2026-04-22,UNIONBANK.NS,Union Bank of India,Public,188.48504638671875
2026-04-23,UNIONBANK.NS,Union Bank of India,Public,174.55628967285156
2026-04-24,UNIONBANK.NS,Union Bank of India,Public,171.92401123046875
2026-04-27,UNIONBANK.NS,Union Bank of India,Public,171.04981994628906
2026-04-28,UNIONBANK.NS,Union Bank of India,Public,165.5909881591797
2026-04-29,UNIONBANK.NS,Union Bank of India,Public,162.5118865966797
2026-04-30,UNIONBANK.NS,Union Bank of India,Public,161.18118286132812
2026-05-01,UNIONBANK.NS,Union Bank of India,Public,161.18118286132812
2026-05-04,UNIONBANK.NS,Union Bank of India,Public,159.07342529296875
2026-05-05,UNIONBANK.NS,Union Bank of India,Public,159.04428100585938
2026-05-06,UNIONBANK.NS,Union Bank of India,Public,163.9105987548828
2026-05-07,UNIONBANK.NS,Union Bank of India,Public,162.48275756835938
2026-05-08,UNIONBANK.NS,Union Bank of India,Public,161.4725799560547
2026-05-11,UNIONBANK.NS,Union Bank of India,Public,159.1122589111328
2026-05-12,UNIONBANK.NS,Union Bank of India,Public,157.53872680664062
2026-05-13,UNIONBANK.NS,Union Bank of India,Public,157.80099487304688
2026-05-14,UNIONBANK.NS,Union Bank of India,Public,160.17100524902344
2026-05-15,UNIONBANK.NS,Union Bank of India,Public,157.2958984375
2026-05-18,UNIONBANK.NS,Union Bank of India,Public,154.33335876464844
2026-05-19,UNIONBANK.NS,Union Bank of India,Public,154.4013671875
2026-05-20,UNIONBANK.NS,Union Bank of India,Public,154.44020080566406
2026-05-21,UNIONBANK.NS,Union Bank of India,Public,155.528076171875
2026-05-22,UNIONBANK.NS,Union Bank of India,Public,156.1108856201172
2026-05-25,UNIONBANK.NS,Union Bank of India,Public,164.0271453857422
2026-05-26,UNIONBANK.NS,Union Bank of India,Public,162.7547149658203
2026-05-27,UNIONBANK.NS,Union Bank of India,Public,163.88145446777344
2026-05-28,UNIONBANK.NS,Union Bank of India,Public,163.88145446777344
2026-05-29,UNIONBANK.NS,Union Bank of India,Public,163.0655517578125
2026-06-01,UNIONBANK.NS,Union Bank of India,Public,157.87867736816406
2026-06-02,UNIONBANK.NS,Union Bank of India,Public,158.01466369628906
2026-06-03,UNIONBANK.NS,Union Bank of India,Public,161.9193878173828
2026-06-04,UNIONBANK.NS,Union Bank of India,Public,161.7639617919922
2026-06-05,UNIONBANK.NS,Union Bank of India,Public,162.21078491210938
2026-06-08,UNIONBANK.NS,Union Bank of India,Public,160.44297790527344
2026-06-09,UNIONBANK.NS,Union Bank of India,Public,165.55213928222656
2026-06-10,UNIONBANK.NS,Union Bank of India,Public,161.6765594482422
2026-06-11,UNIONBANK.NS,Union Bank of India,Public,159.82131958007812
2026-06-12,UNIONBANK.NS,Union Bank of India,Public,165.17332458496094
2026-06-15,UNIONBANK.NS,Union Bank of India,Public,166.38746643066406
2026-06-16,UNIONBANK.NS,Union Bank of India,Public,165.66868591308594
2026-06-17,UNIONBANK.NS,Union Bank of India,Public,168.7672119140625
2026-06-18,UNIONBANK.NS,Union Bank of India,Public,171.06922912597656
2026-06-19,UNIONBANK.NS,Union Bank of India,Public,170.7195587158203
2026-06-22,UNIONBANK.NS,Union Bank of India,Public,171.55490112304688
2026-06-23,UNIONBANK.NS,Union Bank of India,Public,170.09791564941406
2026-06-24,UNIONBANK.NS,Union Bank of India,Public,169.8162384033203
2026-06-25,UNIONBANK.NS,Union Bank of India,Public,169.69967651367188
2026-06-26,UNIONBANK.NS,Union Bank of India,Public,169.69967651367188
2026-06-29,UNIONBANK.NS,Union Bank of India,Public,169.55397033691406
2026-06-30,UNIONBANK.NS,Union Bank of India,Public,167.4850616455078
2026-07-01,UNIONBANK.NS,Union Bank of India,Public,169.86480712890625
2026-07-02,UNIONBANK.NS,Union Bank of India,Public,169.35000610351562
2026-07-03,UNIONBANK.NS,Union Bank of India,Public,163.08999633789062
2026-07-06,UNIONBANK.NS,Union Bank of India,Public,161.0800018310547
2026-07-07,UNIONBANK.NS,Union Bank of India,Public,161.0800018310547
2026-07-08,UNIONBANK.NS,Union Bank of India,Public,154.38999938964844
2026-07-09,UNIONBANK.NS,Union Bank of India,Public,157.25999450683594
2026-07-10,UNIONBANK.NS,Union Bank of India,Public,164.50999450683594
2026-07-13,UNIONBANK.NS,Union Bank of India,Public,170.38999938964844
2026-07-14,UNIONBANK.NS,Union Bank of India,Public,170.6699981689453
2026-07-15,UNIONBANK.NS,Union Bank of India,Public,172.3800048828125
2026-07-16,UNIONBANK.NS,Union Bank of India,Public,168.77000427246094
2026-07-17,UNIONBANK.NS,Union Bank of India,Public,168.4600067138672
2026-07-20,UNIONBANK.NS,Union Bank of India,Public,175.92999267578125
2026-07-21,UNIONBANK.NS,Union Bank of India,Public,176.11000061035156
2026-07-23,UNIONBANK.NS,Union Bank of India,Public,168.39999389648438
2026-07-24,UNIONBANK.NS,Union Bank of India,Public,170.5
2026-07-27,UNIONBANK.NS,Union Bank of India,Public,170.11000061035156
2026-07-28,UNIONBANK.NS,Union Bank of India,Public,168.24000549316406
2026-07-29,UNIONBANK.NS,Union Bank of India,Public,171.0800018310547
2026-07-30,UNIONBANK.NS,Union Bank of India,Public,170.39999389648438
2026-08-03,UNIONBANK.NS,Union Bank of India,Public,174.0
2026-08-04,UNIONBANK.NS,Union Bank of India,Public,174.0
2026-08-05,UNIONBANK.NS,Union Bank of India,Public,175.8000030517578
2026-08-06,UNIONBANK.NS,Union Bank of India,Public,182.5
2026-08-07,UNIONBANK.NS,Union Bank of India,Public,183.60000610351562
2026-08-10,UNIONBANK.NS,Union Bank of India,Public,181.13999938964844
2026-08-11,UNIONBANK.NS,Union Bank of India,Public,182.5
2026-08-12,UNIONBANK.NS,Union Bank of India,Public,187.0
2026-08-13,UNIONBANK.NS,Union Bank of India,Public,186.5
2026-08-17,UNIONBANK.NS,Union Bank of India,Public,188.89999389648438
2026-08-18,UNIONBANK.NS,Union Bank of India,Public,185.5
2026-08-19,UNIONBANK.NS,Union Bank of India,Public,186.89999389648438
2026-08-20,UNIONBANK.NS,Union Bank of India,Public,184.67999267578125
