respondent_id,cohort,age_band,episode,score
R0000,Neobank / payments app,30-44,Open an account,10
R0000,Neobank / payments app,30-44,Make a payment,10
R0000,Neobank / payments app,30-44,Get support,3
R0000,Neobank / payments app,30-44,Apply for credit,4
R0001,Neobank / payments app,18-29,Open an account,10
R0001,Neobank / payments app,18-29,Make a payment,6
R0001,Neobank / payments app,18-29,Get support,5
R0001,Neobank / payments app,18-29,Apply for credit,7
R0002,Private bank,30-44,Open an account,7
R0002,Private bank,30-44,Make a payment,7
R0002,Private bank,30-44,Get support,7
R0002,Private bank,30-44,Apply for credit,10
R0003,Private bank,60+,Open an account,3
R0003,Private bank,60+,Make a payment,9
R0003,Private bank,60+,Get support,4
R0003,Private bank,60+,Apply for credit,2
R0004,Neobank / payments app,30-44,Open an account,10
R0004,Neobank / payments app,30-44,Make a payment,10
R0004,Neobank / payments app,30-44,Get support,6
R0004,Neobank / payments app,30-44,Apply for credit,3
R0005,Neobank / payments app,18-29,Open an account,10
R0005,Neobank / payments app,18-29,Make a payment,8
R0005,Neobank / payments app,18-29,Get support,3
R0005,Neobank / payments app,18-29,Apply for credit,8
R0006,Private bank,60+,Open an account,5
R0006,Private bank,60+,Make a payment,8
R0006,Private bank,60+,Get support,8
R0006,Private bank,60+,Apply for credit,8
R0007,Neobank / payments app,45-59,Open an account,7
R0007,Neobank / payments app,45-59,Make a payment,8
R0007,Neobank / payments app,45-59,Get support,10
R0007,Neobank / payments app,45-59,Apply for credit,6
R0008,Neobank / payments app,18-29,Open an account,4
R0008,Neobank / payments app,18-29,Make a payment,8
R0008,Neobank / payments app,18-29,Get support,7
R0008,Neobank / payments app,18-29,Apply for credit,6
R0009,Neobank / payments app,45-59,Open an account,10
R0009,Neobank / payments app,45-59,Make a payment,6
R0009,Neobank / payments app,45-59,Get support,3
R0009,Neobank / payments app,45-59,Apply for credit,5
R0010,Private bank,45-59,Open an account,3
R0010,Private bank,45-59,Make a payment,8
R0010,Private bank,45-59,Get support,9
R0010,Private bank,45-59,Apply for credit,8
R0011,Neobank / payments app,18-29,Open an account,5
R0011,Neobank / payments app,18-29,Make a payment,9
R0011,Neobank / payments app,18-29,Get support,8
R0011,Neobank / payments app,18-29,Apply for credit,8
R0012,Private bank,30-44,Open an account,6
R0012,Private bank,30-44,Make a payment,8
R0012,Private bank,30-44,Get support,8
R0012,Private bank,30-44,Apply for credit,9
R0013,Private bank,18-29,Open an account,8
R0013,Private bank,18-29,Make a payment,4
R0013,Private bank,18-29,Get support,8
R0013,Private bank,18-29,Apply for credit,4
R0014,Public bank,30-44,Open an account,4
R0014,Public bank,30-44,Make a payment,8
R0014,Public bank,30-44,Get support,6
R0014,Public bank,30-44,Apply for credit,8
R0015,Neobank / payments app,45-59,Open an account,9
R0015,Neobank / payments app,45-59,Make a payment,10
R0015,Neobank / payments app,45-59,Get support,7
R0015,Neobank / payments app,45-59,Apply for credit,9
R0016,Public bank,18-29,Open an account,6
R0016,Public bank,18-29,Make a payment,6
R0016,Public bank,18-29,Get support,8
R0016,Public bank,18-29,Apply for credit,8
R0017,Public bank,45-59,Open an account,7
R0017,Public bank,45-59,Make a payment,5
R0017,Public bank,45-59,Get support,7
R0017,Public bank,45-59,Apply for credit,10
R0018,Neobank / payments app,30-44,Open an account,10
R0018,Neobank / payments app,30-44,Make a payment,9
R0018,Neobank / payments app,30-44,Get support,8
R0018,Neobank / payments app,30-44,Apply for credit,8
R0019,Public bank,30-44,Open an account,5
R0019,Public bank,30-44,Make a payment,6
R0019,Public bank,30-44,Get support,10
R0019,Public bank,30-44,Apply for credit,7
R0020,Neobank / payments app,60+,Open an account,9
R0020,Neobank / payments app,60+,Make a payment,10
R0020,Neobank / payments app,60+,Get support,6
R0020,Neobank / payments app,60+,Apply for credit,8
R0021,Private bank,45-59,Open an account,7
R0021,Private bank,45-59,Make a payment,8
R0021,Private bank,45-59,Get support,8
R0021,Private bank,45-59,Apply for credit,10
R0022,Private bank,30-44,Open an account,8
R0022,Private bank,30-44,Make a payment,10
R0022,Private bank,30-44,Get support,10
R0022,Private bank,30-44,Apply for credit,7
R0023,Private bank,30-44,Open an account,6
R0023,Private bank,30-44,Make a payment,6
R0023,Private bank,30-44,Get support,10
R0023,Private bank,30-44,Apply for credit,8
R0024,Public bank,60+,Open an account,8
R0024,Public bank,60+,Make a payment,5
R0024,Public bank,60+,Get support,7
R0024,Public bank,60+,Apply for credit,7
R0025,Public bank,30-44,Open an account,6
R0025,Public bank,30-44,Make a payment,9
R0025,Public bank,30-44,Get support,3
R0025,Public bank,30-44,Apply for credit,6
R0026,Neobank / payments app,45-59,Open an account,10
R0026,Neobank / payments app,45-59,Make a payment,8
R0026,Neobank / payments app,45-59,Get support,4
R0026,Neobank / payments app,45-59,Apply for credit,6
R0027,Private bank,30-44,Open an account,7
R0027,Private bank,30-44,Make a payment,7
R0027,Private bank,30-44,Get support,5
R0027,Private bank,30-44,Apply for credit,7
R0028,Public bank,18-29,Open an account,3
R0028,Public bank,18-29,Make a payment,7
R0028,Public bank,18-29,Get support,7
R0028,Public bank,18-29,Apply for credit,7
R0029,Neobank / payments app,18-29,Open an account,8
R0029,Neobank / payments app,18-29,Make a payment,10
R0029,Neobank / payments app,18-29,Get support,6
R0029,Neobank / payments app,18-29,Apply for credit,5
R0030,Neobank / payments app,30-44,Open an account,8
R0030,Neobank / payments app,30-44,Make a payment,6
R0030,Neobank / payments app,30-44,Get support,6
R0030,Neobank / payments app,30-44,Apply for credit,10
R0031,Public bank,30-44,Open an account,7
R0031,Public bank,30-44,Make a payment,6
R0031,Public bank,30-44,Get support,9
R0031,Public bank,30-44,Apply for credit,7
R0032,Private bank,30-44,Open an account,8
R0032,Private bank,30-44,Make a payment,10
R0032,Private bank,30-44,Get support,9
R0032,Private bank,30-44,Apply for credit,8
R0033,Private bank,45-59,Open an account,6
R0033,Private bank,45-59,Make a payment,9
R0033,Private bank,45-59,Get support,6
R0033,Private bank,45-59,Apply for credit,8
R0034,Private bank,18-29,Open an account,7
R0034,Private bank,18-29,Make a payment,10
R0034,Private bank,18-29,Get support,9
R0034,Private bank,18-29,Apply for credit,8
R0035,Private bank,30-44,Open an account,9
R0035,Private bank,30-44,Make a payment,7
R0035,Private bank,30-44,Get support,4
R0035,Private bank,30-44,Apply for credit,7
R0036,Private bank,60+,Open an account,8
R0036,Private bank,60+,Make a payment,9
R0036,Private bank,60+,Get support,10
R0036,Private bank,60+,Apply for credit,6
R0037,Neobank / payments app,45-59,Open an account,7
R0037,Neobank / payments app,45-59,Make a payment,8
R0037,Neobank / payments app,45-59,Get support,9
R0037,Neobank / payments app,45-59,Apply for credit,8
R0038,Public bank,30-44,Open an account,9
R0038,Public bank,30-44,Make a payment,7
R0038,Public bank,30-44,Get support,7
R0038,Public bank,30-44,Apply for credit,8
R0039,Neobank / payments app,30-44,Open an account,9
R0039,Neobank / payments app,30-44,Make a payment,10
R0039,Neobank / payments app,30-44,Get support,6
R0039,Neobank / payments app,30-44,Apply for credit,9
R0040,Private bank,18-29,Open an account,9
R0040,Private bank,18-29,Make a payment,10
R0040,Private bank,18-29,Get support,8
R0040,Private bank,18-29,Apply for credit,9
R0041,Public bank,45-59,Open an account,6
R0041,Public bank,45-59,Make a payment,8
R0041,Public bank,45-59,Get support,8
R0041,Public bank,45-59,Apply for credit,6
R0042,Neobank / payments app,30-44,Open an account,8
R0042,Neobank / payments app,30-44,Make a payment,9
R0042,Neobank / payments app,30-44,Get support,3
R0042,Neobank / payments app,30-44,Apply for credit,8
R0043,Private bank,30-44,Open an account,3
R0043,Private bank,30-44,Make a payment,7
R0043,Private bank,30-44,Get support,6
R0043,Private bank,30-44,Apply for credit,10
R0044,Neobank / payments app,30-44,Open an account,10
R0044,Neobank / payments app,30-44,Make a payment,9
R0044,Neobank / payments app,30-44,Get support,7
R0044,Neobank / payments app,30-44,Apply for credit,9
R0045,Private bank,60+,Open an account,5
R0045,Private bank,60+,Make a payment,6
R0045,Private bank,60+,Get support,6
R0045,Private bank,60+,Apply for credit,4
R0046,Private bank,30-44,Open an account,7
R0046,Private bank,30-44,Make a payment,9
R0046,Private bank,30-44,Get support,6
R0046,Private bank,30-44,Apply for credit,6
R0047,Neobank / payments app,18-29,Open an account,10
R0047,Neobank / payments app,18-29,Make a payment,9
R0047,Neobank / payments app,18-29,Get support,9
R0047,Neobank / payments app,18-29,Apply for credit,9
R0048,Private bank,30-44,Open an account,7
R0048,Private bank,30-44,Make a payment,7
R0048,Private bank,30-44,Get support,6
R0048,Private bank,30-44,Apply for credit,9
R0049,Private bank,30-44,Open an account,10
R0049,Private bank,30-44,Make a payment,10
R0049,Private bank,30-44,Get support,3
R0049,Private bank,30-44,Apply for credit,10
R0050,Private bank,60+,Open an account,10
R0050,Private bank,60+,Make a payment,8
R0050,Private bank,60+,Get support,5
R0050,Private bank,60+,Apply for credit,4
R0051,Neobank / payments app,18-29,Open an account,6
R0051,Neobank / payments app,18-29,Make a payment,6
R0051,Neobank / payments app,18-29,Get support,4
R0051,Neobank / payments app,18-29,Apply for credit,7
R0052,Neobank / payments app,60+,Open an account,7
R0052,Neobank / payments app,60+,Make a payment,8
R0052,Neobank / payments app,60+,Get support,6
R0052,Neobank / payments app,60+,Apply for credit,7
R0053,Public bank,45-59,Open an account,6
R0053,Public bank,45-59,Make a payment,8
R0053,Public bank,45-59,Get support,7
R0053,Public bank,45-59,Apply for credit,7
R0054,Neobank / payments app,30-44,Open an account,10
R0054,Neobank / payments app,30-44,Make a payment,8
R0054,Neobank / payments app,30-44,Get support,6
R0054,Neobank / payments app,30-44,Apply for credit,10
R0055,Private bank,18-29,Open an account,8
R0055,Private bank,18-29,Make a payment,7
R0055,Private bank,18-29,Get support,9
R0055,Private bank,18-29,Apply for credit,8
R0056,Public bank,30-44,Open an account,6
R0056,Public bank,30-44,Make a payment,7
R0056,Public bank,30-44,Get support,6
R0056,Public bank,30-44,Apply for credit,5
R0057,Neobank / payments app,30-44,Open an account,9
R0057,Neobank / payments app,30-44,Make a payment,9
R0057,Neobank / payments app,30-44,Get support,8
R0057,Neobank / payments app,30-44,Apply for credit,9
R0058,Neobank / payments app,30-44,Open an account,10
R0058,Neobank / payments app,30-44,Make a payment,10
R0058,Neobank / payments app,30-44,Get support,7
R0058,Neobank / payments app,30-44,Apply for credit,9
R0059,Public bank,30-44,Open an account,3
R0059,Public bank,30-44,Make a payment,10
R0059,Public bank,30-44,Get support,7
R0059,Public bank,30-44,Apply for credit,8
R0060,Public bank,18-29,Open an account,7
R0060,Public bank,18-29,Make a payment,6
R0060,Public bank,18-29,Get support,5
R0060,Public bank,18-29,Apply for credit,5
R0061,Neobank / payments app,45-59,Open an account,8
R0061,Neobank / payments app,45-59,Make a payment,8
R0061,Neobank / payments app,45-59,Get support,9
R0061,Neobank / payments app,45-59,Apply for credit,6
R0062,Public bank,18-29,Open an account,4
R0062,Public bank,18-29,Make a payment,9
R0062,Public bank,18-29,Get support,6
R0062,Public bank,18-29,Apply for credit,7
R0063,Neobank / payments app,30-44,Open an account,8
R0063,Neobank / payments app,30-44,Make a payment,7
R0063,Neobank / payments app,30-44,Get support,7
R0063,Neobank / payments app,30-44,Apply for credit,9
R0064,Neobank / payments app,18-29,Open an account,9
R0064,Neobank / payments app,18-29,Make a payment,7
R0064,Neobank / payments app,18-29,Get support,7
R0064,Neobank / payments app,18-29,Apply for credit,6
R0065,Public bank,45-59,Open an account,5
R0065,Public bank,45-59,Make a payment,8
R0065,Public bank,45-59,Get support,8
R0065,Public bank,45-59,Apply for credit,8
R0066,Neobank / payments app,45-59,Open an account,8
R0066,Neobank / payments app,45-59,Make a payment,7
R0066,Neobank / payments app,45-59,Get support,8
R0066,Neobank / payments app,45-59,Apply for credit,10
R0067,Private bank,45-59,Open an account,6
R0067,Private bank,45-59,Make a payment,9
R0067,Private bank,45-59,Get support,10
R0067,Private bank,45-59,Apply for credit,7
R0068,Neobank / payments app,18-29,Open an account,10
R0068,Neobank / payments app,18-29,Make a payment,8
R0068,Neobank / payments app,18-29,Get support,7
R0068,Neobank / payments app,18-29,Apply for credit,7
R0069,Neobank / payments app,18-29,Open an account,10
R0069,Neobank / payments app,18-29,Make a payment,9
R0069,Neobank / payments app,18-29,Get support,3
R0069,Neobank / payments app,18-29,Apply for credit,8
R0070,Private bank,45-59,Open an account,8
R0070,Private bank,45-59,Make a payment,9
R0070,Private bank,45-59,Get support,6
R0070,Private bank,45-59,Apply for credit,7
R0071,Neobank / payments app,30-44,Open an account,9
R0071,Neobank / payments app,30-44,Make a payment,8
R0071,Neobank / payments app,30-44,Get support,6
R0071,Neobank / payments app,30-44,Apply for credit,9
R0072,Private bank,45-59,Open an account,5
R0072,Private bank,45-59,Make a payment,8
R0072,Private bank,45-59,Get support,8
R0072,Private bank,45-59,Apply for credit,9
R0073,Private bank,45-59,Open an account,9
R0073,Private bank,45-59,Make a payment,8
R0073,Private bank,45-59,Get support,10
R0073,Private bank,45-59,Apply for credit,7
R0074,Public bank,30-44,Open an account,3
R0074,Public bank,30-44,Make a payment,8
R0074,Public bank,30-44,Get support,7
R0074,Public bank,30-44,Apply for credit,7
R0075,Private bank,30-44,Open an account,9
R0075,Private bank,30-44,Make a payment,9
R0075,Private bank,30-44,Get support,7
R0075,Private bank,30-44,Apply for credit,7
R0076,Neobank / payments app,18-29,Open an account,8
R0076,Neobank / payments app,18-29,Make a payment,10
R0076,Neobank / payments app,18-29,Get support,8
R0076,Neobank / payments app,18-29,Apply for credit,8
R0077,Public bank,45-59,Open an account,5
R0077,Public bank,45-59,Make a payment,8
R0077,Public bank,45-59,Get support,6
R0077,Public bank,45-59,Apply for credit,6
R0078,Public bank,45-59,Open an account,7
R0078,Public bank,45-59,Make a payment,8
R0078,Public bank,45-59,Get support,7
R0078,Public bank,45-59,Apply for credit,6
R0079,Private bank,30-44,Open an account,8
R0079,Private bank,30-44,Make a payment,8
R0079,Private bank,30-44,Get support,8
R0079,Private bank,30-44,Apply for credit,8
R0080,Neobank / payments app,30-44,Open an account,6
R0080,Neobank / payments app,30-44,Make a payment,10
R0080,Neobank / payments app,30-44,Get support,6
R0080,Neobank / payments app,30-44,Apply for credit,8
R0081,Neobank / payments app,30-44,Open an account,8
R0081,Neobank / payments app,30-44,Make a payment,9
R0081,Neobank / payments app,30-44,Get support,6
R0081,Neobank / payments app,30-44,Apply for credit,8
R0082,Private bank,18-29,Open an account,10
R0082,Private bank,18-29,Make a payment,6
R0082,Private bank,18-29,Get support,9
R0082,Private bank,18-29,Apply for credit,8
R0083,Neobank / payments app,45-59,Open an account,7
R0083,Neobank / payments app,45-59,Make a payment,10
R0083,Neobank / payments app,45-59,Get support,5
R0083,Neobank / payments app,45-59,Apply for credit,7
R0084,Private bank,18-29,Open an account,7
R0084,Private bank,18-29,Make a payment,9
R0084,Private bank,18-29,Get support,8
R0084,Private bank,18-29,Apply for credit,6
R0085,Private bank,30-44,Open an account,8
R0085,Private bank,30-44,Make a payment,8
R0085,Private bank,30-44,Get support,6
R0085,Private bank,30-44,Apply for credit,8
R0086,Private bank,30-44,Open an account,5
R0086,Private bank,30-44,Make a payment,8
R0086,Private bank,30-44,Get support,9
R0086,Private bank,30-44,Apply for credit,8
R0087,Private bank,18-29,Open an account,8
R0087,Private bank,18-29,Make a payment,10
R0087,Private bank,18-29,Get support,9
R0087,Private bank,18-29,Apply for credit,6
R0088,Private bank,30-44,Open an account,7
R0088,Private bank,30-44,Make a payment,8
R0088,Private bank,30-44,Get support,7
R0088,Private bank,30-44,Apply for credit,7
R0089,Private bank,45-59,Open an account,7
R0089,Private bank,45-59,Make a payment,9
R0089,Private bank,45-59,Get support,10
R0089,Private bank,45-59,Apply for credit,8
R0090,Neobank / payments app,30-44,Open an account,10
R0090,Neobank / payments app,30-44,Make a payment,10
R0090,Neobank / payments app,30-44,Get support,3
R0090,Neobank / payments app,30-44,Apply for credit,9
R0091,Neobank / payments app,30-44,Open an account,8
R0091,Neobank / payments app,30-44,Make a payment,9
R0091,Neobank / payments app,30-44,Get support,4
R0091,Neobank / payments app,30-44,Apply for credit,10
R0092,Public bank,18-29,Open an account,7
R0092,Public bank,18-29,Make a payment,6
R0092,Public bank,18-29,Get support,6
R0092,Public bank,18-29,Apply for credit,7
R0093,Private bank,45-59,Open an account,9
R0093,Private bank,45-59,Make a payment,7
R0093,Private bank,45-59,Get support,8
R0093,Private bank,45-59,Apply for credit,7
R0094,Private bank,60+,Open an account,7
R0094,Private bank,60+,Make a payment,8
R0094,Private bank,60+,Get support,5
R0094,Private bank,60+,Apply for credit,9
R0095,Neobank / payments app,30-44,Open an account,9
R0095,Neobank / payments app,30-44,Make a payment,8
R0095,Neobank / payments app,30-44,Get support,6
R0095,Neobank / payments app,30-44,Apply for credit,7
R0096,Neobank / payments app,18-29,Open an account,10
R0096,Neobank / payments app,18-29,Make a payment,7
R0096,Neobank / payments app,18-29,Get support,2
R0096,Neobank / payments app,18-29,Apply for credit,6
R0097,Private bank,30-44,Open an account,8
R0097,Private bank,30-44,Make a payment,8
R0097,Private bank,30-44,Get support,9
R0097,Private bank,30-44,Apply for credit,10
R0098,Public bank,18-29,Open an account,7
R0098,Public bank,18-29,Make a payment,4
R0098,Public bank,18-29,Get support,3
R0098,Public bank,18-29,Apply for credit,10
R0099,Private bank,30-44,Open an account,8
R0099,Private bank,30-44,Make a payment,7
R0099,Private bank,30-44,Get support,6
R0099,Private bank,30-44,Apply for credit,8
R0100,Neobank / payments app,45-59,Open an account,7
R0100,Neobank / payments app,45-59,Make a payment,10
R0100,Neobank / payments app,45-59,Get support,9
R0100,Neobank / payments app,45-59,Apply for credit,7
R0101,Public bank,18-29,Open an account,5
R0101,Public bank,18-29,Make a payment,7
R0101,Public bank,18-29,Get support,6
R0101,Public bank,18-29,Apply for credit,8
R0102,Neobank / payments app,18-29,Open an account,10
R0102,Neobank / payments app,18-29,Make a payment,9
R0102,Neobank / payments app,18-29,Get support,8
R0102,Neobank / payments app,18-29,Apply for credit,7
R0103,Neobank / payments app,18-29,Open an account,9
R0103,Neobank / payments app,18-29,Make a payment,10
R0103,Neobank / payments app,18-29,Get support,5
R0103,Neobank / payments app,18-29,Apply for credit,5
R0104,Neobank / payments app,30-44,Open an account,6
R0104,Neobank / payments app,30-44,Make a payment,10
R0104,Neobank / payments app,30-44,Get support,6
R0104,Neobank / payments app,30-44,Apply for credit,9
R0105,Private bank,18-29,Open an account,9
R0105,Private bank,18-29,Make a payment,10
R0105,Private bank,18-29,Get support,5
R0105,Private bank,18-29,Apply for credit,9
R0106,Public bank,30-44,Open an account,9
R0106,Public bank,30-44,Make a payment,7
R0106,Public bank,30-44,Get support,3
R0106,Public bank,30-44,Apply for credit,7
R0107,Public bank,18-29,Open an account,7
R0107,Public bank,18-29,Make a payment,3
R0107,Public bank,18-29,Get support,7
R0107,Public bank,18-29,Apply for credit,7
R0108,Private bank,18-29,Open an account,8
R0108,Private bank,18-29,Make a payment,9
R0108,Private bank,18-29,Get support,6
R0108,Private bank,18-29,Apply for credit,8
R0109,Private bank,30-44,Open an account,5
R0109,Private bank,30-44,Make a payment,8
R0109,Private bank,30-44,Get support,6
R0109,Private bank,30-44,Apply for credit,7
R0110,Public bank,30-44,Open an account,7
R0110,Public bank,30-44,Make a payment,7
R0110,Public bank,30-44,Get support,5
R0110,Public bank,30-44,Apply for credit,4
R0111,Neobank / payments app,18-29,Open an account,10
R0111,Neobank / payments app,18-29,Make a payment,10
R0111,Neobank / payments app,18-29,Get support,4
R0111,Neobank / payments app,18-29,Apply for credit,7
R0112,Public bank,18-29,Open an account,7
R0112,Public bank,18-29,Make a payment,6
R0112,Public bank,18-29,Get support,7
R0112,Public bank,18-29,Apply for credit,9
R0113,Private bank,45-59,Open an account,6
R0113,Private bank,45-59,Make a payment,4
R0113,Private bank,45-59,Get support,6
R0113,Private bank,45-59,Apply for credit,8
R0114,Private bank,30-44,Open an account,5
R0114,Private bank,30-44,Make a payment,8
R0114,Private bank,30-44,Get support,6
R0114,Private bank,30-44,Apply for credit,7
R0115,Private bank,30-44,Open an account,8
R0115,Private bank,30-44,Make a payment,8
R0115,Private bank,30-44,Get support,6
R0115,Private bank,30-44,Apply for credit,4
R0116,Private bank,45-59,Open an account,4
R0116,Private bank,45-59,Make a payment,8
R0116,Private bank,45-59,Get support,9
R0116,Private bank,45-59,Apply for credit,8
R0117,Neobank / payments app,30-44,Open an account,8
R0117,Neobank / payments app,30-44,Make a payment,7
R0117,Neobank / payments app,30-44,Get support,6
R0117,Neobank / payments app,30-44,Apply for credit,8
R0118,Private bank,30-44,Open an account,10
R0118,Private bank,30-44,Make a payment,7
R0118,Private bank,30-44,Get support,5
R0118,Private bank,30-44,Apply for credit,6
R0119,Private bank,45-59,Open an account,8
R0119,Private bank,45-59,Make a payment,6
R0119,Private bank,45-59,Get support,5
R0119,Private bank,45-59,Apply for credit,7
R0120,Public bank,45-59,Open an account,5
R0120,Public bank,45-59,Make a payment,7
R0120,Public bank,45-59,Get support,6
R0120,Public bank,45-59,Apply for credit,6
R0121,Private bank,18-29,Open an account,10
R0121,Private bank,18-29,Make a payment,6
R0121,Private bank,18-29,Get support,8
R0121,Private bank,18-29,Apply for credit,8
R0122,Neobank / payments app,30-44,Open an account,6
R0122,Neobank / payments app,30-44,Make a payment,8
R0122,Neobank / payments app,30-44,Get support,9
R0122,Neobank / payments app,30-44,Apply for credit,10
R0123,Private bank,30-44,Open an account,8
R0123,Private bank,30-44,Make a payment,6
R0123,Private bank,30-44,Get support,5
R0123,Private bank,30-44,Apply for credit,7
R0124,Private bank,30-44,Open an account,5
R0124,Private bank,30-44,Make a payment,6
R0124,Private bank,30-44,Get support,5
R0124,Private bank,30-44,Apply for credit,5
R0125,Public bank,45-59,Open an account,10
R0125,Public bank,45-59,Make a payment,7
R0125,Public bank,45-59,Get support,3
R0125,Public bank,45-59,Apply for credit,8
R0126,Private bank,30-44,Open an account,10
R0126,Private bank,30-44,Make a payment,10
R0126,Private bank,30-44,Get support,7
R0126,Private bank,30-44,Apply for credit,7
R0127,Private bank,45-59,Open an account,9
R0127,Private bank,45-59,Make a payment,10
R0127,Private bank,45-59,Get support,5
R0127,Private bank,45-59,Apply for credit,6
R0128,Public bank,30-44,Open an account,10
R0128,Public bank,30-44,Make a payment,9
R0128,Public bank,30-44,Get support,6
R0128,Public bank,30-44,Apply for credit,5
R0129,Private bank,30-44,Open an account,9
R0129,Private bank,30-44,Make a payment,7
R0129,Private bank,30-44,Get support,9
R0129,Private bank,30-44,Apply for credit,8
R0130,Neobank / payments app,30-44,Open an account,7
R0130,Neobank / payments app,30-44,Make a payment,10
R0130,Neobank / payments app,30-44,Get support,4
R0130,Neobank / payments app,30-44,Apply for credit,8
R0131,Neobank / payments app,45-59,Open an account,10
R0131,Neobank / payments app,45-59,Make a payment,5
R0131,Neobank / payments app,45-59,Get support,3
R0131,Neobank / payments app,45-59,Apply for credit,7
R0132,Neobank / payments app,30-44,Open an account,5
R0132,Neobank / payments app,30-44,Make a payment,7
R0132,Neobank / payments app,30-44,Get support,5
R0132,Neobank / payments app,30-44,Apply for credit,7
R0133,Private bank,18-29,Open an account,8
R0133,Private bank,18-29,Make a payment,9
R0133,Private bank,18-29,Get support,7
R0133,Private bank,18-29,Apply for credit,5
R0134,Public bank,60+,Open an account,6
R0134,Public bank,60+,Make a payment,5
R0134,Public bank,60+,Get support,6
R0134,Public bank,60+,Apply for credit,10
R0135,Neobank / payments app,45-59,Open an account,9
R0135,Neobank / payments app,45-59,Make a payment,6
R0135,Neobank / payments app,45-59,Get support,3
R0135,Neobank / payments app,45-59,Apply for credit,5
R0136,Public bank,30-44,Open an account,4
R0136,Public bank,30-44,Make a payment,6
R0136,Public bank,30-44,Get support,6
R0136,Public bank,30-44,Apply for credit,4
R0137,Public bank,45-59,Open an account,8
R0137,Public bank,45-59,Make a payment,8
R0137,Public bank,45-59,Get support,6
R0137,Public bank,45-59,Apply for credit,6
R0138,Public bank,30-44,Open an account,7
R0138,Public bank,30-44,Make a payment,7
R0138,Public bank,30-44,Get support,6
R0138,Public bank,30-44,Apply for credit,7
R0139,Private bank,18-29,Open an account,7
R0139,Private bank,18-29,Make a payment,6
R0139,Private bank,18-29,Get support,7
R0139,Private bank,18-29,Apply for credit,10
R0140,Public bank,30-44,Open an account,8
R0140,Public bank,30-44,Make a payment,6
R0140,Public bank,30-44,Get support,6
R0140,Public bank,30-44,Apply for credit,3
R0141,Public bank,30-44,Open an account,10
R0141,Public bank,30-44,Make a payment,8
R0141,Public bank,30-44,Get support,6
R0141,Public bank,30-44,Apply for credit,7
R0142,Private bank,45-59,Open an account,8
R0142,Private bank,45-59,Make a payment,10
R0142,Private bank,45-59,Get support,9
R0142,Private bank,45-59,Apply for credit,6
R0143,Private bank,30-44,Open an account,9
R0143,Private bank,30-44,Make a payment,7
R0143,Private bank,30-44,Get support,6
R0143,Private bank,30-44,Apply for credit,5
R0144,Public bank,60+,Open an account,8
R0144,Public bank,60+,Make a payment,6
R0144,Public bank,60+,Get support,9
R0144,Public bank,60+,Apply for credit,5
R0145,Private bank,18-29,Open an account,8
R0145,Private bank,18-29,Make a payment,10
R0145,Private bank,18-29,Get support,4
R0145,Private bank,18-29,Apply for credit,7
R0146,Public bank,30-44,Open an account,5
R0146,Public bank,30-44,Make a payment,8
R0146,Public bank,30-44,Get support,8
R0146,Public bank,30-44,Apply for credit,4
R0147,Private bank,45-59,Open an account,7
R0147,Private bank,45-59,Make a payment,8
R0147,Private bank,45-59,Get support,7
R0147,Private bank,45-59,Apply for credit,10
R0148,Private bank,30-44,Open an account,8
R0148,Private bank,30-44,Make a payment,7
R0148,Private bank,30-44,Get support,4
R0148,Private bank,30-44,Apply for credit,6
R0149,Neobank / payments app,60+,Open an account,6
R0149,Neobank / payments app,60+,Make a payment,5
R0149,Neobank / payments app,60+,Get support,5
R0149,Neobank / payments app,60+,Apply for credit,8
R0150,Public bank,30-44,Open an account,4
R0150,Public bank,30-44,Make a payment,6
R0150,Public bank,30-44,Get support,7
R0150,Public bank,30-44,Apply for credit,9
R0151,Neobank / payments app,30-44,Open an account,5
R0151,Neobank / payments app,30-44,Make a payment,10
R0151,Neobank / payments app,30-44,Get support,3
R0151,Neobank / payments app,30-44,Apply for credit,10
R0152,Private bank,45-59,Open an account,8
R0152,Private bank,45-59,Make a payment,7
R0152,Private bank,45-59,Get support,7
R0152,Private bank,45-59,Apply for credit,10
R0153,Neobank / payments app,18-29,Open an account,5
R0153,Neobank / payments app,18-29,Make a payment,9
R0153,Neobank / payments app,18-29,Get support,6
R0153,Neobank / payments app,18-29,Apply for credit,6
R0154,Private bank,30-44,Open an account,8
R0154,Private bank,30-44,Make a payment,6
R0154,Private bank,30-44,Get support,9
R0154,Private bank,30-44,Apply for credit,9
R0155,Neobank / payments app,30-44,Open an account,8
R0155,Neobank / payments app,30-44,Make a payment,9
R0155,Neobank / payments app,30-44,Get support,9
R0155,Neobank / payments app,30-44,Apply for credit,7
R0156,Private bank,30-44,Open an account,7
R0156,Private bank,30-44,Make a payment,8
R0156,Private bank,30-44,Get support,7
R0156,Private bank,30-44,Apply for credit,9
R0157,Private bank,30-44,Open an account,3
R0157,Private bank,30-44,Make a payment,10
R0157,Private bank,30-44,Get support,7
R0157,Private bank,30-44,Apply for credit,9
R0158,Private bank,18-29,Open an account,7
R0158,Private bank,18-29,Make a payment,5
R0158,Private bank,18-29,Get support,7
R0158,Private bank,18-29,Apply for credit,9
R0159,Private bank,45-59,Open an account,5
R0159,Private bank,45-59,Make a payment,10
R0159,Private bank,45-59,Get support,4
R0159,Private bank,45-59,Apply for credit,8
R0160,Public bank,45-59,Open an account,8
R0160,Public bank,45-59,Make a payment,8
R0160,Public bank,45-59,Get support,5
R0160,Public bank,45-59,Apply for credit,6
R0161,Public bank,30-44,Open an account,5
R0161,Public bank,30-44,Make a payment,7
R0161,Public bank,30-44,Get support,8
R0161,Public bank,30-44,Apply for credit,4
R0162,Neobank / payments app,18-29,Open an account,9
R0162,Neobank / payments app,18-29,Make a payment,9
R0162,Neobank / payments app,18-29,Get support,8
R0162,Neobank / payments app,18-29,Apply for credit,7
R0163,Public bank,30-44,Open an account,5
R0163,Public bank,30-44,Make a payment,7
R0163,Public bank,30-44,Get support,8
R0163,Public bank,30-44,Apply for credit,8
R0164,Private bank,18-29,Open an account,8
R0164,Private bank,18-29,Make a payment,7
R0164,Private bank,18-29,Get support,8
R0164,Private bank,18-29,Apply for credit,5
R0165,Private bank,30-44,Open an account,7
R0165,Private bank,30-44,Make a payment,10
R0165,Private bank,30-44,Get support,7
R0165,Private bank,30-44,Apply for credit,7
R0166,Public bank,18-29,Open an account,6
R0166,Public bank,18-29,Make a payment,5
R0166,Public bank,18-29,Get support,6
R0166,Public bank,18-29,Apply for credit,6
R0167,Public bank,45-59,Open an account,5
R0167,Public bank,45-59,Make a payment,6
R0167,Public bank,45-59,Get support,7
R0167,Public bank,45-59,Apply for credit,6
R0168,Neobank / payments app,45-59,Open an account,10
R0168,Neobank / payments app,45-59,Make a payment,8
R0168,Neobank / payments app,45-59,Get support,3
R0168,Neobank / payments app,45-59,Apply for credit,9
R0169,Public bank,30-44,Open an account,6
R0169,Public bank,30-44,Make a payment,6
R0169,Public bank,30-44,Get support,10
R0169,Public bank,30-44,Apply for credit,9
R0170,Private bank,45-59,Open an account,4
R0170,Private bank,45-59,Make a payment,7
R0170,Private bank,45-59,Get support,10
R0170,Private bank,45-59,Apply for credit,7
R0171,Public bank,30-44,Open an account,6
R0171,Public bank,30-44,Make a payment,5
R0171,Public bank,30-44,Get support,6
R0171,Public bank,30-44,Apply for credit,7
R0172,Private bank,30-44,Open an account,7
R0172,Private bank,30-44,Make a payment,5
R0172,Private bank,30-44,Get support,10
R0172,Private bank,30-44,Apply for credit,10
R0173,Public bank,18-29,Open an account,8
R0173,Public bank,18-29,Make a payment,9
R0173,Public bank,18-29,Get support,10
R0173,Public bank,18-29,Apply for credit,5
R0174,Private bank,45-59,Open an account,6
R0174,Private bank,45-59,Make a payment,8
R0174,Private bank,45-59,Get support,9
R0174,Private bank,45-59,Apply for credit,7
R0175,Private bank,30-44,Open an account,7
R0175,Private bank,30-44,Make a payment,5
R0175,Private bank,30-44,Get support,8
R0175,Private bank,30-44,Apply for credit,5
R0176,Private bank,30-44,Open an account,6
R0176,Private bank,30-44,Make a payment,6
R0176,Private bank,30-44,Get support,6
R0176,Private bank,30-44,Apply for credit,8
R0177,Neobank / payments app,30-44,Open an account,10
R0177,Neobank / payments app,30-44,Make a payment,6
R0177,Neobank / payments app,30-44,Get support,9
R0177,Neobank / payments app,30-44,Apply for credit,7
R0178,Neobank / payments app,30-44,Open an account,8
R0178,Neobank / payments app,30-44,Make a payment,9
R0178,Neobank / payments app,30-44,Get support,9
R0178,Neobank / payments app,30-44,Apply for credit,7
R0179,Neobank / payments app,18-29,Open an account,9
R0179,Neobank / payments app,18-29,Make a payment,7
R0179,Neobank / payments app,18-29,Get support,4
R0179,Neobank / payments app,18-29,Apply for credit,8
R0180,Private bank,18-29,Open an account,6
R0180,Private bank,18-29,Make a payment,7
R0180,Private bank,18-29,Get support,10
R0180,Private bank,18-29,Apply for credit,3
R0181,Neobank / payments app,30-44,Open an account,8
R0181,Neobank / payments app,30-44,Make a payment,10
R0181,Neobank / payments app,30-44,Get support,7
R0181,Neobank / payments app,30-44,Apply for credit,8
R0182,Neobank / payments app,18-29,Open an account,10
R0182,Neobank / payments app,18-29,Make a payment,8
R0182,Neobank / payments app,18-29,Get support,4
R0182,Neobank / payments app,18-29,Apply for credit,9
R0183,Public bank,30-44,Open an account,2
R0183,Public bank,30-44,Make a payment,9
R0183,Public bank,30-44,Get support,7
R0183,Public bank,30-44,Apply for credit,10
R0184,Private bank,18-29,Open an account,7
R0184,Private bank,18-29,Make a payment,6
R0184,Private bank,18-29,Get support,8
R0184,Private bank,18-29,Apply for credit,9
R0185,Neobank / payments app,18-29,Open an account,10
R0185,Neobank / payments app,18-29,Make a payment,10
R0185,Neobank / payments app,18-29,Get support,6
R0185,Neobank / payments app,18-29,Apply for credit,7
R0186,Neobank / payments app,45-59,Open an account,10
R0186,Neobank / payments app,45-59,Make a payment,7
R0186,Neobank / payments app,45-59,Get support,10
R0186,Neobank / payments app,45-59,Apply for credit,8
R0187,Public bank,45-59,Open an account,7
R0187,Public bank,45-59,Make a payment,7
R0187,Public bank,45-59,Get support,2
R0187,Public bank,45-59,Apply for credit,3
R0188,Neobank / payments app,45-59,Open an account,8
R0188,Neobank / payments app,45-59,Make a payment,10
R0188,Neobank / payments app,45-59,Get support,7
R0188,Neobank / payments app,45-59,Apply for credit,4
R0189,Private bank,30-44,Open an account,9
R0189,Private bank,30-44,Make a payment,10
R0189,Private bank,30-44,Get support,7
R0189,Private bank,30-44,Apply for credit,8
R0190,Public bank,30-44,Open an account,2
R0190,Public bank,30-44,Make a payment,7
R0190,Public bank,30-44,Get support,8
R0190,Public bank,30-44,Apply for credit,7
R0191,Private bank,18-29,Open an account,5
R0191,Private bank,18-29,Make a payment,7
R0191,Private bank,18-29,Get support,8
R0191,Private bank,18-29,Apply for credit,7
R0192,Private bank,30-44,Open an account,6
R0192,Private bank,30-44,Make a payment,9
R0192,Private bank,30-44,Get support,3
R0192,Private bank,30-44,Apply for credit,4
R0193,Private bank,18-29,Open an account,10
R0193,Private bank,18-29,Make a payment,3
R0193,Private bank,18-29,Get support,7
R0193,Private bank,18-29,Apply for credit,8
R0194,Neobank / payments app,30-44,Open an account,7
R0194,Neobank / payments app,30-44,Make a payment,10
R0194,Neobank / payments app,30-44,Get support,3
R0194,Neobank / payments app,30-44,Apply for credit,8
R0195,Neobank / payments app,30-44,Open an account,10
R0195,Neobank / payments app,30-44,Make a payment,10
R0195,Neobank / payments app,30-44,Get support,6
R0195,Neobank / payments app,30-44,Apply for credit,9
R0196,Neobank / payments app,45-59,Open an account,8
R0196,Neobank / payments app,45-59,Make a payment,9
R0196,Neobank / payments app,45-59,Get support,9
R0196,Neobank / payments app,45-59,Apply for credit,5
R0197,Private bank,30-44,Open an account,8
R0197,Private bank,30-44,Make a payment,8
R0197,Private bank,30-44,Get support,5
R0197,Private bank,30-44,Apply for credit,9
R0198,Private bank,30-44,Open an account,10
R0198,Private bank,30-44,Make a payment,9
R0198,Private bank,30-44,Get support,6
R0198,Private bank,30-44,Apply for credit,5
R0199,Public bank,18-29,Open an account,8
R0199,Public bank,18-29,Make a payment,10
R0199,Public bank,18-29,Get support,6
R0199,Public bank,18-29,Apply for credit,6
R0200,Private bank,60+,Open an account,6
R0200,Private bank,60+,Make a payment,8
R0200,Private bank,60+,Get support,10
R0200,Private bank,60+,Apply for credit,10
R0201,Private bank,30-44,Open an account,10
R0201,Private bank,30-44,Make a payment,10
R0201,Private bank,30-44,Get support,9
R0201,Private bank,30-44,Apply for credit,6
R0202,Private bank,60+,Open an account,7
R0202,Private bank,60+,Make a payment,6
R0202,Private bank,60+,Get support,9
R0202,Private bank,60+,Apply for credit,7
R0203,Private bank,30-44,Open an account,8
R0203,Private bank,30-44,Make a payment,7
R0203,Private bank,30-44,Get support,7
R0203,Private bank,30-44,Apply for credit,8
R0204,Private bank,45-59,Open an account,8
R0204,Private bank,45-59,Make a payment,9
R0204,Private bank,45-59,Get support,8
R0204,Private bank,45-59,Apply for credit,7
R0205,Neobank / payments app,18-29,Open an account,10
R0205,Neobank / payments app,18-29,Make a payment,10
R0205,Neobank / payments app,18-29,Get support,7
R0205,Neobank / payments app,18-29,Apply for credit,9
R0206,Public bank,45-59,Open an account,6
R0206,Public bank,45-59,Make a payment,9
R0206,Public bank,45-59,Get support,5
R0206,Public bank,45-59,Apply for credit,5
R0207,Public bank,30-44,Open an account,6
R0207,Public bank,30-44,Make a payment,4
R0207,Public bank,30-44,Get support,8
R0207,Public bank,30-44,Apply for credit,4
R0208,Neobank / payments app,45-59,Open an account,7
R0208,Neobank / payments app,45-59,Make a payment,8
R0208,Neobank / payments app,45-59,Get support,7
R0208,Neobank / payments app,45-59,Apply for credit,9
R0209,Private bank,30-44,Open an account,9
R0209,Private bank,30-44,Make a payment,8
R0209,Private bank,30-44,Get support,6
R0209,Private bank,30-44,Apply for credit,9
R0210,Public bank,45-59,Open an account,8
R0210,Public bank,45-59,Make a payment,4
R0210,Public bank,45-59,Get support,10
R0210,Public bank,45-59,Apply for credit,10
R0211,Neobank / payments app,30-44,Open an account,7
R0211,Neobank / payments app,30-44,Make a payment,9
R0211,Neobank / payments app,30-44,Get support,7
R0211,Neobank / payments app,30-44,Apply for credit,10
R0212,Private bank,18-29,Open an account,8
R0212,Private bank,18-29,Make a payment,10
R0212,Private bank,18-29,Get support,10
R0212,Private bank,18-29,Apply for credit,10
R0213,Public bank,18-29,Open an account,10
R0213,Public bank,18-29,Make a payment,7
R0213,Public bank,18-29,Get support,5
R0213,Public bank,18-29,Apply for credit,6
R0214,Neobank / payments app,30-44,Open an account,10
R0214,Neobank / payments app,30-44,Make a payment,10
R0214,Neobank / payments app,30-44,Get support,9
R0214,Neobank / payments app,30-44,Apply for credit,7
R0215,Private bank,30-44,Open an account,8
R0215,Private bank,30-44,Make a payment,6
R0215,Private bank,30-44,Get support,7
R0215,Private bank,30-44,Apply for credit,9
R0216,Public bank,30-44,Open an account,6
R0216,Public bank,30-44,Make a payment,5
R0216,Public bank,30-44,Get support,8
R0216,Public bank,30-44,Apply for credit,6
R0217,Private bank,30-44,Open an account,5
R0217,Private bank,30-44,Make a payment,7
R0217,Private bank,30-44,Get support,7
R0217,Private bank,30-44,Apply for credit,4
R0218,Private bank,18-29,Open an account,5
R0218,Private bank,18-29,Make a payment,7
R0218,Private bank,18-29,Get support,7
R0218,Private bank,18-29,Apply for credit,3
R0219,Private bank,30-44,Open an account,6
R0219,Private bank,30-44,Make a payment,8
R0219,Private bank,30-44,Get support,8
R0219,Private bank,30-44,Apply for credit,9
R0220,Neobank / payments app,18-29,Open an account,10
R0220,Neobank / payments app,18-29,Make a payment,9
R0220,Neobank / payments app,18-29,Get support,4
R0220,Neobank / payments app,18-29,Apply for credit,7
R0221,Public bank,30-44,Open an account,5
R0221,Public bank,30-44,Make a payment,9
R0221,Public bank,30-44,Get support,7
R0221,Public bank,30-44,Apply for credit,6
R0222,Neobank / payments app,60+,Open an account,6
R0222,Neobank / payments app,60+,Make a payment,8
R0222,Neobank / payments app,60+,Get support,5
R0222,Neobank / payments app,60+,Apply for credit,10
R0223,Neobank / payments app,18-29,Open an account,10
R0223,Neobank / payments app,18-29,Make a payment,10
R0223,Neobank / payments app,18-29,Get support,8
R0223,Neobank / payments app,18-29,Apply for credit,7
R0224,Private bank,18-29,Open an account,6
R0224,Private bank,18-29,Make a payment,7
R0224,Private bank,18-29,Get support,8
R0224,Private bank,18-29,Apply for credit,3
R0225,Private bank,18-29,Open an account,7
R0225,Private bank,18-29,Make a payment,5
R0225,Private bank,18-29,Get support,5
R0225,Private bank,18-29,Apply for credit,6
R0226,Private bank,30-44,Open an account,6
R0226,Private bank,30-44,Make a payment,10
R0226,Private bank,30-44,Get support,6
R0226,Private bank,30-44,Apply for credit,6
R0227,Neobank / payments app,60+,Open an account,10
R0227,Neobank / payments app,60+,Make a payment,10
R0227,Neobank / payments app,60+,Get support,2
R0227,Neobank / payments app,60+,Apply for credit,7
R0228,Private bank,30-44,Open an account,10
R0228,Private bank,30-44,Make a payment,8
R0228,Private bank,30-44,Get support,7
R0228,Private bank,30-44,Apply for credit,9
R0229,Neobank / payments app,30-44,Open an account,9
R0229,Neobank / payments app,30-44,Make a payment,9
R0229,Neobank / payments app,30-44,Get support,4
R0229,Neobank / payments app,30-44,Apply for credit,8
R0230,Public bank,18-29,Open an account,4
R0230,Public bank,18-29,Make a payment,10
R0230,Public bank,18-29,Get support,7
R0230,Public bank,18-29,Apply for credit,2
R0231,Neobank / payments app,30-44,Open an account,9
R0231,Neobank / payments app,30-44,Make a payment,10
R0231,Neobank / payments app,30-44,Get support,7
R0231,Neobank / payments app,30-44,Apply for credit,4
R0232,Neobank / payments app,45-59,Open an account,7
R0232,Neobank / payments app,45-59,Make a payment,6
R0232,Neobank / payments app,45-59,Get support,6
R0232,Neobank / payments app,45-59,Apply for credit,7
R0233,Neobank / payments app,18-29,Open an account,7
R0233,Neobank / payments app,18-29,Make a payment,10
R0233,Neobank / payments app,18-29,Get support,7
R0233,Neobank / payments app,18-29,Apply for credit,4
R0234,Public bank,45-59,Open an account,7
R0234,Public bank,45-59,Make a payment,8
R0234,Public bank,45-59,Get support,8
R0234,Public bank,45-59,Apply for credit,8
R0235,Public bank,30-44,Open an account,3
R0235,Public bank,30-44,Make a payment,5
R0235,Public bank,30-44,Get support,5
R0235,Public bank,30-44,Apply for credit,8
R0236,Neobank / payments app,30-44,Open an account,10
R0236,Neobank / payments app,30-44,Make a payment,10
R0236,Neobank / payments app,30-44,Get support,5
R0236,Neobank / payments app,30-44,Apply for credit,7
R0237,Neobank / payments app,60+,Open an account,9
R0237,Neobank / payments app,60+,Make a payment,8
R0237,Neobank / payments app,60+,Get support,2
R0237,Neobank / payments app,60+,Apply for credit,10
R0238,Neobank / payments app,18-29,Open an account,8
R0238,Neobank / payments app,18-29,Make a payment,10
R0238,Neobank / payments app,18-29,Get support,7
R0238,Neobank / payments app,18-29,Apply for credit,4
R0239,Neobank / payments app,30-44,Open an account,7
R0239,Neobank / payments app,30-44,Make a payment,8
R0239,Neobank / payments app,30-44,Get support,6
R0239,Neobank / payments app,30-44,Apply for credit,8
R0240,Public bank,45-59,Open an account,8
R0240,Public bank,45-59,Make a payment,9
R0240,Public bank,45-59,Get support,5
R0240,Public bank,45-59,Apply for credit,7
R0241,Private bank,18-29,Open an account,7
R0241,Private bank,18-29,Make a payment,7
R0241,Private bank,18-29,Get support,8
R0241,Private bank,18-29,Apply for credit,6
R0242,Private bank,18-29,Open an account,7
R0242,Private bank,18-29,Make a payment,9
R0242,Private bank,18-29,Get support,6
R0242,Private bank,18-29,Apply for credit,7
R0243,Public bank,18-29,Open an account,5
R0243,Public bank,18-29,Make a payment,7
R0243,Public bank,18-29,Get support,8
R0243,Public bank,18-29,Apply for credit,5
R0244,Public bank,45-59,Open an account,7
R0244,Public bank,45-59,Make a payment,7
R0244,Public bank,45-59,Get support,7
R0244,Public bank,45-59,Apply for credit,9
R0245,Public bank,60+,Open an account,1
R0245,Public bank,60+,Make a payment,8
R0245,Public bank,60+,Get support,7
R0245,Public bank,60+,Apply for credit,8
R0246,Neobank / payments app,18-29,Open an account,6
R0246,Neobank / payments app,18-29,Make a payment,10
R0246,Neobank / payments app,18-29,Get support,9
R0246,Neobank / payments app,18-29,Apply for credit,5
R0247,Public bank,30-44,Open an account,6
R0247,Public bank,30-44,Make a payment,5
R0247,Public bank,30-44,Get support,6
R0247,Public bank,30-44,Apply for credit,8
R0248,Neobank / payments app,30-44,Open an account,6
R0248,Neobank / payments app,30-44,Make a payment,10
R0248,Neobank / payments app,30-44,Get support,5
R0248,Neobank / payments app,30-44,Apply for credit,6
R0249,Private bank,30-44,Open an account,8
R0249,Private bank,30-44,Make a payment,8
R0249,Private bank,30-44,Get support,7
R0249,Private bank,30-44,Apply for credit,10
R0250,Neobank / payments app,18-29,Open an account,6
R0250,Neobank / payments app,18-29,Make a payment,10
R0250,Neobank / payments app,18-29,Get support,5
R0250,Neobank / payments app,18-29,Apply for credit,7
R0251,Public bank,60+,Open an account,7
R0251,Public bank,60+,Make a payment,8
R0251,Public bank,60+,Get support,6
R0251,Public bank,60+,Apply for credit,5
R0252,Private bank,60+,Open an account,7
R0252,Private bank,60+,Make a payment,9
R0252,Private bank,60+,Get support,8
R0252,Private bank,60+,Apply for credit,5
R0253,Public bank,18-29,Open an account,7
R0253,Public bank,18-29,Make a payment,5
R0253,Public bank,18-29,Get support,10
R0253,Public bank,18-29,Apply for credit,4
R0254,Neobank / payments app,18-29,Open an account,10
R0254,Neobank / payments app,18-29,Make a payment,7
R0254,Neobank / payments app,18-29,Get support,10
R0254,Neobank / payments app,18-29,Apply for credit,7
R0255,Private bank,30-44,Open an account,10
R0255,Private bank,30-44,Make a payment,8
R0255,Private bank,30-44,Get support,5
R0255,Private bank,30-44,Apply for credit,7
R0256,Neobank / payments app,30-44,Open an account,7
R0256,Neobank / payments app,30-44,Make a payment,9
R0256,Neobank / payments app,30-44,Get support,6
R0256,Neobank / payments app,30-44,Apply for credit,7
R0257,Private bank,30-44,Open an account,6
R0257,Private bank,30-44,Make a payment,6
R0257,Private bank,30-44,Get support,10
R0257,Private bank,30-44,Apply for credit,8
R0258,Neobank / payments app,18-29,Open an account,10
R0258,Neobank / payments app,18-29,Make a payment,10
R0258,Neobank / payments app,18-29,Get support,5
R0258,Neobank / payments app,18-29,Apply for credit,7
R0259,Private bank,45-59,Open an account,9
R0259,Private bank,45-59,Make a payment,8
R0259,Private bank,45-59,Get support,3
R0259,Private bank,45-59,Apply for credit,8
R0260,Neobank / payments app,30-44,Open an account,10
R0260,Neobank / payments app,30-44,Make a payment,10
R0260,Neobank / payments app,30-44,Get support,5
R0260,Neobank / payments app,30-44,Apply for credit,9
R0261,Public bank,18-29,Open an account,10
R0261,Public bank,18-29,Make a payment,9
R0261,Public bank,18-29,Get support,9
R0261,Public bank,18-29,Apply for credit,3
R0262,Public bank,18-29,Open an account,7
R0262,Public bank,18-29,Make a payment,7
R0262,Public bank,18-29,Get support,7
R0262,Public bank,18-29,Apply for credit,7
R0263,Public bank,45-59,Open an account,5
R0263,Public bank,45-59,Make a payment,9
R0263,Public bank,45-59,Get support,5
R0263,Public bank,45-59,Apply for credit,7
R0264,Neobank / payments app,45-59,Open an account,9
R0264,Neobank / payments app,45-59,Make a payment,8
R0264,Neobank / payments app,45-59,Get support,4
R0264,Neobank / payments app,45-59,Apply for credit,8
R0265,Public bank,45-59,Open an account,6
R0265,Public bank,45-59,Make a payment,7
R0265,Public bank,45-59,Get support,6
R0265,Public bank,45-59,Apply for credit,3
R0266,Private bank,60+,Open an account,9
R0266,Private bank,60+,Make a payment,10
R0266,Private bank,60+,Get support,8
R0266,Private bank,60+,Apply for credit,8
R0267,Neobank / payments app,18-29,Open an account,7
R0267,Neobank / payments app,18-29,Make a payment,8
R0267,Neobank / payments app,18-29,Get support,6
R0267,Neobank / payments app,18-29,Apply for credit,7
R0268,Neobank / payments app,45-59,Open an account,6
R0268,Neobank / payments app,45-59,Make a payment,8
R0268,Neobank / payments app,45-59,Get support,6
R0268,Neobank / payments app,45-59,Apply for credit,4
R0269,Public bank,60+,Open an account,5
R0269,Public bank,60+,Make a payment,9
R0269,Public bank,60+,Get support,6
R0269,Public bank,60+,Apply for credit,9
R0270,Neobank / payments app,45-59,Open an account,10
R0270,Neobank / payments app,45-59,Make a payment,10
R0270,Neobank / payments app,45-59,Get support,7
R0270,Neobank / payments app,45-59,Apply for credit,10
R0271,Private bank,18-29,Open an account,7
R0271,Private bank,18-29,Make a payment,9
R0271,Private bank,18-29,Get support,9
R0271,Private bank,18-29,Apply for credit,5
R0272,Neobank / payments app,18-29,Open an account,6
R0272,Neobank / payments app,18-29,Make a payment,8
R0272,Neobank / payments app,18-29,Get support,9
R0272,Neobank / payments app,18-29,Apply for credit,10
R0273,Private bank,60+,Open an account,7
R0273,Private bank,60+,Make a payment,7
R0273,Private bank,60+,Get support,5
R0273,Private bank,60+,Apply for credit,7
R0274,Public bank,18-29,Open an account,7
R0274,Public bank,18-29,Make a payment,8
R0274,Public bank,18-29,Get support,3
R0274,Public bank,18-29,Apply for credit,7
R0275,Private bank,18-29,Open an account,6
R0275,Private bank,18-29,Make a payment,8
R0275,Private bank,18-29,Get support,8
R0275,Private bank,18-29,Apply for credit,5
R0276,Neobank / payments app,60+,Open an account,9
R0276,Neobank / payments app,60+,Make a payment,8
R0276,Neobank / payments app,60+,Get support,5
R0276,Neobank / payments app,60+,Apply for credit,9
R0277,Private bank,45-59,Open an account,6
R0277,Private bank,45-59,Make a payment,9
R0277,Private bank,45-59,Get support,3
R0277,Private bank,45-59,Apply for credit,10
R0278,Neobank / payments app,18-29,Open an account,8
R0278,Neobank / payments app,18-29,Make a payment,7
R0278,Neobank / payments app,18-29,Get support,10
R0278,Neobank / payments app,18-29,Apply for credit,8
R0279,Neobank / payments app,18-29,Open an account,10
R0279,Neobank / payments app,18-29,Make a payment,10
R0279,Neobank / payments app,18-29,Get support,6
R0279,Neobank / payments app,18-29,Apply for credit,8
R0280,Private bank,30-44,Open an account,9
R0280,Private bank,30-44,Make a payment,8
R0280,Private bank,30-44,Get support,9
R0280,Private bank,30-44,Apply for credit,10
R0281,Private bank,30-44,Open an account,8
R0281,Private bank,30-44,Make a payment,7
R0281,Private bank,30-44,Get support,9
R0281,Private bank,30-44,Apply for credit,6
R0282,Private bank,30-44,Open an account,5
R0282,Private bank,30-44,Make a payment,10
R0282,Private bank,30-44,Get support,7
R0282,Private bank,30-44,Apply for credit,10
R0283,Neobank / payments app,45-59,Open an account,10
R0283,Neobank / payments app,45-59,Make a payment,5
R0283,Neobank / payments app,45-59,Get support,4
R0283,Neobank / payments app,45-59,Apply for credit,7
R0284,Neobank / payments app,18-29,Open an account,9
R0284,Neobank / payments app,18-29,Make a payment,10
R0284,Neobank / payments app,18-29,Get support,6
R0284,Neobank / payments app,18-29,Apply for credit,9
R0285,Private bank,30-44,Open an account,6
R0285,Private bank,30-44,Make a payment,8
R0285,Private bank,30-44,Get support,8
R0285,Private bank,30-44,Apply for credit,7
R0286,Public bank,18-29,Open an account,1
R0286,Public bank,18-29,Make a payment,7
R0286,Public bank,18-29,Get support,6
R0286,Public bank,18-29,Apply for credit,5
R0287,Public bank,18-29,Open an account,7
R0287,Public bank,18-29,Make a payment,6
R0287,Public bank,18-29,Get support,5
R0287,Public bank,18-29,Apply for credit,1
R0288,Private bank,30-44,Open an account,6
R0288,Private bank,30-44,Make a payment,7
R0288,Private bank,30-44,Get support,5
R0288,Private bank,30-44,Apply for credit,9
R0289,Neobank / payments app,30-44,Open an account,7
R0289,Neobank / payments app,30-44,Make a payment,9
R0289,Neobank / payments app,30-44,Get support,8
R0289,Neobank / payments app,30-44,Apply for credit,3
R0290,Private bank,18-29,Open an account,7
R0290,Private bank,18-29,Make a payment,8
R0290,Private bank,18-29,Get support,7
R0290,Private bank,18-29,Apply for credit,9
R0291,Private bank,30-44,Open an account,8
R0291,Private bank,30-44,Make a payment,8
R0291,Private bank,30-44,Get support,9
R0291,Private bank,30-44,Apply for credit,7
R0292,Neobank / payments app,18-29,Open an account,10
R0292,Neobank / payments app,18-29,Make a payment,10
R0292,Neobank / payments app,18-29,Get support,9
R0292,Neobank / payments app,18-29,Apply for credit,7
R0293,Private bank,45-59,Open an account,10
R0293,Private bank,45-59,Make a payment,9
R0293,Private bank,45-59,Get support,6
R0293,Private bank,45-59,Apply for credit,8
R0294,Neobank / payments app,18-29,Open an account,10
R0294,Neobank / payments app,18-29,Make a payment,6
R0294,Neobank / payments app,18-29,Get support,6
R0294,Neobank / payments app,18-29,Apply for credit,9
R0295,Public bank,60+,Open an account,6
R0295,Public bank,60+,Make a payment,6
R0295,Public bank,60+,Get support,3
R0295,Public bank,60+,Apply for credit,4
R0296,Private bank,18-29,Open an account,10
R0296,Private bank,18-29,Make a payment,7
R0296,Private bank,18-29,Get support,10
R0296,Private bank,18-29,Apply for credit,8
R0297,Private bank,30-44,Open an account,4
R0297,Private bank,30-44,Make a payment,9
R0297,Private bank,30-44,Get support,8
R0297,Private bank,30-44,Apply for credit,9
R0298,Public bank,18-29,Open an account,10
R0298,Public bank,18-29,Make a payment,8
R0298,Public bank,18-29,Get support,8
R0298,Public bank,18-29,Apply for credit,6
R0299,Private bank,30-44,Open an account,8
R0299,Private bank,30-44,Make a payment,6
R0299,Private bank,30-44,Get support,7
R0299,Private bank,30-44,Apply for credit,5
R0300,Private bank,30-44,Open an account,8
R0300,Private bank,30-44,Make a payment,6
R0300,Private bank,30-44,Get support,8
R0300,Private bank,30-44,Apply for credit,10
R0301,Private bank,45-59,Open an account,7
R0301,Private bank,45-59,Make a payment,10
R0301,Private bank,45-59,Get support,8
R0301,Private bank,45-59,Apply for credit,7
R0302,Public bank,18-29,Open an account,4
R0302,Public bank,18-29,Make a payment,4
R0302,Public bank,18-29,Get support,5
R0302,Public bank,18-29,Apply for credit,5
R0303,Neobank / payments app,30-44,Open an account,8
R0303,Neobank / payments app,30-44,Make a payment,9
R0303,Neobank / payments app,30-44,Get support,7
R0303,Neobank / payments app,30-44,Apply for credit,7
R0304,Private bank,18-29,Open an account,6
R0304,Private bank,18-29,Make a payment,10
R0304,Private bank,18-29,Get support,9
R0304,Private bank,18-29,Apply for credit,4
R0305,Public bank,30-44,Open an account,9
R0305,Public bank,30-44,Make a payment,8
R0305,Public bank,30-44,Get support,8
R0305,Public bank,30-44,Apply for credit,6
R0306,Neobank / payments app,60+,Open an account,9
R0306,Neobank / payments app,60+,Make a payment,10
R0306,Neobank / payments app,60+,Get support,8
R0306,Neobank / payments app,60+,Apply for credit,8
R0307,Public bank,45-59,Open an account,6
R0307,Public bank,45-59,Make a payment,8
R0307,Public bank,45-59,Get support,7
R0307,Public bank,45-59,Apply for credit,6
R0308,Private bank,60+,Open an account,8
R0308,Private bank,60+,Make a payment,6
R0308,Private bank,60+,Get support,7
R0308,Private bank,60+,Apply for credit,9
R0309,Public bank,18-29,Open an account,7
R0309,Public bank,18-29,Make a payment,7
R0309,Public bank,18-29,Get support,5
R0309,Public bank,18-29,Apply for credit,8
R0310,Private bank,30-44,Open an account,6
R0310,Private bank,30-44,Make a payment,6
R0310,Private bank,30-44,Get support,10
R0310,Private bank,30-44,Apply for credit,8
R0311,Private bank,30-44,Open an account,7
R0311,Private bank,30-44,Make a payment,8
R0311,Private bank,30-44,Get support,8
R0311,Private bank,30-44,Apply for credit,6
R0312,Private bank,30-44,Open an account,8
R0312,Private bank,30-44,Make a payment,8
R0312,Private bank,30-44,Get support,7
R0312,Private bank,30-44,Apply for credit,10
R0313,Public bank,18-29,Open an account,5
R0313,Public bank,18-29,Make a payment,10
R0313,Public bank,18-29,Get support,5
R0313,Public bank,18-29,Apply for credit,8
R0314,Neobank / payments app,30-44,Open an account,10
R0314,Neobank / payments app,30-44,Make a payment,7
R0314,Neobank / payments app,30-44,Get support,7
R0314,Neobank / payments app,30-44,Apply for credit,10
R0315,Private bank,30-44,Open an account,7
R0315,Private bank,30-44,Make a payment,7
R0315,Private bank,30-44,Get support,6
R0315,Private bank,30-44,Apply for credit,7
R0316,Public bank,30-44,Open an account,8
R0316,Public bank,30-44,Make a payment,10
R0316,Public bank,30-44,Get support,7
R0316,Public bank,30-44,Apply for credit,10
R0317,Private bank,30-44,Open an account,4
R0317,Private bank,30-44,Make a payment,7
R0317,Private bank,30-44,Get support,8
R0317,Private bank,30-44,Apply for credit,6
R0318,Neobank / payments app,18-29,Open an account,9
R0318,Neobank / payments app,18-29,Make a payment,9
R0318,Neobank / payments app,18-29,Get support,5
R0318,Neobank / payments app,18-29,Apply for credit,10
R0319,Private bank,30-44,Open an account,7
R0319,Private bank,30-44,Make a payment,6
R0319,Private bank,30-44,Get support,6
R0319,Private bank,30-44,Apply for credit,8
R0320,Neobank / payments app,30-44,Open an account,8
R0320,Neobank / payments app,30-44,Make a payment,10
R0320,Neobank / payments app,30-44,Get support,3
R0320,Neobank / payments app,30-44,Apply for credit,10
R0321,Public bank,18-29,Open an account,6
R0321,Public bank,18-29,Make a payment,9
R0321,Public bank,18-29,Get support,8
R0321,Public bank,18-29,Apply for credit,4
R0322,Neobank / payments app,60+,Open an account,4
R0322,Neobank / payments app,60+,Make a payment,8
R0322,Neobank / payments app,60+,Get support,3
R0322,Neobank / payments app,60+,Apply for credit,5
R0323,Public bank,18-29,Open an account,5
R0323,Public bank,18-29,Make a payment,8
R0323,Public bank,18-29,Get support,6
R0323,Public bank,18-29,Apply for credit,5
R0324,Private bank,30-44,Open an account,9
R0324,Private bank,30-44,Make a payment,6
R0324,Private bank,30-44,Get support,7
R0324,Private bank,30-44,Apply for credit,7
R0325,Private bank,30-44,Open an account,8
R0325,Private bank,30-44,Make a payment,5
R0325,Private bank,30-44,Get support,7
R0325,Private bank,30-44,Apply for credit,7
R0326,Private bank,45-59,Open an account,10
R0326,Private bank,45-59,Make a payment,8
R0326,Private bank,45-59,Get support,8
R0326,Private bank,45-59,Apply for credit,10
R0327,Neobank / payments app,18-29,Open an account,8
R0327,Neobank / payments app,18-29,Make a payment,10
R0327,Neobank / payments app,18-29,Get support,10
R0327,Neobank / payments app,18-29,Apply for credit,9
R0328,Neobank / payments app,18-29,Open an account,8
R0328,Neobank / payments app,18-29,Make a payment,10
R0328,Neobank / payments app,18-29,Get support,9
R0328,Neobank / payments app,18-29,Apply for credit,9
R0329,Private bank,30-44,Open an account,7
R0329,Private bank,30-44,Make a payment,8
R0329,Private bank,30-44,Get support,5
R0329,Private bank,30-44,Apply for credit,5
R0330,Private bank,30-44,Open an account,5
R0330,Private bank,30-44,Make a payment,8
R0330,Private bank,30-44,Get support,6
R0330,Private bank,30-44,Apply for credit,6
R0331,Private bank,18-29,Open an account,7
R0331,Private bank,18-29,Make a payment,7
R0331,Private bank,18-29,Get support,5
R0331,Private bank,18-29,Apply for credit,7
R0332,Neobank / payments app,18-29,Open an account,8
R0332,Neobank / payments app,18-29,Make a payment,7
R0332,Neobank / payments app,18-29,Get support,9
R0332,Neobank / payments app,18-29,Apply for credit,7
R0333,Neobank / payments app,30-44,Open an account,9
R0333,Neobank / payments app,30-44,Make a payment,8
R0333,Neobank / payments app,30-44,Get support,4
R0333,Neobank / payments app,30-44,Apply for credit,9
R0334,Public bank,30-44,Open an account,9
R0334,Public bank,30-44,Make a payment,4
R0334,Public bank,30-44,Get support,7
R0334,Public bank,30-44,Apply for credit,9
R0335,Private bank,30-44,Open an account,9
R0335,Private bank,30-44,Make a payment,7
R0335,Private bank,30-44,Get support,10
R0335,Private bank,30-44,Apply for credit,6
R0336,Private bank,18-29,Open an account,10
R0336,Private bank,18-29,Make a payment,5
R0336,Private bank,18-29,Get support,6
R0336,Private bank,18-29,Apply for credit,6
R0337,Neobank / payments app,18-29,Open an account,8
R0337,Neobank / payments app,18-29,Make a payment,10
R0337,Neobank / payments app,18-29,Get support,7
R0337,Neobank / payments app,18-29,Apply for credit,7
R0338,Private bank,45-59,Open an account,8
R0338,Private bank,45-59,Make a payment,9
R0338,Private bank,45-59,Get support,8
R0338,Private bank,45-59,Apply for credit,10
R0339,Private bank,30-44,Open an account,9
R0339,Private bank,30-44,Make a payment,10
R0339,Private bank,30-44,Get support,8
R0339,Private bank,30-44,Apply for credit,5
R0340,Private bank,30-44,Open an account,7
R0340,Private bank,30-44,Make a payment,7
R0340,Private bank,30-44,Get support,5
R0340,Private bank,30-44,Apply for credit,5
R0341,Private bank,45-59,Open an account,10
R0341,Private bank,45-59,Make a payment,9
R0341,Private bank,45-59,Get support,4
R0341,Private bank,45-59,Apply for credit,6
R0342,Neobank / payments app,18-29,Open an account,10
R0342,Neobank / payments app,18-29,Make a payment,10
R0342,Neobank / payments app,18-29,Get support,6
R0342,Neobank / payments app,18-29,Apply for credit,10
R0343,Private bank,18-29,Open an account,6
R0343,Private bank,18-29,Make a payment,7
R0343,Private bank,18-29,Get support,5
R0343,Private bank,18-29,Apply for credit,7
R0344,Public bank,18-29,Open an account,4
R0344,Public bank,18-29,Make a payment,7
R0344,Public bank,18-29,Get support,8
R0344,Public bank,18-29,Apply for credit,9
R0345,Private bank,18-29,Open an account,9
R0345,Private bank,18-29,Make a payment,6
R0345,Private bank,18-29,Get support,8
R0345,Private bank,18-29,Apply for credit,7
R0346,Neobank / payments app,30-44,Open an account,9
R0346,Neobank / payments app,30-44,Make a payment,7
R0346,Neobank / payments app,30-44,Get support,4
R0346,Neobank / payments app,30-44,Apply for credit,8
R0347,Private bank,18-29,Open an account,7
R0347,Private bank,18-29,Make a payment,7
R0347,Private bank,18-29,Get support,10
R0347,Private bank,18-29,Apply for credit,7
R0348,Private bank,30-44,Open an account,7
R0348,Private bank,30-44,Make a payment,9
R0348,Private bank,30-44,Get support,9
R0348,Private bank,30-44,Apply for credit,8
R0349,Neobank / payments app,18-29,Open an account,8
R0349,Neobank / payments app,18-29,Make a payment,8
R0349,Neobank / payments app,18-29,Get support,6
R0349,Neobank / payments app,18-29,Apply for credit,8
R0350,Neobank / payments app,45-59,Open an account,10
R0350,Neobank / payments app,45-59,Make a payment,10
R0350,Neobank / payments app,45-59,Get support,7
R0350,Neobank / payments app,45-59,Apply for credit,5
R0351,Public bank,18-29,Open an account,7
R0351,Public bank,18-29,Make a payment,6
R0351,Public bank,18-29,Get support,5
R0351,Public bank,18-29,Apply for credit,6
R0352,Public bank,45-59,Open an account,6
R0352,Public bank,45-59,Make a payment,7
R0352,Public bank,45-59,Get support,4
R0352,Public bank,45-59,Apply for credit,5
R0353,Private bank,30-44,Open an account,4
R0353,Private bank,30-44,Make a payment,9
R0353,Private bank,30-44,Get support,7
R0353,Private bank,30-44,Apply for credit,9
R0354,Private bank,18-29,Open an account,8
R0354,Private bank,18-29,Make a payment,7
R0354,Private bank,18-29,Get support,4
R0354,Private bank,18-29,Apply for credit,7
R0355,Private bank,18-29,Open an account,9
R0355,Private bank,18-29,Make a payment,10
R0355,Private bank,18-29,Get support,7
R0355,Private bank,18-29,Apply for credit,7
R0356,Neobank / payments app,18-29,Open an account,6
R0356,Neobank / payments app,18-29,Make a payment,8
R0356,Neobank / payments app,18-29,Get support,10
R0356,Neobank / payments app,18-29,Apply for credit,6
R0357,Private bank,60+,Open an account,9
R0357,Private bank,60+,Make a payment,10
R0357,Private bank,60+,Get support,7
R0357,Private bank,60+,Apply for credit,9
R0358,Neobank / payments app,45-59,Open an account,8
R0358,Neobank / payments app,45-59,Make a payment,9
R0358,Neobank / payments app,45-59,Get support,4
R0358,Neobank / payments app,45-59,Apply for credit,7
R0359,Neobank / payments app,30-44,Open an account,9
R0359,Neobank / payments app,30-44,Make a payment,10
R0359,Neobank / payments app,30-44,Get support,7
R0359,Neobank / payments app,30-44,Apply for credit,9
R0360,Neobank / payments app,30-44,Open an account,10
R0360,Neobank / payments app,30-44,Make a payment,10
R0360,Neobank / payments app,30-44,Get support,5
R0360,Neobank / payments app,30-44,Apply for credit,5
R0361,Public bank,30-44,Open an account,4
R0361,Public bank,30-44,Make a payment,6
R0361,Public bank,30-44,Get support,5
R0361,Public bank,30-44,Apply for credit,6
R0362,Private bank,18-29,Open an account,9
R0362,Private bank,18-29,Make a payment,9
R0362,Private bank,18-29,Get support,9
R0362,Private bank,18-29,Apply for credit,7
R0363,Neobank / payments app,18-29,Open an account,9
R0363,Neobank / payments app,18-29,Make a payment,10
R0363,Neobank / payments app,18-29,Get support,8
R0363,Neobank / payments app,18-29,Apply for credit,6
R0364,Neobank / payments app,30-44,Open an account,8
R0364,Neobank / payments app,30-44,Make a payment,9
R0364,Neobank / payments app,30-44,Get support,9
R0364,Neobank / payments app,30-44,Apply for credit,5
R0365,Private bank,18-29,Open an account,9
R0365,Private bank,18-29,Make a payment,7
R0365,Private bank,18-29,Get support,10
R0365,Private bank,18-29,Apply for credit,10
R0366,Private bank,30-44,Open an account,9
R0366,Private bank,30-44,Make a payment,6
R0366,Private bank,30-44,Get support,8
R0366,Private bank,30-44,Apply for credit,9
R0367,Private bank,45-59,Open an account,8
R0367,Private bank,45-59,Make a payment,10
R0367,Private bank,45-59,Get support,8
R0367,Private bank,45-59,Apply for credit,8
R0368,Private bank,30-44,Open an account,8
R0368,Private bank,30-44,Make a payment,8
R0368,Private bank,30-44,Get support,4
R0368,Private bank,30-44,Apply for credit,9
R0369,Private bank,30-44,Open an account,10
R0369,Private bank,30-44,Make a payment,9
R0369,Private bank,30-44,Get support,5
R0369,Private bank,30-44,Apply for credit,5
R0370,Public bank,45-59,Open an account,4
R0370,Public bank,45-59,Make a payment,4
R0370,Public bank,45-59,Get support,4
R0370,Public bank,45-59,Apply for credit,1
R0371,Neobank / payments app,45-59,Open an account,10
R0371,Neobank / payments app,45-59,Make a payment,8
R0371,Neobank / payments app,45-59,Get support,6
R0371,Neobank / payments app,45-59,Apply for credit,8
R0372,Private bank,18-29,Open an account,7
R0372,Private bank,18-29,Make a payment,7
R0372,Private bank,18-29,Get support,7
R0372,Private bank,18-29,Apply for credit,7
R0373,Private bank,18-29,Open an account,5
R0373,Private bank,18-29,Make a payment,8
R0373,Private bank,18-29,Get support,7
R0373,Private bank,18-29,Apply for credit,6
R0374,Neobank / payments app,18-29,Open an account,10
R0374,Neobank / payments app,18-29,Make a payment,9
R0374,Neobank / payments app,18-29,Get support,7
R0374,Neobank / payments app,18-29,Apply for credit,7
R0375,Neobank / payments app,45-59,Open an account,8
R0375,Neobank / payments app,45-59,Make a payment,7
R0375,Neobank / payments app,45-59,Get support,9
R0375,Neobank / payments app,45-59,Apply for credit,9
R0376,Neobank / payments app,30-44,Open an account,8
R0376,Neobank / payments app,30-44,Make a payment,9
R0376,Neobank / payments app,30-44,Get support,5
R0376,Neobank / payments app,30-44,Apply for credit,7
R0377,Private bank,18-29,Open an account,9
R0377,Private bank,18-29,Make a payment,10
R0377,Private bank,18-29,Get support,9
R0377,Private bank,18-29,Apply for credit,8
R0378,Public bank,30-44,Open an account,5
R0378,Public bank,30-44,Make a payment,9
R0378,Public bank,30-44,Get support,7
R0378,Public bank,30-44,Apply for credit,2
R0379,Private bank,45-59,Open an account,10
R0379,Private bank,45-59,Make a payment,8
R0379,Private bank,45-59,Get support,7
R0379,Private bank,45-59,Apply for credit,8
R0380,Neobank / payments app,18-29,Open an account,6
R0380,Neobank / payments app,18-29,Make a payment,9
R0380,Neobank / payments app,18-29,Get support,7
R0380,Neobank / payments app,18-29,Apply for credit,8
R0381,Neobank / payments app,30-44,Open an account,10
R0381,Neobank / payments app,30-44,Make a payment,6
R0381,Neobank / payments app,30-44,Get support,6
R0381,Neobank / payments app,30-44,Apply for credit,7
R0382,Private bank,18-29,Open an account,2
R0382,Private bank,18-29,Make a payment,10
R0382,Private bank,18-29,Get support,10
R0382,Private bank,18-29,Apply for credit,10
R0383,Neobank / payments app,18-29,Open an account,6
R0383,Neobank / payments app,18-29,Make a payment,9
R0383,Neobank / payments app,18-29,Get support,7
R0383,Neobank / payments app,18-29,Apply for credit,7
R0384,Neobank / payments app,30-44,Open an account,10
R0384,Neobank / payments app,30-44,Make a payment,9
R0384,Neobank / payments app,30-44,Get support,6
R0384,Neobank / payments app,30-44,Apply for credit,9
R0385,Public bank,18-29,Open an account,8
R0385,Public bank,18-29,Make a payment,7
R0385,Public bank,18-29,Get support,9
R0385,Public bank,18-29,Apply for credit,7
R0386,Neobank / payments app,45-59,Open an account,10
R0386,Neobank / payments app,45-59,Make a payment,10
R0386,Neobank / payments app,45-59,Get support,9
R0386,Neobank / payments app,45-59,Apply for credit,5
R0387,Public bank,45-59,Open an account,7
R0387,Public bank,45-59,Make a payment,8
R0387,Public bank,45-59,Get support,9
R0387,Public bank,45-59,Apply for credit,5
R0388,Neobank / payments app,45-59,Open an account,8
R0388,Neobank / payments app,45-59,Make a payment,10
R0388,Neobank / payments app,45-59,Get support,1
R0388,Neobank / payments app,45-59,Apply for credit,4
R0389,Neobank / payments app,18-29,Open an account,9
R0389,Neobank / payments app,18-29,Make a payment,10
R0389,Neobank / payments app,18-29,Get support,5
R0389,Neobank / payments app,18-29,Apply for credit,8
R0390,Neobank / payments app,45-59,Open an account,9
R0390,Neobank / payments app,45-59,Make a payment,6
R0390,Neobank / payments app,45-59,Get support,3
R0390,Neobank / payments app,45-59,Apply for credit,8
R0391,Neobank / payments app,30-44,Open an account,9
R0391,Neobank / payments app,30-44,Make a payment,8
R0391,Neobank / payments app,30-44,Get support,5
R0391,Neobank / payments app,30-44,Apply for credit,10
R0392,Neobank / payments app,18-29,Open an account,9
R0392,Neobank / payments app,18-29,Make a payment,10
R0392,Neobank / payments app,18-29,Get support,7
R0392,Neobank / payments app,18-29,Apply for credit,6
R0393,Public bank,45-59,Open an account,2
R0393,Public bank,45-59,Make a payment,8
R0393,Public bank,45-59,Get support,7
R0393,Public bank,45-59,Apply for credit,4
R0394,Neobank / payments app,18-29,Open an account,10
R0394,Neobank / payments app,18-29,Make a payment,7
R0394,Neobank / payments app,18-29,Get support,5
R0394,Neobank / payments app,18-29,Apply for credit,10
R0395,Public bank,30-44,Open an account,7
R0395,Public bank,30-44,Make a payment,8
R0395,Public bank,30-44,Get support,2
R0395,Public bank,30-44,Apply for credit,10
R0396,Neobank / payments app,45-59,Open an account,10
R0396,Neobank / payments app,45-59,Make a payment,10
R0396,Neobank / payments app,45-59,Get support,6
R0396,Neobank / payments app,45-59,Apply for credit,8
R0397,Neobank / payments app,18-29,Open an account,7
R0397,Neobank / payments app,18-29,Make a payment,6
R0397,Neobank / payments app,18-29,Get support,6
R0397,Neobank / payments app,18-29,Apply for credit,7
R0398,Public bank,18-29,Open an account,7
R0398,Public bank,18-29,Make a payment,7
R0398,Public bank,18-29,Get support,6
R0398,Public bank,18-29,Apply for credit,4
R0399,Neobank / payments app,30-44,Open an account,10
R0399,Neobank / payments app,30-44,Make a payment,9
R0399,Neobank / payments app,30-44,Get support,7
R0399,Neobank / payments app,30-44,Apply for credit,6
R0400,Private bank,30-44,Open an account,8
R0400,Private bank,30-44,Make a payment,7
R0400,Private bank,30-44,Get support,3
R0400,Private bank,30-44,Apply for credit,6
R0401,Neobank / payments app,30-44,Open an account,10
R0401,Neobank / payments app,30-44,Make a payment,7
R0401,Neobank / payments app,30-44,Get support,6
R0401,Neobank / payments app,30-44,Apply for credit,5
R0402,Private bank,45-59,Open an account,10
R0402,Private bank,45-59,Make a payment,7
R0402,Private bank,45-59,Get support,7
R0402,Private bank,45-59,Apply for credit,6
R0403,Public bank,18-29,Open an account,8
R0403,Public bank,18-29,Make a payment,7
R0403,Public bank,18-29,Get support,5
R0403,Public bank,18-29,Apply for credit,6
R0404,Neobank / payments app,45-59,Open an account,7
R0404,Neobank / payments app,45-59,Make a payment,10
R0404,Neobank / payments app,45-59,Get support,8
R0404,Neobank / payments app,45-59,Apply for credit,7
R0405,Private bank,60+,Open an account,10
R0405,Private bank,60+,Make a payment,10
R0405,Private bank,60+,Get support,9
R0405,Private bank,60+,Apply for credit,7
R0406,Private bank,30-44,Open an account,6
R0406,Private bank,30-44,Make a payment,10
R0406,Private bank,30-44,Get support,7
R0406,Private bank,30-44,Apply for credit,9
R0407,Neobank / payments app,18-29,Open an account,7
R0407,Neobank / payments app,18-29,Make a payment,10
R0407,Neobank / payments app,18-29,Get support,2
R0407,Neobank / payments app,18-29,Apply for credit,8
R0408,Private bank,30-44,Open an account,9
R0408,Private bank,30-44,Make a payment,10
R0408,Private bank,30-44,Get support,8
R0408,Private bank,30-44,Apply for credit,10
R0409,Private bank,18-29,Open an account,10
R0409,Private bank,18-29,Make a payment,3
R0409,Private bank,18-29,Get support,6
R0409,Private bank,18-29,Apply for credit,5
R0410,Public bank,30-44,Open an account,7
R0410,Public bank,30-44,Make a payment,8
R0410,Public bank,30-44,Get support,7
R0410,Public bank,30-44,Apply for credit,7
R0411,Neobank / payments app,18-29,Open an account,10
R0411,Neobank / payments app,18-29,Make a payment,7
R0411,Neobank / payments app,18-29,Get support,7
R0411,Neobank / payments app,18-29,Apply for credit,7
R0412,Neobank / payments app,18-29,Open an account,8
R0412,Neobank / payments app,18-29,Make a payment,10
R0412,Neobank / payments app,18-29,Get support,8
R0412,Neobank / payments app,18-29,Apply for credit,10
R0413,Private bank,30-44,Open an account,8
R0413,Private bank,30-44,Make a payment,8
R0413,Private bank,30-44,Get support,10
R0413,Private bank,30-44,Apply for credit,7
R0414,Public bank,30-44,Open an account,10
R0414,Public bank,30-44,Make a payment,5
R0414,Public bank,30-44,Get support,10
R0414,Public bank,30-44,Apply for credit,6
R0415,Private bank,45-59,Open an account,7
R0415,Private bank,45-59,Make a payment,8
R0415,Private bank,45-59,Get support,9
R0415,Private bank,45-59,Apply for credit,5
R0416,Public bank,30-44,Open an account,9
R0416,Public bank,30-44,Make a payment,6
R0416,Public bank,30-44,Get support,4
R0416,Public bank,30-44,Apply for credit,7
R0417,Public bank,30-44,Open an account,10
R0417,Public bank,30-44,Make a payment,8
R0417,Public bank,30-44,Get support,3
R0417,Public bank,30-44,Apply for credit,7
R0418,Private bank,18-29,Open an account,10
R0418,Private bank,18-29,Make a payment,8
R0418,Private bank,18-29,Get support,9
R0418,Private bank,18-29,Apply for credit,7
R0419,Private bank,30-44,Open an account,7
R0419,Private bank,30-44,Make a payment,6
R0419,Private bank,30-44,Get support,5
R0419,Private bank,30-44,Apply for credit,8
R0420,Private bank,45-59,Open an account,8
R0420,Private bank,45-59,Make a payment,10
R0420,Private bank,45-59,Get support,9
R0420,Private bank,45-59,Apply for credit,8
R0421,Private bank,45-59,Open an account,7
R0421,Private bank,45-59,Make a payment,8
R0421,Private bank,45-59,Get support,6
R0421,Private bank,45-59,Apply for credit,6
R0422,Neobank / payments app,18-29,Open an account,8
R0422,Neobank / payments app,18-29,Make a payment,8
R0422,Neobank / payments app,18-29,Get support,8
R0422,Neobank / payments app,18-29,Apply for credit,5
R0423,Private bank,18-29,Open an account,7
R0423,Private bank,18-29,Make a payment,10
R0423,Private bank,18-29,Get support,8
R0423,Private bank,18-29,Apply for credit,9
R0424,Neobank / payments app,18-29,Open an account,10
R0424,Neobank / payments app,18-29,Make a payment,10
R0424,Neobank / payments app,18-29,Get support,6
R0424,Neobank / payments app,18-29,Apply for credit,6
R0425,Private bank,45-59,Open an account,10
R0425,Private bank,45-59,Make a payment,9
R0425,Private bank,45-59,Get support,9
R0425,Private bank,45-59,Apply for credit,8
R0426,Private bank,30-44,Open an account,8
R0426,Private bank,30-44,Make a payment,8
R0426,Private bank,30-44,Get support,9
R0426,Private bank,30-44,Apply for credit,4
R0427,Neobank / payments app,18-29,Open an account,10
R0427,Neobank / payments app,18-29,Make a payment,8
R0427,Neobank / payments app,18-29,Get support,5
R0427,Neobank / payments app,18-29,Apply for credit,8
R0428,Neobank / payments app,18-29,Open an account,10
R0428,Neobank / payments app,18-29,Make a payment,10
R0428,Neobank / payments app,18-29,Get support,5
R0428,Neobank / payments app,18-29,Apply for credit,5
R0429,Private bank,18-29,Open an account,10
R0429,Private bank,18-29,Make a payment,7
R0429,Private bank,18-29,Get support,10
R0429,Private bank,18-29,Apply for credit,3
R0430,Neobank / payments app,18-29,Open an account,9
R0430,Neobank / payments app,18-29,Make a payment,10
R0430,Neobank / payments app,18-29,Get support,10
R0430,Neobank / payments app,18-29,Apply for credit,8
R0431,Neobank / payments app,45-59,Open an account,9
R0431,Neobank / payments app,45-59,Make a payment,8
R0431,Neobank / payments app,45-59,Get support,8
R0431,Neobank / payments app,45-59,Apply for credit,2
R0432,Private bank,18-29,Open an account,7
R0432,Private bank,18-29,Make a payment,7
R0432,Private bank,18-29,Get support,5
R0432,Private bank,18-29,Apply for credit,8
R0433,Private bank,30-44,Open an account,6
R0433,Private bank,30-44,Make a payment,10
R0433,Private bank,30-44,Get support,8
R0433,Private bank,30-44,Apply for credit,6
R0434,Neobank / payments app,30-44,Open an account,7
R0434,Neobank / payments app,30-44,Make a payment,10
R0434,Neobank / payments app,30-44,Get support,6
R0434,Neobank / payments app,30-44,Apply for credit,8
R0435,Public bank,30-44,Open an account,4
R0435,Public bank,30-44,Make a payment,7
R0435,Public bank,30-44,Get support,6
R0435,Public bank,30-44,Apply for credit,6
R0436,Neobank / payments app,18-29,Open an account,6
R0436,Neobank / payments app,18-29,Make a payment,10
R0436,Neobank / payments app,18-29,Get support,8
R0436,Neobank / payments app,18-29,Apply for credit,6
R0437,Neobank / payments app,18-29,Open an account,8
R0437,Neobank / payments app,18-29,Make a payment,10
R0437,Neobank / payments app,18-29,Get support,7
R0437,Neobank / payments app,18-29,Apply for credit,8
R0438,Private bank,30-44,Open an account,7
R0438,Private bank,30-44,Make a payment,6
R0438,Private bank,30-44,Get support,9
R0438,Private bank,30-44,Apply for credit,7
R0439,Private bank,60+,Open an account,8
R0439,Private bank,60+,Make a payment,6
R0439,Private bank,60+,Get support,8
R0439,Private bank,60+,Apply for credit,7
R0440,Neobank / payments app,30-44,Open an account,6
R0440,Neobank / payments app,30-44,Make a payment,9
R0440,Neobank / payments app,30-44,Get support,6
R0440,Neobank / payments app,30-44,Apply for credit,10
R0441,Neobank / payments app,18-29,Open an account,7
R0441,Neobank / payments app,18-29,Make a payment,10
R0441,Neobank / payments app,18-29,Get support,5
R0441,Neobank / payments app,18-29,Apply for credit,8
R0442,Private bank,18-29,Open an account,7
R0442,Private bank,18-29,Make a payment,7
R0442,Private bank,18-29,Get support,7
R0442,Private bank,18-29,Apply for credit,7
R0443,Private bank,18-29,Open an account,7
R0443,Private bank,18-29,Make a payment,5
R0443,Private bank,18-29,Get support,7
R0443,Private bank,18-29,Apply for credit,7
R0444,Neobank / payments app,30-44,Open an account,10
R0444,Neobank / payments app,30-44,Make a payment,8
R0444,Neobank / payments app,30-44,Get support,6
R0444,Neobank / payments app,30-44,Apply for credit,7
R0445,Private bank,18-29,Open an account,7
R0445,Private bank,18-29,Make a payment,8
R0445,Private bank,18-29,Get support,6
R0445,Private bank,18-29,Apply for credit,9
R0446,Private bank,45-59,Open an account,5
R0446,Private bank,45-59,Make a payment,7
R0446,Private bank,45-59,Get support,8
R0446,Private bank,45-59,Apply for credit,10
R0447,Neobank / payments app,45-59,Open an account,10
R0447,Neobank / payments app,45-59,Make a payment,6
R0447,Neobank / payments app,45-59,Get support,7
R0447,Neobank / payments app,45-59,Apply for credit,5
R0448,Private bank,18-29,Open an account,6
R0448,Private bank,18-29,Make a payment,10
R0448,Private bank,18-29,Get support,10
R0448,Private bank,18-29,Apply for credit,9
R0449,Neobank / payments app,30-44,Open an account,10
R0449,Neobank / payments app,30-44,Make a payment,9
R0449,Neobank / payments app,30-44,Get support,8
R0449,Neobank / payments app,30-44,Apply for credit,7
R0450,Neobank / payments app,30-44,Open an account,5
R0450,Neobank / payments app,30-44,Make a payment,10
R0450,Neobank / payments app,30-44,Get support,5
R0450,Neobank / payments app,30-44,Apply for credit,8
R0451,Private bank,30-44,Open an account,9
R0451,Private bank,30-44,Make a payment,6
R0451,Private bank,30-44,Get support,7
R0451,Private bank,30-44,Apply for credit,8
R0452,Private bank,30-44,Open an account,8
R0452,Private bank,30-44,Make a payment,10
R0452,Private bank,30-44,Get support,9
R0452,Private bank,30-44,Apply for credit,8
R0453,Neobank / payments app,18-29,Open an account,10
R0453,Neobank / payments app,18-29,Make a payment,10
R0453,Neobank / payments app,18-29,Get support,2
R0453,Neobank / payments app,18-29,Apply for credit,10
R0454,Private bank,18-29,Open an account,8
R0454,Private bank,18-29,Make a payment,8
R0454,Private bank,18-29,Get support,8
R0454,Private bank,18-29,Apply for credit,7
R0455,Neobank / payments app,45-59,Open an account,8
R0455,Neobank / payments app,45-59,Make a payment,10
R0455,Neobank / payments app,45-59,Get support,10
R0455,Neobank / payments app,45-59,Apply for credit,9
R0456,Public bank,30-44,Open an account,6
R0456,Public bank,30-44,Make a payment,2
R0456,Public bank,30-44,Get support,5
R0456,Public bank,30-44,Apply for credit,6
R0457,Private bank,30-44,Open an account,8
R0457,Private bank,30-44,Make a payment,10
R0457,Private bank,30-44,Get support,7
R0457,Private bank,30-44,Apply for credit,8
R0458,Public bank,30-44,Open an account,9
R0458,Public bank,30-44,Make a payment,7
R0458,Public bank,30-44,Get support,10
R0458,Public bank,30-44,Apply for credit,9
R0459,Public bank,30-44,Open an account,7
R0459,Public bank,30-44,Make a payment,9
R0459,Public bank,30-44,Get support,9
R0459,Public bank,30-44,Apply for credit,8
R0460,Public bank,18-29,Open an account,4
R0460,Public bank,18-29,Make a payment,5
R0460,Public bank,18-29,Get support,5
R0460,Public bank,18-29,Apply for credit,8
R0461,Neobank / payments app,30-44,Open an account,9
R0461,Neobank / payments app,30-44,Make a payment,7
R0461,Neobank / payments app,30-44,Get support,7
R0461,Neobank / payments app,30-44,Apply for credit,10
R0462,Private bank,18-29,Open an account,10
R0462,Private bank,18-29,Make a payment,8
R0462,Private bank,18-29,Get support,6
R0462,Private bank,18-29,Apply for credit,10
R0463,Public bank,30-44,Open an account,5
R0463,Public bank,30-44,Make a payment,10
R0463,Public bank,30-44,Get support,9
R0463,Public bank,30-44,Apply for credit,3
R0464,Public bank,30-44,Open an account,7
R0464,Public bank,30-44,Make a payment,9
R0464,Public bank,30-44,Get support,9
R0464,Public bank,30-44,Apply for credit,8
R0465,Public bank,30-44,Open an account,5
R0465,Public bank,30-44,Make a payment,9
R0465,Public bank,30-44,Get support,5
R0465,Public bank,30-44,Apply for credit,2
R0466,Neobank / payments app,45-59,Open an account,9
R0466,Neobank / payments app,45-59,Make a payment,10
R0466,Neobank / payments app,45-59,Get support,4
R0466,Neobank / payments app,45-59,Apply for credit,7
R0467,Neobank / payments app,45-59,Open an account,7
R0467,Neobank / payments app,45-59,Make a payment,8
R0467,Neobank / payments app,45-59,Get support,4
R0467,Neobank / payments app,45-59,Apply for credit,5
R0468,Neobank / payments app,45-59,Open an account,8
R0468,Neobank / payments app,45-59,Make a payment,10
R0468,Neobank / payments app,45-59,Get support,7
R0468,Neobank / payments app,45-59,Apply for credit,6
R0469,Private bank,18-29,Open an account,8
R0469,Private bank,18-29,Make a payment,10
R0469,Private bank,18-29,Get support,7
R0469,Private bank,18-29,Apply for credit,5
R0470,Neobank / payments app,18-29,Open an account,9
R0470,Neobank / payments app,18-29,Make a payment,9
R0470,Neobank / payments app,18-29,Get support,4
R0470,Neobank / payments app,18-29,Apply for credit,9
R0471,Neobank / payments app,60+,Open an account,5
R0471,Neobank / payments app,60+,Make a payment,8
R0471,Neobank / payments app,60+,Get support,5
R0471,Neobank / payments app,60+,Apply for credit,6
R0472,Public bank,18-29,Open an account,5
R0472,Public bank,18-29,Make a payment,8
R0472,Public bank,18-29,Get support,9
R0472,Public bank,18-29,Apply for credit,9
R0473,Private bank,60+,Open an account,8
R0473,Private bank,60+,Make a payment,7
R0473,Private bank,60+,Get support,8
R0473,Private bank,60+,Apply for credit,6
R0474,Neobank / payments app,45-59,Open an account,10
R0474,Neobank / payments app,45-59,Make a payment,9
R0474,Neobank / payments app,45-59,Get support,5
R0474,Neobank / payments app,45-59,Apply for credit,8
R0475,Private bank,30-44,Open an account,10
R0475,Private bank,30-44,Make a payment,10
R0475,Private bank,30-44,Get support,8
R0475,Private bank,30-44,Apply for credit,7
R0476,Private bank,30-44,Open an account,6
R0476,Private bank,30-44,Make a payment,10
R0476,Private bank,30-44,Get support,8
R0476,Private bank,30-44,Apply for credit,3
R0477,Private bank,30-44,Open an account,8
R0477,Private bank,30-44,Make a payment,7
R0477,Private bank,30-44,Get support,6
R0477,Private bank,30-44,Apply for credit,8
R0478,Neobank / payments app,45-59,Open an account,9
R0478,Neobank / payments app,45-59,Make a payment,10
R0478,Neobank / payments app,45-59,Get support,3
R0478,Neobank / payments app,45-59,Apply for credit,9
R0479,Private bank,45-59,Open an account,8
R0479,Private bank,45-59,Make a payment,9
R0479,Private bank,45-59,Get support,7
R0479,Private bank,45-59,Apply for credit,7
R0480,Neobank / payments app,30-44,Open an account,10
R0480,Neobank / payments app,30-44,Make a payment,7
R0480,Neobank / payments app,30-44,Get support,5
R0480,Neobank / payments app,30-44,Apply for credit,6
R0481,Private bank,45-59,Open an account,7
R0481,Private bank,45-59,Make a payment,7
R0481,Private bank,45-59,Get support,5
R0481,Private bank,45-59,Apply for credit,6
R0482,Public bank,30-44,Open an account,5
R0482,Public bank,30-44,Make a payment,9
R0482,Public bank,30-44,Get support,6
R0482,Public bank,30-44,Apply for credit,8
R0483,Neobank / payments app,18-29,Open an account,9
R0483,Neobank / payments app,18-29,Make a payment,10
R0483,Neobank / payments app,18-29,Get support,7
R0483,Neobank / payments app,18-29,Apply for credit,4
R0484,Neobank / payments app,60+,Open an account,10
R0484,Neobank / payments app,60+,Make a payment,10
R0484,Neobank / payments app,60+,Get support,4
R0484,Neobank / payments app,60+,Apply for credit,9
R0485,Private bank,18-29,Open an account,8
R0485,Private bank,18-29,Make a payment,7
R0485,Private bank,18-29,Get support,7
R0485,Private bank,18-29,Apply for credit,8
R0486,Private bank,45-59,Open an account,9
R0486,Private bank,45-59,Make a payment,7
R0486,Private bank,45-59,Get support,7
R0486,Private bank,45-59,Apply for credit,7
R0487,Neobank / payments app,30-44,Open an account,10
R0487,Neobank / payments app,30-44,Make a payment,8
R0487,Neobank / payments app,30-44,Get support,7
R0487,Neobank / payments app,30-44,Apply for credit,9
R0488,Private bank,30-44,Open an account,9
R0488,Private bank,30-44,Make a payment,8
R0488,Private bank,30-44,Get support,10
R0488,Private bank,30-44,Apply for credit,7
R0489,Private bank,18-29,Open an account,8
R0489,Private bank,18-29,Make a payment,6
R0489,Private bank,18-29,Get support,3
R0489,Private bank,18-29,Apply for credit,10
R0490,Neobank / payments app,30-44,Open an account,9
R0490,Neobank / payments app,30-44,Make a payment,9
R0490,Neobank / payments app,30-44,Get support,6
R0490,Neobank / payments app,30-44,Apply for credit,9
R0491,Private bank,30-44,Open an account,8
R0491,Private bank,30-44,Make a payment,6
R0491,Private bank,30-44,Get support,8
R0491,Private bank,30-44,Apply for credit,6
R0492,Private bank,30-44,Open an account,8
R0492,Private bank,30-44,Make a payment,8
R0492,Private bank,30-44,Get support,7
R0492,Private bank,30-44,Apply for credit,9
R0493,Neobank / payments app,18-29,Open an account,10
R0493,Neobank / payments app,18-29,Make a payment,10
R0493,Neobank / payments app,18-29,Get support,7
R0493,Neobank / payments app,18-29,Apply for credit,7
R0494,Neobank / payments app,30-44,Open an account,9
R0494,Neobank / payments app,30-44,Make a payment,9
R0494,Neobank / payments app,30-44,Get support,7
R0494,Neobank / payments app,30-44,Apply for credit,9
R0495,Neobank / payments app,18-29,Open an account,10
R0495,Neobank / payments app,18-29,Make a payment,8
R0495,Neobank / payments app,18-29,Get support,10
R0495,Neobank / payments app,18-29,Apply for credit,7
R0496,Private bank,45-59,Open an account,6
R0496,Private bank,45-59,Make a payment,8
R0496,Private bank,45-59,Get support,10
R0496,Private bank,45-59,Apply for credit,9
R0497,Public bank,60+,Open an account,10
R0497,Public bank,60+,Make a payment,8
R0497,Public bank,60+,Get support,6
R0497,Public bank,60+,Apply for credit,3
R0498,Neobank / payments app,45-59,Open an account,9
R0498,Neobank / payments app,45-59,Make a payment,10
R0498,Neobank / payments app,45-59,Get support,8
R0498,Neobank / payments app,45-59,Apply for credit,5
R0499,Neobank / payments app,45-59,Open an account,10
R0499,Neobank / payments app,45-59,Make a payment,10
R0499,Neobank / payments app,45-59,Get support,6
R0499,Neobank / payments app,45-59,Apply for credit,8
R0500,Private bank,30-44,Open an account,9
R0500,Private bank,30-44,Make a payment,8
R0500,Private bank,30-44,Get support,5
R0500,Private bank,30-44,Apply for credit,6
R0501,Private bank,18-29,Open an account,7
R0501,Private bank,18-29,Make a payment,8
R0501,Private bank,18-29,Get support,9
R0501,Private bank,18-29,Apply for credit,5
R0502,Private bank,30-44,Open an account,8
R0502,Private bank,30-44,Make a payment,8
R0502,Private bank,30-44,Get support,6
R0502,Private bank,30-44,Apply for credit,7
R0503,Neobank / payments app,30-44,Open an account,10
R0503,Neobank / payments app,30-44,Make a payment,10
R0503,Neobank / payments app,30-44,Get support,4
R0503,Neobank / payments app,30-44,Apply for credit,9
R0504,Private bank,30-44,Open an account,8
R0504,Private bank,30-44,Make a payment,9
R0504,Private bank,30-44,Get support,7
R0504,Private bank,30-44,Apply for credit,5
R0505,Neobank / payments app,30-44,Open an account,9
R0505,Neobank / payments app,30-44,Make a payment,10
R0505,Neobank / payments app,30-44,Get support,6
R0505,Neobank / payments app,30-44,Apply for credit,7
R0506,Neobank / payments app,45-59,Open an account,9
R0506,Neobank / payments app,45-59,Make a payment,7
R0506,Neobank / payments app,45-59,Get support,6
R0506,Neobank / payments app,45-59,Apply for credit,6
R0507,Neobank / payments app,18-29,Open an account,8
R0507,Neobank / payments app,18-29,Make a payment,7
R0507,Neobank / payments app,18-29,Get support,8
R0507,Neobank / payments app,18-29,Apply for credit,5
R0508,Neobank / payments app,60+,Open an account,5
R0508,Neobank / payments app,60+,Make a payment,9
R0508,Neobank / payments app,60+,Get support,4
R0508,Neobank / payments app,60+,Apply for credit,8
R0509,Public bank,18-29,Open an account,7
R0509,Public bank,18-29,Make a payment,2
R0509,Public bank,18-29,Get support,8
R0509,Public bank,18-29,Apply for credit,5
R0510,Public bank,30-44,Open an account,6
R0510,Public bank,30-44,Make a payment,7
R0510,Public bank,30-44,Get support,3
R0510,Public bank,30-44,Apply for credit,10
R0511,Private bank,30-44,Open an account,7
R0511,Private bank,30-44,Make a payment,2
R0511,Private bank,30-44,Get support,6
R0511,Private bank,30-44,Apply for credit,6
R0512,Public bank,45-59,Open an account,6
R0512,Public bank,45-59,Make a payment,7
R0512,Public bank,45-59,Get support,5
R0512,Public bank,45-59,Apply for credit,7
R0513,Neobank / payments app,18-29,Open an account,8
R0513,Neobank / payments app,18-29,Make a payment,9
R0513,Neobank / payments app,18-29,Get support,6
R0513,Neobank / payments app,18-29,Apply for credit,8
R0514,Neobank / payments app,18-29,Open an account,7
R0514,Neobank / payments app,18-29,Make a payment,9
R0514,Neobank / payments app,18-29,Get support,4
R0514,Neobank / payments app,18-29,Apply for credit,6
R0515,Neobank / payments app,60+,Open an account,7
R0515,Neobank / payments app,60+,Make a payment,6
R0515,Neobank / payments app,60+,Get support,8
R0515,Neobank / payments app,60+,Apply for credit,9
R0516,Public bank,18-29,Open an account,3
R0516,Public bank,18-29,Make a payment,9
R0516,Public bank,18-29,Get support,7
R0516,Public bank,18-29,Apply for credit,10
R0517,Private bank,45-59,Open an account,5
R0517,Private bank,45-59,Make a payment,10
R0517,Private bank,45-59,Get support,8
R0517,Private bank,45-59,Apply for credit,7
R0518,Neobank / payments app,45-59,Open an account,7
R0518,Neobank / payments app,45-59,Make a payment,8
R0518,Neobank / payments app,45-59,Get support,10
R0518,Neobank / payments app,45-59,Apply for credit,9
R0519,Private bank,30-44,Open an account,10
R0519,Private bank,30-44,Make a payment,10
R0519,Private bank,30-44,Get support,7
R0519,Private bank,30-44,Apply for credit,4
R0520,Private bank,45-59,Open an account,8
R0520,Private bank,45-59,Make a payment,8
R0520,Private bank,45-59,Get support,8
R0520,Private bank,45-59,Apply for credit,5
R0521,Private bank,18-29,Open an account,7
R0521,Private bank,18-29,Make a payment,8
R0521,Private bank,18-29,Get support,8
R0521,Private bank,18-29,Apply for credit,10
R0522,Neobank / payments app,30-44,Open an account,10
R0522,Neobank / payments app,30-44,Make a payment,9
R0522,Neobank / payments app,30-44,Get support,7
R0522,Neobank / payments app,30-44,Apply for credit,5
R0523,Public bank,18-29,Open an account,6
R0523,Public bank,18-29,Make a payment,7
R0523,Public bank,18-29,Get support,7
R0523,Public bank,18-29,Apply for credit,4
R0524,Private bank,30-44,Open an account,6
R0524,Private bank,30-44,Make a payment,4
R0524,Private bank,30-44,Get support,5
R0524,Private bank,30-44,Apply for credit,10
R0525,Public bank,18-29,Open an account,7
R0525,Public bank,18-29,Make a payment,7
R0525,Public bank,18-29,Get support,7
R0525,Public bank,18-29,Apply for credit,4
R0526,Public bank,45-59,Open an account,7
R0526,Public bank,45-59,Make a payment,10
R0526,Public bank,45-59,Get support,7
R0526,Public bank,45-59,Apply for credit,7
R0527,Private bank,30-44,Open an account,4
R0527,Private bank,30-44,Make a payment,8
R0527,Private bank,30-44,Get support,7
R0527,Private bank,30-44,Apply for credit,9
R0528,Neobank / payments app,30-44,Open an account,10
R0528,Neobank / payments app,30-44,Make a payment,10
R0528,Neobank / payments app,30-44,Get support,5
R0528,Neobank / payments app,30-44,Apply for credit,10
R0529,Private bank,60+,Open an account,10
R0529,Private bank,60+,Make a payment,8
R0529,Private bank,60+,Get support,7
R0529,Private bank,60+,Apply for credit,7
R0530,Private bank,18-29,Open an account,9
R0530,Private bank,18-29,Make a payment,7
R0530,Private bank,18-29,Get support,7
R0530,Private bank,18-29,Apply for credit,3
R0531,Public bank,45-59,Open an account,4
R0531,Public bank,45-59,Make a payment,8
R0531,Public bank,45-59,Get support,7
R0531,Public bank,45-59,Apply for credit,6
R0532,Neobank / payments app,18-29,Open an account,9
R0532,Neobank / payments app,18-29,Make a payment,8
R0532,Neobank / payments app,18-29,Get support,5
R0532,Neobank / payments app,18-29,Apply for credit,8
R0533,Private bank,18-29,Open an account,7
R0533,Private bank,18-29,Make a payment,10
R0533,Private bank,18-29,Get support,4
R0533,Private bank,18-29,Apply for credit,8
R0534,Private bank,45-59,Open an account,7
R0534,Private bank,45-59,Make a payment,6
R0534,Private bank,45-59,Get support,6
R0534,Private bank,45-59,Apply for credit,7
R0535,Private bank,18-29,Open an account,6
R0535,Private bank,18-29,Make a payment,6
R0535,Private bank,18-29,Get support,6
R0535,Private bank,18-29,Apply for credit,8
R0536,Public bank,30-44,Open an account,5
R0536,Public bank,30-44,Make a payment,5
R0536,Public bank,30-44,Get support,5
R0536,Public bank,30-44,Apply for credit,5
R0537,Private bank,18-29,Open an account,10
R0537,Private bank,18-29,Make a payment,10
R0537,Private bank,18-29,Get support,8
R0537,Private bank,18-29,Apply for credit,6
R0538,Neobank / payments app,30-44,Open an account,8
R0538,Neobank / payments app,30-44,Make a payment,10
R0538,Neobank / payments app,30-44,Get support,7
R0538,Neobank / payments app,30-44,Apply for credit,9
R0539,Public bank,30-44,Open an account,4
R0539,Public bank,30-44,Make a payment,5
R0539,Public bank,30-44,Get support,8
R0539,Public bank,30-44,Apply for credit,5
R0540,Neobank / payments app,30-44,Open an account,10
R0540,Neobank / payments app,30-44,Make a payment,9
R0540,Neobank / payments app,30-44,Get support,7
R0540,Neobank / payments app,30-44,Apply for credit,8
R0541,Neobank / payments app,45-59,Open an account,8
R0541,Neobank / payments app,45-59,Make a payment,9
R0541,Neobank / payments app,45-59,Get support,2
R0541,Neobank / payments app,45-59,Apply for credit,9
R0542,Private bank,30-44,Open an account,6
R0542,Private bank,30-44,Make a payment,6
R0542,Private bank,30-44,Get support,10
R0542,Private bank,30-44,Apply for credit,9
R0543,Private bank,18-29,Open an account,5
R0543,Private bank,18-29,Make a payment,8
R0543,Private bank,18-29,Get support,7
R0543,Private bank,18-29,Apply for credit,10
R0544,Public bank,45-59,Open an account,8
R0544,Public bank,45-59,Make a payment,9
R0544,Public bank,45-59,Get support,6
R0544,Public bank,45-59,Apply for credit,8
R0545,Public bank,18-29,Open an account,8
R0545,Public bank,18-29,Make a payment,8
R0545,Public bank,18-29,Get support,7
R0545,Public bank,18-29,Apply for credit,10
R0546,Neobank / payments app,18-29,Open an account,10
R0546,Neobank / payments app,18-29,Make a payment,10
R0546,Neobank / payments app,18-29,Get support,8
R0546,Neobank / payments app,18-29,Apply for credit,10
R0547,Private bank,30-44,Open an account,9
R0547,Private bank,30-44,Make a payment,10
R0547,Private bank,30-44,Get support,10
R0547,Private bank,30-44,Apply for credit,9
R0548,Private bank,60+,Open an account,8
R0548,Private bank,60+,Make a payment,8
R0548,Private bank,60+,Get support,7
R0548,Private bank,60+,Apply for credit,8
R0549,Private bank,30-44,Open an account,8
R0549,Private bank,30-44,Make a payment,8
R0549,Private bank,30-44,Get support,8
R0549,Private bank,30-44,Apply for credit,7
R0550,Public bank,30-44,Open an account,8
R0550,Public bank,30-44,Make a payment,5
R0550,Public bank,30-44,Get support,8
R0550,Public bank,30-44,Apply for credit,6
R0551,Private bank,18-29,Open an account,8
R0551,Private bank,18-29,Make a payment,8
R0551,Private bank,18-29,Get support,8
R0551,Private bank,18-29,Apply for credit,6
R0552,Private bank,30-44,Open an account,8
R0552,Private bank,30-44,Make a payment,8
R0552,Private bank,30-44,Get support,8
R0552,Private bank,30-44,Apply for credit,8
R0553,Neobank / payments app,30-44,Open an account,7
R0553,Neobank / payments app,30-44,Make a payment,10
R0553,Neobank / payments app,30-44,Get support,7
R0553,Neobank / payments app,30-44,Apply for credit,8
R0554,Private bank,18-29,Open an account,7
R0554,Private bank,18-29,Make a payment,8
R0554,Private bank,18-29,Get support,6
R0554,Private bank,18-29,Apply for credit,3
R0555,Public bank,45-59,Open an account,6
R0555,Public bank,45-59,Make a payment,7
R0555,Public bank,45-59,Get support,3
R0555,Public bank,45-59,Apply for credit,6
R0556,Neobank / payments app,30-44,Open an account,10
R0556,Neobank / payments app,30-44,Make a payment,9
R0556,Neobank / payments app,30-44,Get support,9
R0556,Neobank / payments app,30-44,Apply for credit,6
R0557,Neobank / payments app,30-44,Open an account,10
R0557,Neobank / payments app,30-44,Make a payment,6
R0557,Neobank / payments app,30-44,Get support,6
R0557,Neobank / payments app,30-44,Apply for credit,6
R0558,Public bank,60+,Open an account,6
R0558,Public bank,60+,Make a payment,7
R0558,Public bank,60+,Get support,6
R0558,Public bank,60+,Apply for credit,10
R0559,Public bank,45-59,Open an account,4
R0559,Public bank,45-59,Make a payment,7
R0559,Public bank,45-59,Get support,10
R0559,Public bank,45-59,Apply for credit,4
R0560,Public bank,60+,Open an account,9
R0560,Public bank,60+,Make a payment,7
R0560,Public bank,60+,Get support,8
R0560,Public bank,60+,Apply for credit,8
R0561,Public bank,30-44,Open an account,9
R0561,Public bank,30-44,Make a payment,5
R0561,Public bank,30-44,Get support,9
R0561,Public bank,30-44,Apply for credit,8
R0562,Private bank,30-44,Open an account,7
R0562,Private bank,30-44,Make a payment,10
R0562,Private bank,30-44,Get support,7
R0562,Private bank,30-44,Apply for credit,8
R0563,Private bank,30-44,Open an account,5
R0563,Private bank,30-44,Make a payment,10
R0563,Private bank,30-44,Get support,6
R0563,Private bank,30-44,Apply for credit,4
R0564,Private bank,18-29,Open an account,6
R0564,Private bank,18-29,Make a payment,5
R0564,Private bank,18-29,Get support,9
R0564,Private bank,18-29,Apply for credit,3
R0565,Neobank / payments app,30-44,Open an account,10
R0565,Neobank / payments app,30-44,Make a payment,8
R0565,Neobank / payments app,30-44,Get support,6
R0565,Neobank / payments app,30-44,Apply for credit,9
R0566,Private bank,18-29,Open an account,8
R0566,Private bank,18-29,Make a payment,10
R0566,Private bank,18-29,Get support,9
R0566,Private bank,18-29,Apply for credit,10
R0567,Public bank,30-44,Open an account,2
R0567,Public bank,30-44,Make a payment,8
R0567,Public bank,30-44,Get support,4
R0567,Public bank,30-44,Apply for credit,6
R0568,Neobank / payments app,18-29,Open an account,10
R0568,Neobank / payments app,18-29,Make a payment,9
R0568,Neobank / payments app,18-29,Get support,3
R0568,Neobank / payments app,18-29,Apply for credit,6
R0569,Neobank / payments app,45-59,Open an account,8
R0569,Neobank / payments app,45-59,Make a payment,8
R0569,Neobank / payments app,45-59,Get support,3
R0569,Neobank / payments app,45-59,Apply for credit,6
R0570,Public bank,30-44,Open an account,7
R0570,Public bank,30-44,Make a payment,7
R0570,Public bank,30-44,Get support,3
R0570,Public bank,30-44,Apply for credit,8
R0571,Private bank,30-44,Open an account,2
R0571,Private bank,30-44,Make a payment,7
R0571,Private bank,30-44,Get support,9
R0571,Private bank,30-44,Apply for credit,8
R0572,Neobank / payments app,30-44,Open an account,10
R0572,Neobank / payments app,30-44,Make a payment,10
R0572,Neobank / payments app,30-44,Get support,4
R0572,Neobank / payments app,30-44,Apply for credit,6
R0573,Neobank / payments app,45-59,Open an account,9
R0573,Neobank / payments app,45-59,Make a payment,10
R0573,Neobank / payments app,45-59,Get support,6
R0573,Neobank / payments app,45-59,Apply for credit,8
R0574,Private bank,45-59,Open an account,7
R0574,Private bank,45-59,Make a payment,7
R0574,Private bank,45-59,Get support,8
R0574,Private bank,45-59,Apply for credit,6
R0575,Public bank,45-59,Open an account,4
R0575,Public bank,45-59,Make a payment,5
R0575,Public bank,45-59,Get support,5
R0575,Public bank,45-59,Apply for credit,5
R0576,Neobank / payments app,18-29,Open an account,8
R0576,Neobank / payments app,18-29,Make a payment,8
R0576,Neobank / payments app,18-29,Get support,4
R0576,Neobank / payments app,18-29,Apply for credit,9
R0577,Private bank,18-29,Open an account,8
R0577,Private bank,18-29,Make a payment,6
R0577,Private bank,18-29,Get support,10
R0577,Private bank,18-29,Apply for credit,5
R0578,Private bank,30-44,Open an account,9
R0578,Private bank,30-44,Make a payment,7
R0578,Private bank,30-44,Get support,7
R0578,Private bank,30-44,Apply for credit,8
R0579,Private bank,18-29,Open an account,10
R0579,Private bank,18-29,Make a payment,4
R0579,Private bank,18-29,Get support,10
R0579,Private bank,18-29,Apply for credit,7
R0580,Private bank,45-59,Open an account,7
R0580,Private bank,45-59,Make a payment,10
R0580,Private bank,45-59,Get support,4
R0580,Private bank,45-59,Apply for credit,6
R0581,Private bank,60+,Open an account,5
R0581,Private bank,60+,Make a payment,7
R0581,Private bank,60+,Get support,4
R0581,Private bank,60+,Apply for credit,8
R0582,Public bank,30-44,Open an account,8
R0582,Public bank,30-44,Make a payment,7
R0582,Public bank,30-44,Get support,8
R0582,Public bank,30-44,Apply for credit,3
R0583,Public bank,30-44,Open an account,5
R0583,Public bank,30-44,Make a payment,4
R0583,Public bank,30-44,Get support,8
R0583,Public bank,30-44,Apply for credit,1
R0584,Private bank,30-44,Open an account,9
R0584,Private bank,30-44,Make a payment,4
R0584,Private bank,30-44,Get support,7
R0584,Private bank,30-44,Apply for credit,9
R0585,Private bank,18-29,Open an account,8
R0585,Private bank,18-29,Make a payment,9
R0585,Private bank,18-29,Get support,9
R0585,Private bank,18-29,Apply for credit,9
R0586,Private bank,30-44,Open an account,7
R0586,Private bank,30-44,Make a payment,8
R0586,Private bank,30-44,Get support,7
R0586,Private bank,30-44,Apply for credit,7
R0587,Public bank,30-44,Open an account,7
R0587,Public bank,30-44,Make a payment,5
R0587,Public bank,30-44,Get support,7
R0587,Public bank,30-44,Apply for credit,7
R0588,Public bank,30-44,Open an account,5
R0588,Public bank,30-44,Make a payment,4
R0588,Public bank,30-44,Get support,6
R0588,Public bank,30-44,Apply for credit,4
R0589,Private bank,30-44,Open an account,6
R0589,Private bank,30-44,Make a payment,6
R0589,Private bank,30-44,Get support,8
R0589,Private bank,30-44,Apply for credit,8
R0590,Neobank / payments app,18-29,Open an account,10
R0590,Neobank / payments app,18-29,Make a payment,10
R0590,Neobank / payments app,18-29,Get support,6
R0590,Neobank / payments app,18-29,Apply for credit,9
R0591,Public bank,30-44,Open an account,6
R0591,Public bank,30-44,Make a payment,8
R0591,Public bank,30-44,Get support,9
R0591,Public bank,30-44,Apply for credit,7
R0592,Neobank / payments app,60+,Open an account,5
R0592,Neobank / payments app,60+,Make a payment,9
R0592,Neobank / payments app,60+,Get support,7
R0592,Neobank / payments app,60+,Apply for credit,7
R0593,Neobank / payments app,18-29,Open an account,10
R0593,Neobank / payments app,18-29,Make a payment,5
R0593,Neobank / payments app,18-29,Get support,7
R0593,Neobank / payments app,18-29,Apply for credit,8
R0594,Public bank,60+,Open an account,6
R0594,Public bank,60+,Make a payment,9
R0594,Public bank,60+,Get support,5
R0594,Public bank,60+,Apply for credit,7
R0595,Public bank,45-59,Open an account,8
R0595,Public bank,45-59,Make a payment,8
R0595,Public bank,45-59,Get support,3
R0595,Public bank,45-59,Apply for credit,8
R0596,Private bank,18-29,Open an account,8
R0596,Private bank,18-29,Make a payment,6
R0596,Private bank,18-29,Get support,4
R0596,Private bank,18-29,Apply for credit,10
R0597,Public bank,30-44,Open an account,7
R0597,Public bank,30-44,Make a payment,5
R0597,Public bank,30-44,Get support,6
R0597,Public bank,30-44,Apply for credit,8
R0598,Public bank,30-44,Open an account,6
R0598,Public bank,30-44,Make a payment,4
R0598,Public bank,30-44,Get support,6
R0598,Public bank,30-44,Apply for credit,5
R0599,Neobank / payments app,18-29,Open an account,10
R0599,Neobank / payments app,18-29,Make a payment,10
R0599,Neobank / payments app,18-29,Get support,6
R0599,Neobank / payments app,18-29,Apply for credit,9
R0600,Neobank / payments app,30-44,Open an account,7
R0600,Neobank / payments app,30-44,Make a payment,10
R0600,Neobank / payments app,30-44,Get support,4
R0600,Neobank / payments app,30-44,Apply for credit,7
R0601,Private bank,45-59,Open an account,7
R0601,Private bank,45-59,Make a payment,6
R0601,Private bank,45-59,Get support,8
R0601,Private bank,45-59,Apply for credit,8
R0602,Private bank,30-44,Open an account,9
R0602,Private bank,30-44,Make a payment,7
R0602,Private bank,30-44,Get support,8
R0602,Private bank,30-44,Apply for credit,5
R0603,Neobank / payments app,60+,Open an account,9
R0603,Neobank / payments app,60+,Make a payment,8
R0603,Neobank / payments app,60+,Get support,4
R0603,Neobank / payments app,60+,Apply for credit,9
R0604,Private bank,30-44,Open an account,10
R0604,Private bank,30-44,Make a payment,4
R0604,Private bank,30-44,Get support,10
R0604,Private bank,30-44,Apply for credit,4
R0605,Neobank / payments app,45-59,Open an account,10
R0605,Neobank / payments app,45-59,Make a payment,7
R0605,Neobank / payments app,45-59,Get support,4
R0605,Neobank / payments app,45-59,Apply for credit,5
R0606,Public bank,30-44,Open an account,10
R0606,Public bank,30-44,Make a payment,8
R0606,Public bank,30-44,Get support,8
R0606,Public bank,30-44,Apply for credit,8
R0607,Private bank,45-59,Open an account,2
R0607,Private bank,45-59,Make a payment,10
R0607,Private bank,45-59,Get support,7
R0607,Private bank,45-59,Apply for credit,5
R0608,Public bank,30-44,Open an account,4
R0608,Public bank,30-44,Make a payment,6
R0608,Public bank,30-44,Get support,5
R0608,Public bank,30-44,Apply for credit,10
R0609,Neobank / payments app,18-29,Open an account,10
R0609,Neobank / payments app,18-29,Make a payment,8
R0609,Neobank / payments app,18-29,Get support,6
R0609,Neobank / payments app,18-29,Apply for credit,10
R0610,Neobank / payments app,45-59,Open an account,5
R0610,Neobank / payments app,45-59,Make a payment,9
R0610,Neobank / payments app,45-59,Get support,4
R0610,Neobank / payments app,45-59,Apply for credit,9
R0611,Neobank / payments app,18-29,Open an account,10
R0611,Neobank / payments app,18-29,Make a payment,7
R0611,Neobank / payments app,18-29,Get support,9
R0611,Neobank / payments app,18-29,Apply for credit,7
R0612,Public bank,60+,Open an account,8
R0612,Public bank,60+,Make a payment,8
R0612,Public bank,60+,Get support,7
R0612,Public bank,60+,Apply for credit,6
R0613,Public bank,18-29,Open an account,6
R0613,Public bank,18-29,Make a payment,7
R0613,Public bank,18-29,Get support,7
R0613,Public bank,18-29,Apply for credit,7
R0614,Neobank / payments app,45-59,Open an account,9
R0614,Neobank / payments app,45-59,Make a payment,9
R0614,Neobank / payments app,45-59,Get support,8
R0614,Neobank / payments app,45-59,Apply for credit,7
R0615,Public bank,18-29,Open an account,7
R0615,Public bank,18-29,Make a payment,9
R0615,Public bank,18-29,Get support,5
R0615,Public bank,18-29,Apply for credit,6
R0616,Private bank,45-59,Open an account,6
R0616,Private bank,45-59,Make a payment,10
R0616,Private bank,45-59,Get support,7
R0616,Private bank,45-59,Apply for credit,5
R0617,Neobank / payments app,18-29,Open an account,6
R0617,Neobank / payments app,18-29,Make a payment,10
R0617,Neobank / payments app,18-29,Get support,6
R0617,Neobank / payments app,18-29,Apply for credit,8
R0618,Private bank,45-59,Open an account,7
R0618,Private bank,45-59,Make a payment,7
R0618,Private bank,45-59,Get support,6
R0618,Private bank,45-59,Apply for credit,5
R0619,Neobank / payments app,30-44,Open an account,9
R0619,Neobank / payments app,30-44,Make a payment,10
R0619,Neobank / payments app,30-44,Get support,7
R0619,Neobank / payments app,30-44,Apply for credit,9
R0620,Private bank,18-29,Open an account,9
R0620,Private bank,18-29,Make a payment,9
R0620,Private bank,18-29,Get support,6
R0620,Private bank,18-29,Apply for credit,8
R0621,Neobank / payments app,18-29,Open an account,10
R0621,Neobank / payments app,18-29,Make a payment,10
R0621,Neobank / payments app,18-29,Get support,6
R0621,Neobank / payments app,18-29,Apply for credit,7
R0622,Neobank / payments app,30-44,Open an account,10
R0622,Neobank / payments app,30-44,Make a payment,10
R0622,Neobank / payments app,30-44,Get support,8
R0622,Neobank / payments app,30-44,Apply for credit,5
R0623,Private bank,30-44,Open an account,6
R0623,Private bank,30-44,Make a payment,10
R0623,Private bank,30-44,Get support,7
R0623,Private bank,30-44,Apply for credit,4
R0624,Public bank,18-29,Open an account,8
R0624,Public bank,18-29,Make a payment,9
R0624,Public bank,18-29,Get support,9
R0624,Public bank,18-29,Apply for credit,10
R0625,Public bank,30-44,Open an account,5
R0625,Public bank,30-44,Make a payment,8
R0625,Public bank,30-44,Get support,9
R0625,Public bank,30-44,Apply for credit,5
R0626,Private bank,18-29,Open an account,10
R0626,Private bank,18-29,Make a payment,7
R0626,Private bank,18-29,Get support,6
R0626,Private bank,18-29,Apply for credit,8
R0627,Public bank,18-29,Open an account,5
R0627,Public bank,18-29,Make a payment,8
R0627,Public bank,18-29,Get support,5
R0627,Public bank,18-29,Apply for credit,6
R0628,Neobank / payments app,18-29,Open an account,4
R0628,Neobank / payments app,18-29,Make a payment,8
R0628,Neobank / payments app,18-29,Get support,7
R0628,Neobank / payments app,18-29,Apply for credit,10
R0629,Public bank,30-44,Open an account,7
R0629,Public bank,30-44,Make a payment,6
R0629,Public bank,30-44,Get support,5
R0629,Public bank,30-44,Apply for credit,7
R0630,Public bank,18-29,Open an account,7
R0630,Public bank,18-29,Make a payment,8
R0630,Public bank,18-29,Get support,6
R0630,Public bank,18-29,Apply for credit,7
R0631,Neobank / payments app,30-44,Open an account,10
R0631,Neobank / payments app,30-44,Make a payment,10
R0631,Neobank / payments app,30-44,Get support,10
R0631,Neobank / payments app,30-44,Apply for credit,9
R0632,Neobank / payments app,45-59,Open an account,8
R0632,Neobank / payments app,45-59,Make a payment,8
R0632,Neobank / payments app,45-59,Get support,8
R0632,Neobank / payments app,45-59,Apply for credit,5
R0633,Private bank,30-44,Open an account,7
R0633,Private bank,30-44,Make a payment,10
R0633,Private bank,30-44,Get support,10
R0633,Private bank,30-44,Apply for credit,9
R0634,Private bank,18-29,Open an account,10
R0634,Private bank,18-29,Make a payment,10
R0634,Private bank,18-29,Get support,7
R0634,Private bank,18-29,Apply for credit,6
R0635,Neobank / payments app,60+,Open an account,6
R0635,Neobank / payments app,60+,Make a payment,8
R0635,Neobank / payments app,60+,Get support,6
R0635,Neobank / payments app,60+,Apply for credit,8
R0636,Private bank,18-29,Open an account,6
R0636,Private bank,18-29,Make a payment,8
R0636,Private bank,18-29,Get support,7
R0636,Private bank,18-29,Apply for credit,9
R0637,Private bank,30-44,Open an account,7
R0637,Private bank,30-44,Make a payment,7
R0637,Private bank,30-44,Get support,10
R0637,Private bank,30-44,Apply for credit,9
R0638,Private bank,30-44,Open an account,7
R0638,Private bank,30-44,Make a payment,8
R0638,Private bank,30-44,Get support,8
R0638,Private bank,30-44,Apply for credit,8
R0639,Public bank,18-29,Open an account,8
R0639,Public bank,18-29,Make a payment,7
R0639,Public bank,18-29,Get support,6
R0639,Public bank,18-29,Apply for credit,6
R0640,Private bank,18-29,Open an account,9
R0640,Private bank,18-29,Make a payment,10
R0640,Private bank,18-29,Get support,7
R0640,Private bank,18-29,Apply for credit,7
R0641,Neobank / payments app,18-29,Open an account,10
R0641,Neobank / payments app,18-29,Make a payment,10
R0641,Neobank / payments app,18-29,Get support,6
R0641,Neobank / payments app,18-29,Apply for credit,5
R0642,Private bank,45-59,Open an account,6
R0642,Private bank,45-59,Make a payment,10
R0642,Private bank,45-59,Get support,3
R0642,Private bank,45-59,Apply for credit,10
R0643,Private bank,60+,Open an account,9
R0643,Private bank,60+,Make a payment,8
R0643,Private bank,60+,Get support,9
R0643,Private bank,60+,Apply for credit,9
R0644,Private bank,18-29,Open an account,5
R0644,Private bank,18-29,Make a payment,5
R0644,Private bank,18-29,Get support,5
R0644,Private bank,18-29,Apply for credit,7
R0645,Private bank,45-59,Open an account,7
R0645,Private bank,45-59,Make a payment,5
R0645,Private bank,45-59,Get support,6
R0645,Private bank,45-59,Apply for credit,5
R0646,Public bank,30-44,Open an account,3
R0646,Public bank,30-44,Make a payment,9
R0646,Public bank,30-44,Get support,10
R0646,Public bank,30-44,Apply for credit,8
R0647,Neobank / payments app,45-59,Open an account,8
R0647,Neobank / payments app,45-59,Make a payment,10
R0647,Neobank / payments app,45-59,Get support,6
R0647,Neobank / payments app,45-59,Apply for credit,10
R0648,Private bank,18-29,Open an account,10
R0648,Private bank,18-29,Make a payment,9
R0648,Private bank,18-29,Get support,9
R0648,Private bank,18-29,Apply for credit,8
R0649,Public bank,18-29,Open an account,7
R0649,Public bank,18-29,Make a payment,10
R0649,Public bank,18-29,Get support,7
R0649,Public bank,18-29,Apply for credit,5
R0650,Private bank,18-29,Open an account,8
R0650,Private bank,18-29,Make a payment,7
R0650,Private bank,18-29,Get support,7
R0650,Private bank,18-29,Apply for credit,8
R0651,Neobank / payments app,30-44,Open an account,10
R0651,Neobank / payments app,30-44,Make a payment,6
R0651,Neobank / payments app,30-44,Get support,4
R0651,Neobank / payments app,30-44,Apply for credit,9
R0652,Private bank,30-44,Open an account,9
R0652,Private bank,30-44,Make a payment,7
R0652,Private bank,30-44,Get support,8
R0652,Private bank,30-44,Apply for credit,9
R0653,Neobank / payments app,30-44,Open an account,7
R0653,Neobank / payments app,30-44,Make a payment,8
R0653,Neobank / payments app,30-44,Get support,5
R0653,Neobank / payments app,30-44,Apply for credit,6
R0654,Private bank,30-44,Open an account,8
R0654,Private bank,30-44,Make a payment,8
R0654,Private bank,30-44,Get support,7
R0654,Private bank,30-44,Apply for credit,7
R0655,Neobank / payments app,18-29,Open an account,5
R0655,Neobank / payments app,18-29,Make a payment,4
R0655,Neobank / payments app,18-29,Get support,7
R0655,Neobank / payments app,18-29,Apply for credit,7
R0656,Private bank,30-44,Open an account,9
R0656,Private bank,30-44,Make a payment,9
R0656,Private bank,30-44,Get support,8
R0656,Private bank,30-44,Apply for credit,8
R0657,Private bank,18-29,Open an account,7
R0657,Private bank,18-29,Make a payment,8
R0657,Private bank,18-29,Get support,10
R0657,Private bank,18-29,Apply for credit,3
R0658,Public bank,18-29,Open an account,4
R0658,Public bank,18-29,Make a payment,5
R0658,Public bank,18-29,Get support,7
R0658,Public bank,18-29,Apply for credit,4
R0659,Private bank,60+,Open an account,9
R0659,Private bank,60+,Make a payment,7
R0659,Private bank,60+,Get support,9
R0659,Private bank,60+,Apply for credit,7
R0660,Neobank / payments app,30-44,Open an account,10
R0660,Neobank / payments app,30-44,Make a payment,10
R0660,Neobank / payments app,30-44,Get support,3
R0660,Neobank / payments app,30-44,Apply for credit,5
R0661,Private bank,30-44,Open an account,4
R0661,Private bank,30-44,Make a payment,7
R0661,Private bank,30-44,Get support,8
R0661,Private bank,30-44,Apply for credit,4
R0662,Neobank / payments app,30-44,Open an account,10
R0662,Neobank / payments app,30-44,Make a payment,10
R0662,Neobank / payments app,30-44,Get support,7
R0662,Neobank / payments app,30-44,Apply for credit,9
R0663,Private bank,18-29,Open an account,7
R0663,Private bank,18-29,Make a payment,6
R0663,Private bank,18-29,Get support,7
R0663,Private bank,18-29,Apply for credit,6
R0664,Neobank / payments app,60+,Open an account,9
R0664,Neobank / payments app,60+,Make a payment,7
R0664,Neobank / payments app,60+,Get support,4
R0664,Neobank / payments app,60+,Apply for credit,8
R0665,Public bank,45-59,Open an account,3
R0665,Public bank,45-59,Make a payment,8
R0665,Public bank,45-59,Get support,5
R0665,Public bank,45-59,Apply for credit,8
R0666,Neobank / payments app,60+,Open an account,9
R0666,Neobank / payments app,60+,Make a payment,9
R0666,Neobank / payments app,60+,Get support,4
R0666,Neobank / payments app,60+,Apply for credit,8
R0667,Neobank / payments app,18-29,Open an account,8
R0667,Neobank / payments app,18-29,Make a payment,8
R0667,Neobank / payments app,18-29,Get support,8
R0667,Neobank / payments app,18-29,Apply for credit,7
R0668,Neobank / payments app,30-44,Open an account,8
R0668,Neobank / payments app,30-44,Make a payment,9
R0668,Neobank / payments app,30-44,Get support,1
R0668,Neobank / payments app,30-44,Apply for credit,9
R0669,Private bank,18-29,Open an account,4
R0669,Private bank,18-29,Make a payment,8
R0669,Private bank,18-29,Get support,6
R0669,Private bank,18-29,Apply for credit,6
R0670,Neobank / payments app,45-59,Open an account,10
R0670,Neobank / payments app,45-59,Make a payment,8
R0670,Neobank / payments app,45-59,Get support,5
R0670,Neobank / payments app,45-59,Apply for credit,8
R0671,Public bank,18-29,Open an account,10
R0671,Public bank,18-29,Make a payment,8
R0671,Public bank,18-29,Get support,7
R0671,Public bank,18-29,Apply for credit,7
R0672,Public bank,18-29,Open an account,4
R0672,Public bank,18-29,Make a payment,8
R0672,Public bank,18-29,Get support,5
R0672,Public bank,18-29,Apply for credit,4
R0673,Neobank / payments app,30-44,Open an account,8
R0673,Neobank / payments app,30-44,Make a payment,9
R0673,Neobank / payments app,30-44,Get support,6
R0673,Neobank / payments app,30-44,Apply for credit,10
R0674,Private bank,18-29,Open an account,6
R0674,Private bank,18-29,Make a payment,9
R0674,Private bank,18-29,Get support,8
R0674,Private bank,18-29,Apply for credit,6
R0675,Public bank,60+,Open an account,7
R0675,Public bank,60+,Make a payment,5
R0675,Public bank,60+,Get support,6
R0675,Public bank,60+,Apply for credit,8
R0676,Private bank,30-44,Open an account,7
R0676,Private bank,30-44,Make a payment,6
R0676,Private bank,30-44,Get support,6
R0676,Private bank,30-44,Apply for credit,6
R0677,Public bank,30-44,Open an account,9
R0677,Public bank,30-44,Make a payment,8
R0677,Public bank,30-44,Get support,5
R0677,Public bank,30-44,Apply for credit,5
R0678,Private bank,18-29,Open an account,3
R0678,Private bank,18-29,Make a payment,10
R0678,Private bank,18-29,Get support,4
R0678,Private bank,18-29,Apply for credit,5
R0679,Public bank,30-44,Open an account,5
R0679,Public bank,30-44,Make a payment,4
R0679,Public bank,30-44,Get support,6
R0679,Public bank,30-44,Apply for credit,7
R0680,Neobank / payments app,18-29,Open an account,7
R0680,Neobank / payments app,18-29,Make a payment,7
R0680,Neobank / payments app,18-29,Get support,7
R0680,Neobank / payments app,18-29,Apply for credit,8
R0681,Public bank,18-29,Open an account,7
R0681,Public bank,18-29,Make a payment,8
R0681,Public bank,18-29,Get support,8
R0681,Public bank,18-29,Apply for credit,5
R0682,Public bank,30-44,Open an account,8
R0682,Public bank,30-44,Make a payment,7
R0682,Public bank,30-44,Get support,5
R0682,Public bank,30-44,Apply for credit,5
R0683,Public bank,18-29,Open an account,6
R0683,Public bank,18-29,Make a payment,8
R0683,Public bank,18-29,Get support,9
R0683,Public bank,18-29,Apply for credit,9
R0684,Neobank / payments app,30-44,Open an account,8
R0684,Neobank / payments app,30-44,Make a payment,6
R0684,Neobank / payments app,30-44,Get support,7
R0684,Neobank / payments app,30-44,Apply for credit,10
R0685,Private bank,18-29,Open an account,7
R0685,Private bank,18-29,Make a payment,6
R0685,Private bank,18-29,Get support,8
R0685,Private bank,18-29,Apply for credit,8
R0686,Neobank / payments app,60+,Open an account,7
R0686,Neobank / payments app,60+,Make a payment,6
R0686,Neobank / payments app,60+,Get support,7
R0686,Neobank / payments app,60+,Apply for credit,10
R0687,Private bank,30-44,Open an account,5
R0687,Private bank,30-44,Make a payment,6
R0687,Private bank,30-44,Get support,10
R0687,Private bank,30-44,Apply for credit,10
R0688,Public bank,45-59,Open an account,5
R0688,Public bank,45-59,Make a payment,7
R0688,Public bank,45-59,Get support,8
R0688,Public bank,45-59,Apply for credit,9
R0689,Private bank,30-44,Open an account,5
R0689,Private bank,30-44,Make a payment,10
R0689,Private bank,30-44,Get support,7
R0689,Private bank,30-44,Apply for credit,6
R0690,Public bank,45-59,Open an account,3
R0690,Public bank,45-59,Make a payment,9
R0690,Public bank,45-59,Get support,10
R0690,Public bank,45-59,Apply for credit,7
R0691,Neobank / payments app,30-44,Open an account,6
R0691,Neobank / payments app,30-44,Make a payment,10
R0691,Neobank / payments app,30-44,Get support,8
R0691,Neobank / payments app,30-44,Apply for credit,8
R0692,Neobank / payments app,45-59,Open an account,8
R0692,Neobank / payments app,45-59,Make a payment,10
R0692,Neobank / payments app,45-59,Get support,6
R0692,Neobank / payments app,45-59,Apply for credit,10
R0693,Neobank / payments app,30-44,Open an account,10
R0693,Neobank / payments app,30-44,Make a payment,9
R0693,Neobank / payments app,30-44,Get support,6
R0693,Neobank / payments app,30-44,Apply for credit,5
R0694,Private bank,30-44,Open an account,2
R0694,Private bank,30-44,Make a payment,8
R0694,Private bank,30-44,Get support,7
R0694,Private bank,30-44,Apply for credit,4
R0695,Neobank / payments app,18-29,Open an account,8
R0695,Neobank / payments app,18-29,Make a payment,8
R0695,Neobank / payments app,18-29,Get support,6
R0695,Neobank / payments app,18-29,Apply for credit,10
R0696,Private bank,30-44,Open an account,9
R0696,Private bank,30-44,Make a payment,9
R0696,Private bank,30-44,Get support,8
R0696,Private bank,30-44,Apply for credit,4
R0697,Public bank,30-44,Open an account,2
R0697,Public bank,30-44,Make a payment,6
R0697,Public bank,30-44,Get support,7
R0697,Public bank,30-44,Apply for credit,6
R0698,Neobank / payments app,30-44,Open an account,8
R0698,Neobank / payments app,30-44,Make a payment,9
R0698,Neobank / payments app,30-44,Get support,8
R0698,Neobank / payments app,30-44,Apply for credit,10
R0699,Neobank / payments app,30-44,Open an account,9
R0699,Neobank / payments app,30-44,Make a payment,6
R0699,Neobank / payments app,30-44,Get support,10
R0699,Neobank / payments app,30-44,Apply for credit,5
R0700,Neobank / payments app,30-44,Open an account,8
R0700,Neobank / payments app,30-44,Make a payment,8
R0700,Neobank / payments app,30-44,Get support,5
R0700,Neobank / payments app,30-44,Apply for credit,7
R0701,Neobank / payments app,30-44,Open an account,7
R0701,Neobank / payments app,30-44,Make a payment,8
R0701,Neobank / payments app,30-44,Get support,5
R0701,Neobank / payments app,30-44,Apply for credit,7
R0702,Private bank,18-29,Open an account,6
R0702,Private bank,18-29,Make a payment,8
R0702,Private bank,18-29,Get support,7
R0702,Private bank,18-29,Apply for credit,8
R0703,Private bank,30-44,Open an account,9
R0703,Private bank,30-44,Make a payment,4
R0703,Private bank,30-44,Get support,8
R0703,Private bank,30-44,Apply for credit,7
R0704,Neobank / payments app,30-44,Open an account,9
R0704,Neobank / payments app,30-44,Make a payment,9
R0704,Neobank / payments app,30-44,Get support,2
R0704,Neobank / payments app,30-44,Apply for credit,7
R0705,Public bank,18-29,Open an account,6
R0705,Public bank,18-29,Make a payment,10
R0705,Public bank,18-29,Get support,4
R0705,Public bank,18-29,Apply for credit,9
R0706,Neobank / payments app,45-59,Open an account,9
R0706,Neobank / payments app,45-59,Make a payment,6
R0706,Neobank / payments app,45-59,Get support,8
R0706,Neobank / payments app,45-59,Apply for credit,4
R0707,Private bank,30-44,Open an account,6
R0707,Private bank,30-44,Make a payment,9
R0707,Private bank,30-44,Get support,7
R0707,Private bank,30-44,Apply for credit,10
R0708,Neobank / payments app,30-44,Open an account,7
R0708,Neobank / payments app,30-44,Make a payment,7
R0708,Neobank / payments app,30-44,Get support,4
R0708,Neobank / payments app,30-44,Apply for credit,9
R0709,Private bank,45-59,Open an account,8
R0709,Private bank,45-59,Make a payment,6
R0709,Private bank,45-59,Get support,4
R0709,Private bank,45-59,Apply for credit,8
R0710,Private bank,18-29,Open an account,5
R0710,Private bank,18-29,Make a payment,10
R0710,Private bank,18-29,Get support,8
R0710,Private bank,18-29,Apply for credit,7
R0711,Neobank / payments app,18-29,Open an account,9
R0711,Neobank / payments app,18-29,Make a payment,10
R0711,Neobank / payments app,18-29,Get support,8
R0711,Neobank / payments app,18-29,Apply for credit,9
R0712,Public bank,45-59,Open an account,8
R0712,Public bank,45-59,Make a payment,9
R0712,Public bank,45-59,Get support,10
R0712,Public bank,45-59,Apply for credit,7
R0713,Private bank,60+,Open an account,9
R0713,Private bank,60+,Make a payment,6
R0713,Private bank,60+,Get support,5
R0713,Private bank,60+,Apply for credit,8
R0714,Neobank / payments app,30-44,Open an account,10
R0714,Neobank / payments app,30-44,Make a payment,10
R0714,Neobank / payments app,30-44,Get support,6
R0714,Neobank / payments app,30-44,Apply for credit,8
R0715,Public bank,30-44,Open an account,9
R0715,Public bank,30-44,Make a payment,6
R0715,Public bank,30-44,Get support,3
R0715,Public bank,30-44,Apply for credit,8
R0716,Private bank,18-29,Open an account,6
R0716,Private bank,18-29,Make a payment,9
R0716,Private bank,18-29,Get support,10
R0716,Private bank,18-29,Apply for credit,10
R0717,Private bank,60+,Open an account,6
R0717,Private bank,60+,Make a payment,6
R0717,Private bank,60+,Get support,8
R0717,Private bank,60+,Apply for credit,8
R0718,Neobank / payments app,30-44,Open an account,9
R0718,Neobank / payments app,30-44,Make a payment,10
R0718,Neobank / payments app,30-44,Get support,4
R0718,Neobank / payments app,30-44,Apply for credit,10
R0719,Private bank,18-29,Open an account,7
R0719,Private bank,18-29,Make a payment,8
R0719,Private bank,18-29,Get support,9
R0719,Private bank,18-29,Apply for credit,6
R0720,Private bank,30-44,Open an account,10
R0720,Private bank,30-44,Make a payment,8
R0720,Private bank,30-44,Get support,6
R0720,Private bank,30-44,Apply for credit,8
R0721,Neobank / payments app,45-59,Open an account,10
R0721,Neobank / payments app,45-59,Make a payment,10
R0721,Neobank / payments app,45-59,Get support,7
R0721,Neobank / payments app,45-59,Apply for credit,7
R0722,Neobank / payments app,45-59,Open an account,7
R0722,Neobank / payments app,45-59,Make a payment,10
R0722,Neobank / payments app,45-59,Get support,5
R0722,Neobank / payments app,45-59,Apply for credit,7
R0723,Neobank / payments app,60+,Open an account,7
R0723,Neobank / payments app,60+,Make a payment,6
R0723,Neobank / payments app,60+,Get support,5
R0723,Neobank / payments app,60+,Apply for credit,6
R0724,Neobank / payments app,45-59,Open an account,7
R0724,Neobank / payments app,45-59,Make a payment,6
R0724,Neobank / payments app,45-59,Get support,4
R0724,Neobank / payments app,45-59,Apply for credit,10
R0725,Private bank,18-29,Open an account,8
R0725,Private bank,18-29,Make a payment,8
R0725,Private bank,18-29,Get support,5
R0725,Private bank,18-29,Apply for credit,7
R0726,Neobank / payments app,30-44,Open an account,7
R0726,Neobank / payments app,30-44,Make a payment,9
R0726,Neobank / payments app,30-44,Get support,8
R0726,Neobank / payments app,30-44,Apply for credit,6
R0727,Neobank / payments app,18-29,Open an account,7
R0727,Neobank / payments app,18-29,Make a payment,10
R0727,Neobank / payments app,18-29,Get support,6
R0727,Neobank / payments app,18-29,Apply for credit,7
R0728,Neobank / payments app,45-59,Open an account,8
R0728,Neobank / payments app,45-59,Make a payment,8
R0728,Neobank / payments app,45-59,Get support,7
R0728,Neobank / payments app,45-59,Apply for credit,9
R0729,Private bank,60+,Open an account,7
R0729,Private bank,60+,Make a payment,9
R0729,Private bank,60+,Get support,10
R0729,Private bank,60+,Apply for credit,8
R0730,Neobank / payments app,18-29,Open an account,5
R0730,Neobank / payments app,18-29,Make a payment,10
R0730,Neobank / payments app,18-29,Get support,6
R0730,Neobank / payments app,18-29,Apply for credit,6
R0731,Private bank,45-59,Open an account,10
R0731,Private bank,45-59,Make a payment,9
R0731,Private bank,45-59,Get support,6
R0731,Private bank,45-59,Apply for credit,5
R0732,Private bank,45-59,Open an account,7
R0732,Private bank,45-59,Make a payment,10
R0732,Private bank,45-59,Get support,7
R0732,Private bank,45-59,Apply for credit,8
R0733,Private bank,30-44,Open an account,8
R0733,Private bank,30-44,Make a payment,7
R0733,Private bank,30-44,Get support,6
R0733,Private bank,30-44,Apply for credit,8
R0734,Neobank / payments app,30-44,Open an account,7
R0734,Neobank / payments app,30-44,Make a payment,9
R0734,Neobank / payments app,30-44,Get support,6
R0734,Neobank / payments app,30-44,Apply for credit,7
R0735,Private bank,18-29,Open an account,6
R0735,Private bank,18-29,Make a payment,9
R0735,Private bank,18-29,Get support,8
R0735,Private bank,18-29,Apply for credit,7
R0736,Private bank,18-29,Open an account,8
R0736,Private bank,18-29,Make a payment,7
R0736,Private bank,18-29,Get support,7
R0736,Private bank,18-29,Apply for credit,10
R0737,Neobank / payments app,18-29,Open an account,10
R0737,Neobank / payments app,18-29,Make a payment,9
R0737,Neobank / payments app,18-29,Get support,7
R0737,Neobank / payments app,18-29,Apply for credit,10
R0738,Public bank,45-59,Open an account,7
R0738,Public bank,45-59,Make a payment,3
R0738,Public bank,45-59,Get support,9
R0738,Public bank,45-59,Apply for credit,9
R0739,Private bank,18-29,Open an account,10
R0739,Private bank,18-29,Make a payment,8
R0739,Private bank,18-29,Get support,7
R0739,Private bank,18-29,Apply for credit,9
R0740,Public bank,30-44,Open an account,5
R0740,Public bank,30-44,Make a payment,9
R0740,Public bank,30-44,Get support,5
R0740,Public bank,30-44,Apply for credit,8
R0741,Neobank / payments app,30-44,Open an account,10
R0741,Neobank / payments app,30-44,Make a payment,10
R0741,Neobank / payments app,30-44,Get support,5
R0741,Neobank / payments app,30-44,Apply for credit,10
R0742,Neobank / payments app,18-29,Open an account,9
R0742,Neobank / payments app,18-29,Make a payment,8
R0742,Neobank / payments app,18-29,Get support,5
R0742,Neobank / payments app,18-29,Apply for credit,7
R0743,Public bank,18-29,Open an account,8
R0743,Public bank,18-29,Make a payment,0
R0743,Public bank,18-29,Get support,6
R0743,Public bank,18-29,Apply for credit,8
R0744,Private bank,18-29,Open an account,10
R0744,Private bank,18-29,Make a payment,6
R0744,Private bank,18-29,Get support,9
R0744,Private bank,18-29,Apply for credit,10
R0745,Private bank,45-59,Open an account,6
R0745,Private bank,45-59,Make a payment,5
R0745,Private bank,45-59,Get support,9
R0745,Private bank,45-59,Apply for credit,8
R0746,Public bank,30-44,Open an account,5
R0746,Public bank,30-44,Make a payment,7
R0746,Public bank,30-44,Get support,5
R0746,Public bank,30-44,Apply for credit,8
R0747,Public bank,30-44,Open an account,7
R0747,Public bank,30-44,Make a payment,6
R0747,Public bank,30-44,Get support,6
R0747,Public bank,30-44,Apply for credit,10
R0748,Public bank,30-44,Open an account,6
R0748,Public bank,30-44,Make a payment,6
R0748,Public bank,30-44,Get support,5
R0748,Public bank,30-44,Apply for credit,10
R0749,Neobank / payments app,18-29,Open an account,8
R0749,Neobank / payments app,18-29,Make a payment,4
R0749,Neobank / payments app,18-29,Get support,8
R0749,Neobank / payments app,18-29,Apply for credit,9
R0750,Private bank,45-59,Open an account,7
R0750,Private bank,45-59,Make a payment,6
R0750,Private bank,45-59,Get support,9
R0750,Private bank,45-59,Apply for credit,10
R0751,Private bank,30-44,Open an account,9
R0751,Private bank,30-44,Make a payment,9
R0751,Private bank,30-44,Get support,7
R0751,Private bank,30-44,Apply for credit,8
R0752,Private bank,60+,Open an account,7
R0752,Private bank,60+,Make a payment,7
R0752,Private bank,60+,Get support,8
R0752,Private bank,60+,Apply for credit,4
R0753,Private bank,30-44,Open an account,9
R0753,Private bank,30-44,Make a payment,7
R0753,Private bank,30-44,Get support,6
R0753,Private bank,30-44,Apply for credit,10
R0754,Public bank,30-44,Open an account,8
R0754,Public bank,30-44,Make a payment,10
R0754,Public bank,30-44,Get support,7
R0754,Public bank,30-44,Apply for credit,8
R0755,Neobank / payments app,45-59,Open an account,9
R0755,Neobank / payments app,45-59,Make a payment,9
R0755,Neobank / payments app,45-59,Get support,10
R0755,Neobank / payments app,45-59,Apply for credit,7
R0756,Private bank,30-44,Open an account,7
R0756,Private bank,30-44,Make a payment,8
R0756,Private bank,30-44,Get support,8
R0756,Private bank,30-44,Apply for credit,6
R0757,Public bank,30-44,Open an account,9
R0757,Public bank,30-44,Make a payment,9
R0757,Public bank,30-44,Get support,9
R0757,Public bank,30-44,Apply for credit,5
R0758,Public bank,45-59,Open an account,7
R0758,Public bank,45-59,Make a payment,6
R0758,Public bank,45-59,Get support,7
R0758,Public bank,45-59,Apply for credit,5
R0759,Neobank / payments app,45-59,Open an account,4
R0759,Neobank / payments app,45-59,Make a payment,10
R0759,Neobank / payments app,45-59,Get support,5
R0759,Neobank / payments app,45-59,Apply for credit,8
R0760,Private bank,18-29,Open an account,9
R0760,Private bank,18-29,Make a payment,8
R0760,Private bank,18-29,Get support,7
R0760,Private bank,18-29,Apply for credit,6
R0761,Private bank,45-59,Open an account,5
R0761,Private bank,45-59,Make a payment,7
R0761,Private bank,45-59,Get support,7
R0761,Private bank,45-59,Apply for credit,10
R0762,Neobank / payments app,30-44,Open an account,6
R0762,Neobank / payments app,30-44,Make a payment,10
R0762,Neobank / payments app,30-44,Get support,8
R0762,Neobank / payments app,30-44,Apply for credit,8
R0763,Public bank,30-44,Open an account,7
R0763,Public bank,30-44,Make a payment,10
R0763,Public bank,30-44,Get support,7
R0763,Public bank,30-44,Apply for credit,10
R0764,Neobank / payments app,18-29,Open an account,6
R0764,Neobank / payments app,18-29,Make a payment,9
R0764,Neobank / payments app,18-29,Get support,5
R0764,Neobank / payments app,18-29,Apply for credit,7
R0765,Private bank,30-44,Open an account,6
R0765,Private bank,30-44,Make a payment,10
R0765,Private bank,30-44,Get support,9
R0765,Private bank,30-44,Apply for credit,6
R0766,Private bank,30-44,Open an account,7
R0766,Private bank,30-44,Make a payment,9
R0766,Private bank,30-44,Get support,10
R0766,Private bank,30-44,Apply for credit,8
R0767,Private bank,30-44,Open an account,10
R0767,Private bank,30-44,Make a payment,6
R0767,Private bank,30-44,Get support,8
R0767,Private bank,30-44,Apply for credit,4
R0768,Private bank,30-44,Open an account,10
R0768,Private bank,30-44,Make a payment,7
R0768,Private bank,30-44,Get support,8
R0768,Private bank,30-44,Apply for credit,10
R0769,Private bank,18-29,Open an account,6
R0769,Private bank,18-29,Make a payment,5
R0769,Private bank,18-29,Get support,7
R0769,Private bank,18-29,Apply for credit,8
R0770,Public bank,45-59,Open an account,4
R0770,Public bank,45-59,Make a payment,7
R0770,Public bank,45-59,Get support,8
R0770,Public bank,45-59,Apply for credit,3
R0771,Private bank,18-29,Open an account,9
R0771,Private bank,18-29,Make a payment,10
R0771,Private bank,18-29,Get support,9
R0771,Private bank,18-29,Apply for credit,10
R0772,Neobank / payments app,18-29,Open an account,6
R0772,Neobank / payments app,18-29,Make a payment,9
R0772,Neobank / payments app,18-29,Get support,6
R0772,Neobank / payments app,18-29,Apply for credit,9
R0773,Private bank,30-44,Open an account,9
R0773,Private bank,30-44,Make a payment,7
R0773,Private bank,30-44,Get support,8
R0773,Private bank,30-44,Apply for credit,10
R0774,Neobank / payments app,30-44,Open an account,6
R0774,Neobank / payments app,30-44,Make a payment,9
R0774,Neobank / payments app,30-44,Get support,3
R0774,Neobank / payments app,30-44,Apply for credit,10
R0775,Public bank,30-44,Open an account,7
R0775,Public bank,30-44,Make a payment,9
R0775,Public bank,30-44,Get support,4
R0775,Public bank,30-44,Apply for credit,4
R0776,Private bank,18-29,Open an account,6
R0776,Private bank,18-29,Make a payment,7
R0776,Private bank,18-29,Get support,7
R0776,Private bank,18-29,Apply for credit,6
R0777,Neobank / payments app,18-29,Open an account,7
R0777,Neobank / payments app,18-29,Make a payment,9
R0777,Neobank / payments app,18-29,Get support,7
R0777,Neobank / payments app,18-29,Apply for credit,9
R0778,Public bank,30-44,Open an account,1
R0778,Public bank,30-44,Make a payment,6
R0778,Public bank,30-44,Get support,5
R0778,Public bank,30-44,Apply for credit,5
R0779,Private bank,18-29,Open an account,2
R0779,Private bank,18-29,Make a payment,7
R0779,Private bank,18-29,Get support,10
R0779,Private bank,18-29,Apply for credit,9
R0780,Neobank / payments app,30-44,Open an account,8
R0780,Neobank / payments app,30-44,Make a payment,10
R0780,Neobank / payments app,30-44,Get support,5
R0780,Neobank / payments app,30-44,Apply for credit,7
R0781,Neobank / payments app,18-29,Open an account,9
R0781,Neobank / payments app,18-29,Make a payment,10
R0781,Neobank / payments app,18-29,Get support,4
R0781,Neobank / payments app,18-29,Apply for credit,9
R0782,Private bank,30-44,Open an account,9
R0782,Private bank,30-44,Make a payment,9
R0782,Private bank,30-44,Get support,10
R0782,Private bank,30-44,Apply for credit,6
R0783,Neobank / payments app,18-29,Open an account,7
R0783,Neobank / payments app,18-29,Make a payment,10
R0783,Neobank / payments app,18-29,Get support,8
R0783,Neobank / payments app,18-29,Apply for credit,6
R0784,Public bank,30-44,Open an account,4
R0784,Public bank,30-44,Make a payment,8
R0784,Public bank,30-44,Get support,5
R0784,Public bank,30-44,Apply for credit,9
R0785,Neobank / payments app,18-29,Open an account,8
R0785,Neobank / payments app,18-29,Make a payment,10
R0785,Neobank / payments app,18-29,Get support,5
R0785,Neobank / payments app,18-29,Apply for credit,6
R0786,Private bank,30-44,Open an account,10
R0786,Private bank,30-44,Make a payment,7
R0786,Private bank,30-44,Get support,7
R0786,Private bank,30-44,Apply for credit,4
R0787,Public bank,18-29,Open an account,8
R0787,Public bank,18-29,Make a payment,8
R0787,Public bank,18-29,Get support,6
R0787,Public bank,18-29,Apply for credit,4
R0788,Private bank,30-44,Open an account,9
R0788,Private bank,30-44,Make a payment,9
R0788,Private bank,30-44,Get support,7
R0788,Private bank,30-44,Apply for credit,6
R0789,Neobank / payments app,60+,Open an account,7
R0789,Neobank / payments app,60+,Make a payment,9
R0789,Neobank / payments app,60+,Get support,6
R0789,Neobank / payments app,60+,Apply for credit,7
R0790,Neobank / payments app,30-44,Open an account,10
R0790,Neobank / payments app,30-44,Make a payment,5
R0790,Neobank / payments app,30-44,Get support,7
R0790,Neobank / payments app,30-44,Apply for credit,5
R0791,Private bank,60+,Open an account,7
R0791,Private bank,60+,Make a payment,10
R0791,Private bank,60+,Get support,6
R0791,Private bank,60+,Apply for credit,8
R0792,Private bank,60+,Open an account,8
R0792,Private bank,60+,Make a payment,10
R0792,Private bank,60+,Get support,10
R0792,Private bank,60+,Apply for credit,5
R0793,Neobank / payments app,18-29,Open an account,10
R0793,Neobank / payments app,18-29,Make a payment,10
R0793,Neobank / payments app,18-29,Get support,8
R0793,Neobank / payments app,18-29,Apply for credit,8
R0794,Private bank,18-29,Open an account,10
R0794,Private bank,18-29,Make a payment,10
R0794,Private bank,18-29,Get support,4
R0794,Private bank,18-29,Apply for credit,10
R0795,Public bank,45-59,Open an account,5
R0795,Public bank,45-59,Make a payment,7
R0795,Public bank,45-59,Get support,9
R0795,Public bank,45-59,Apply for credit,4
R0796,Neobank / payments app,18-29,Open an account,8
R0796,Neobank / payments app,18-29,Make a payment,10
R0796,Neobank / payments app,18-29,Get support,6
R0796,Neobank / payments app,18-29,Apply for credit,10
R0797,Private bank,18-29,Open an account,6
R0797,Private bank,18-29,Make a payment,6
R0797,Private bank,18-29,Get support,9
R0797,Private bank,18-29,Apply for credit,7
R0798,Private bank,60+,Open an account,7
R0798,Private bank,60+,Make a payment,9
R0798,Private bank,60+,Get support,9
R0798,Private bank,60+,Apply for credit,6
R0799,Private bank,60+,Open an account,10
R0799,Private bank,60+,Make a payment,9
R0799,Private bank,60+,Get support,7
R0799,Private bank,60+,Apply for credit,7
R0800,Private bank,45-59,Open an account,8
R0800,Private bank,45-59,Make a payment,8
R0800,Private bank,45-59,Get support,9
R0800,Private bank,45-59,Apply for credit,10
R0801,Public bank,18-29,Open an account,9
R0801,Public bank,18-29,Make a payment,7
R0801,Public bank,18-29,Get support,7
R0801,Public bank,18-29,Apply for credit,3
R0802,Public bank,45-59,Open an account,7
R0802,Public bank,45-59,Make a payment,3
R0802,Public bank,45-59,Get support,4
R0802,Public bank,45-59,Apply for credit,6
R0803,Neobank / payments app,18-29,Open an account,10
R0803,Neobank / payments app,18-29,Make a payment,9
R0803,Neobank / payments app,18-29,Get support,6
R0803,Neobank / payments app,18-29,Apply for credit,7
R0804,Private bank,30-44,Open an account,6
R0804,Private bank,30-44,Make a payment,9
R0804,Private bank,30-44,Get support,10
R0804,Private bank,30-44,Apply for credit,6
R0805,Neobank / payments app,30-44,Open an account,10
R0805,Neobank / payments app,30-44,Make a payment,10
R0805,Neobank / payments app,30-44,Get support,4
R0805,Neobank / payments app,30-44,Apply for credit,6
R0806,Private bank,30-44,Open an account,6
R0806,Private bank,30-44,Make a payment,8
R0806,Private bank,30-44,Get support,4
R0806,Private bank,30-44,Apply for credit,9
R0807,Private bank,60+,Open an account,9
R0807,Private bank,60+,Make a payment,7
R0807,Private bank,60+,Get support,9
R0807,Private bank,60+,Apply for credit,8
R0808,Neobank / payments app,30-44,Open an account,10
R0808,Neobank / payments app,30-44,Make a payment,7
R0808,Neobank / payments app,30-44,Get support,6
R0808,Neobank / payments app,30-44,Apply for credit,7
R0809,Private bank,60+,Open an account,6
R0809,Private bank,60+,Make a payment,7
R0809,Private bank,60+,Get support,9
R0809,Private bank,60+,Apply for credit,8
R0810,Neobank / payments app,18-29,Open an account,7
R0810,Neobank / payments app,18-29,Make a payment,10
R0810,Neobank / payments app,18-29,Get support,7
R0810,Neobank / payments app,18-29,Apply for credit,7
R0811,Public bank,45-59,Open an account,7
R0811,Public bank,45-59,Make a payment,4
R0811,Public bank,45-59,Get support,10
R0811,Public bank,45-59,Apply for credit,7
R0812,Private bank,30-44,Open an account,7
R0812,Private bank,30-44,Make a payment,6
R0812,Private bank,30-44,Get support,10
R0812,Private bank,30-44,Apply for credit,6
R0813,Private bank,30-44,Open an account,6
R0813,Private bank,30-44,Make a payment,7
R0813,Private bank,30-44,Get support,9
R0813,Private bank,30-44,Apply for credit,8
R0814,Private bank,30-44,Open an account,7
R0814,Private bank,30-44,Make a payment,9
R0814,Private bank,30-44,Get support,9
R0814,Private bank,30-44,Apply for credit,9
R0815,Neobank / payments app,18-29,Open an account,6
R0815,Neobank / payments app,18-29,Make a payment,10
R0815,Neobank / payments app,18-29,Get support,3
R0815,Neobank / payments app,18-29,Apply for credit,7
R0816,Private bank,60+,Open an account,6
R0816,Private bank,60+,Make a payment,6
R0816,Private bank,60+,Get support,9
R0816,Private bank,60+,Apply for credit,5
R0817,Neobank / payments app,30-44,Open an account,7
R0817,Neobank / payments app,30-44,Make a payment,9
R0817,Neobank / payments app,30-44,Get support,4
R0817,Neobank / payments app,30-44,Apply for credit,9
R0818,Public bank,30-44,Open an account,10
R0818,Public bank,30-44,Make a payment,10
R0818,Public bank,30-44,Get support,8
R0818,Public bank,30-44,Apply for credit,7
R0819,Public bank,18-29,Open an account,10
R0819,Public bank,18-29,Make a payment,5
R0819,Public bank,18-29,Get support,8
R0819,Public bank,18-29,Apply for credit,10
R0820,Private bank,18-29,Open an account,5
R0820,Private bank,18-29,Make a payment,8
R0820,Private bank,18-29,Get support,9
R0820,Private bank,18-29,Apply for credit,8
R0821,Neobank / payments app,18-29,Open an account,10
R0821,Neobank / payments app,18-29,Make a payment,9
R0821,Neobank / payments app,18-29,Get support,8
R0821,Neobank / payments app,18-29,Apply for credit,7
R0822,Public bank,18-29,Open an account,8
R0822,Public bank,18-29,Make a payment,7
R0822,Public bank,18-29,Get support,7
R0822,Public bank,18-29,Apply for credit,4
R0823,Neobank / payments app,30-44,Open an account,8
R0823,Neobank / payments app,30-44,Make a payment,6
R0823,Neobank / payments app,30-44,Get support,9
R0823,Neobank / payments app,30-44,Apply for credit,7
R0824,Private bank,30-44,Open an account,7
R0824,Private bank,30-44,Make a payment,8
R0824,Private bank,30-44,Get support,5
R0824,Private bank,30-44,Apply for credit,3
R0825,Public bank,30-44,Open an account,7
R0825,Public bank,30-44,Make a payment,6
R0825,Public bank,30-44,Get support,9
R0825,Public bank,30-44,Apply for credit,8
R0826,Private bank,18-29,Open an account,7
R0826,Private bank,18-29,Make a payment,6
R0826,Private bank,18-29,Get support,10
R0826,Private bank,18-29,Apply for credit,8
R0827,Neobank / payments app,18-29,Open an account,10
R0827,Neobank / payments app,18-29,Make a payment,8
R0827,Neobank / payments app,18-29,Get support,5
R0827,Neobank / payments app,18-29,Apply for credit,3
R0828,Private bank,18-29,Open an account,8
R0828,Private bank,18-29,Make a payment,10
R0828,Private bank,18-29,Get support,6
R0828,Private bank,18-29,Apply for credit,6
R0829,Neobank / payments app,18-29,Open an account,10
R0829,Neobank / payments app,18-29,Make a payment,6
R0829,Neobank / payments app,18-29,Get support,9
R0829,Neobank / payments app,18-29,Apply for credit,10
R0830,Public bank,18-29,Open an account,7
R0830,Public bank,18-29,Make a payment,7
R0830,Public bank,18-29,Get support,10
R0830,Public bank,18-29,Apply for credit,6
R0831,Public bank,60+,Open an account,6
R0831,Public bank,60+,Make a payment,8
R0831,Public bank,60+,Get support,8
R0831,Public bank,60+,Apply for credit,4
R0832,Private bank,18-29,Open an account,6
R0832,Private bank,18-29,Make a payment,10
R0832,Private bank,18-29,Get support,8
R0832,Private bank,18-29,Apply for credit,8
R0833,Public bank,45-59,Open an account,5
R0833,Public bank,45-59,Make a payment,7
R0833,Public bank,45-59,Get support,5
R0833,Public bank,45-59,Apply for credit,5
R0834,Public bank,45-59,Open an account,8
R0834,Public bank,45-59,Make a payment,6
R0834,Public bank,45-59,Get support,8
R0834,Public bank,45-59,Apply for credit,5
R0835,Neobank / payments app,60+,Open an account,10
R0835,Neobank / payments app,60+,Make a payment,9
R0835,Neobank / payments app,60+,Get support,6
R0835,Neobank / payments app,60+,Apply for credit,8
R0836,Public bank,18-29,Open an account,5
R0836,Public bank,18-29,Make a payment,9
R0836,Public bank,18-29,Get support,7
R0836,Public bank,18-29,Apply for credit,6
R0837,Neobank / payments app,30-44,Open an account,10
R0837,Neobank / payments app,30-44,Make a payment,9
R0837,Neobank / payments app,30-44,Get support,8
R0837,Neobank / payments app,30-44,Apply for credit,4
R0838,Private bank,45-59,Open an account,9
R0838,Private bank,45-59,Make a payment,8
R0838,Private bank,45-59,Get support,9
R0838,Private bank,45-59,Apply for credit,7
R0839,Private bank,60+,Open an account,7
R0839,Private bank,60+,Make a payment,7
R0839,Private bank,60+,Get support,5
R0839,Private bank,60+,Apply for credit,6
R0840,Neobank / payments app,18-29,Open an account,7
R0840,Neobank / payments app,18-29,Make a payment,10
R0840,Neobank / payments app,18-29,Get support,7
R0840,Neobank / payments app,18-29,Apply for credit,7
R0841,Public bank,30-44,Open an account,7
R0841,Public bank,30-44,Make a payment,7
R0841,Public bank,30-44,Get support,8
R0841,Public bank,30-44,Apply for credit,7
R0842,Private bank,30-44,Open an account,9
R0842,Private bank,30-44,Make a payment,9
R0842,Private bank,30-44,Get support,5
R0842,Private bank,30-44,Apply for credit,6
R0843,Private bank,18-29,Open an account,7
R0843,Private bank,18-29,Make a payment,8
R0843,Private bank,18-29,Get support,9
R0843,Private bank,18-29,Apply for credit,8
R0844,Neobank / payments app,30-44,Open an account,10
R0844,Neobank / payments app,30-44,Make a payment,10
R0844,Neobank / payments app,30-44,Get support,4
R0844,Neobank / payments app,30-44,Apply for credit,9
R0845,Public bank,60+,Open an account,5
R0845,Public bank,60+,Make a payment,9
R0845,Public bank,60+,Get support,5
R0845,Public bank,60+,Apply for credit,8
R0846,Private bank,45-59,Open an account,10
R0846,Private bank,45-59,Make a payment,5
R0846,Private bank,45-59,Get support,8
R0846,Private bank,45-59,Apply for credit,8
R0847,Neobank / payments app,45-59,Open an account,8
R0847,Neobank / payments app,45-59,Make a payment,10
R0847,Neobank / payments app,45-59,Get support,4
R0847,Neobank / payments app,45-59,Apply for credit,8
R0848,Neobank / payments app,30-44,Open an account,10
R0848,Neobank / payments app,30-44,Make a payment,10
R0848,Neobank / payments app,30-44,Get support,10
R0848,Neobank / payments app,30-44,Apply for credit,10
R0849,Private bank,18-29,Open an account,9
R0849,Private bank,18-29,Make a payment,8
R0849,Private bank,18-29,Get support,5
R0849,Private bank,18-29,Apply for credit,5
R0850,Neobank / payments app,60+,Open an account,8
R0850,Neobank / payments app,60+,Make a payment,9
R0850,Neobank / payments app,60+,Get support,3
R0850,Neobank / payments app,60+,Apply for credit,7
R0851,Neobank / payments app,30-44,Open an account,10
R0851,Neobank / payments app,30-44,Make a payment,5
R0851,Neobank / payments app,30-44,Get support,5
R0851,Neobank / payments app,30-44,Apply for credit,10
R0852,Private bank,45-59,Open an account,9
R0852,Private bank,45-59,Make a payment,8
R0852,Private bank,45-59,Get support,7
R0852,Private bank,45-59,Apply for credit,7
R0853,Neobank / payments app,60+,Open an account,8
R0853,Neobank / payments app,60+,Make a payment,7
R0853,Neobank / payments app,60+,Get support,6
R0853,Neobank / payments app,60+,Apply for credit,10
R0854,Private bank,30-44,Open an account,9
R0854,Private bank,30-44,Make a payment,10
R0854,Private bank,30-44,Get support,7
R0854,Private bank,30-44,Apply for credit,6
R0855,Private bank,60+,Open an account,10
R0855,Private bank,60+,Make a payment,4
R0855,Private bank,60+,Get support,7
R0855,Private bank,60+,Apply for credit,9
R0856,Public bank,60+,Open an account,7
R0856,Public bank,60+,Make a payment,7
R0856,Public bank,60+,Get support,6
R0856,Public bank,60+,Apply for credit,6
R0857,Public bank,30-44,Open an account,9
R0857,Public bank,30-44,Make a payment,6
R0857,Public bank,30-44,Get support,5
R0857,Public bank,30-44,Apply for credit,9
R0858,Public bank,60+,Open an account,7
R0858,Public bank,60+,Make a payment,7
R0858,Public bank,60+,Get support,5
R0858,Public bank,60+,Apply for credit,4
R0859,Private bank,30-44,Open an account,7
R0859,Private bank,30-44,Make a payment,10
R0859,Private bank,30-44,Get support,10
R0859,Private bank,30-44,Apply for credit,8
R0860,Public bank,18-29,Open an account,3
R0860,Public bank,18-29,Make a payment,10
R0860,Public bank,18-29,Get support,6
R0860,Public bank,18-29,Apply for credit,3
R0861,Private bank,18-29,Open an account,10
R0861,Private bank,18-29,Make a payment,8
R0861,Private bank,18-29,Get support,7
R0861,Private bank,18-29,Apply for credit,9
R0862,Public bank,30-44,Open an account,7
R0862,Public bank,30-44,Make a payment,7
R0862,Public bank,30-44,Get support,7
R0862,Public bank,30-44,Apply for credit,8
R0863,Public bank,30-44,Open an account,3
R0863,Public bank,30-44,Make a payment,9
R0863,Public bank,30-44,Get support,6
R0863,Public bank,30-44,Apply for credit,5
R0864,Private bank,18-29,Open an account,7
R0864,Private bank,18-29,Make a payment,8
R0864,Private bank,18-29,Get support,7
R0864,Private bank,18-29,Apply for credit,9
R0865,Private bank,60+,Open an account,7
R0865,Private bank,60+,Make a payment,5
R0865,Private bank,60+,Get support,5
R0865,Private bank,60+,Apply for credit,6
R0866,Neobank / payments app,30-44,Open an account,10
R0866,Neobank / payments app,30-44,Make a payment,8
R0866,Neobank / payments app,30-44,Get support,6
R0866,Neobank / payments app,30-44,Apply for credit,6
R0867,Private bank,60+,Open an account,6
R0867,Private bank,60+,Make a payment,10
R0867,Private bank,60+,Get support,10
R0867,Private bank,60+,Apply for credit,9
R0868,Neobank / payments app,45-59,Open an account,10
R0868,Neobank / payments app,45-59,Make a payment,10
R0868,Neobank / payments app,45-59,Get support,8
R0868,Neobank / payments app,45-59,Apply for credit,9
R0869,Private bank,18-29,Open an account,6
R0869,Private bank,18-29,Make a payment,5
R0869,Private bank,18-29,Get support,5
R0869,Private bank,18-29,Apply for credit,9
R0870,Private bank,18-29,Open an account,8
R0870,Private bank,18-29,Make a payment,7
R0870,Private bank,18-29,Get support,7
R0870,Private bank,18-29,Apply for credit,7
R0871,Neobank / payments app,30-44,Open an account,8
R0871,Neobank / payments app,30-44,Make a payment,9
R0871,Neobank / payments app,30-44,Get support,8
R0871,Neobank / payments app,30-44,Apply for credit,4
R0872,Private bank,18-29,Open an account,8
R0872,Private bank,18-29,Make a payment,5
R0872,Private bank,18-29,Get support,2
R0872,Private bank,18-29,Apply for credit,9
R0873,Private bank,18-29,Open an account,4
R0873,Private bank,18-29,Make a payment,7
R0873,Private bank,18-29,Get support,8
R0873,Private bank,18-29,Apply for credit,10
R0874,Neobank / payments app,60+,Open an account,9
R0874,Neobank / payments app,60+,Make a payment,8
R0874,Neobank / payments app,60+,Get support,4
R0874,Neobank / payments app,60+,Apply for credit,7
R0875,Private bank,18-29,Open an account,9
R0875,Private bank,18-29,Make a payment,9
R0875,Private bank,18-29,Get support,4
R0875,Private bank,18-29,Apply for credit,7
R0876,Private bank,45-59,Open an account,9
R0876,Private bank,45-59,Make a payment,10
R0876,Private bank,45-59,Get support,10
R0876,Private bank,45-59,Apply for credit,6
R0877,Private bank,30-44,Open an account,9
R0877,Private bank,30-44,Make a payment,7
R0877,Private bank,30-44,Get support,8
R0877,Private bank,30-44,Apply for credit,9
R0878,Neobank / payments app,18-29,Open an account,6
R0878,Neobank / payments app,18-29,Make a payment,10
R0878,Neobank / payments app,18-29,Get support,4
R0878,Neobank / payments app,18-29,Apply for credit,9
R0879,Private bank,60+,Open an account,4
R0879,Private bank,60+,Make a payment,8
R0879,Private bank,60+,Get support,5
R0879,Private bank,60+,Apply for credit,7
R0880,Neobank / payments app,30-44,Open an account,9
R0880,Neobank / payments app,30-44,Make a payment,8
R0880,Neobank / payments app,30-44,Get support,7
R0880,Neobank / payments app,30-44,Apply for credit,4
R0881,Private bank,18-29,Open an account,9
R0881,Private bank,18-29,Make a payment,8
R0881,Private bank,18-29,Get support,10
R0881,Private bank,18-29,Apply for credit,9
R0882,Neobank / payments app,30-44,Open an account,6
R0882,Neobank / payments app,30-44,Make a payment,10
R0882,Neobank / payments app,30-44,Get support,7
R0882,Neobank / payments app,30-44,Apply for credit,8
R0883,Public bank,18-29,Open an account,7
R0883,Public bank,18-29,Make a payment,10
R0883,Public bank,18-29,Get support,3
R0883,Public bank,18-29,Apply for credit,8
R0884,Neobank / payments app,30-44,Open an account,10
R0884,Neobank / payments app,30-44,Make a payment,7
R0884,Neobank / payments app,30-44,Get support,8
R0884,Neobank / payments app,30-44,Apply for credit,9
R0885,Private bank,60+,Open an account,10
R0885,Private bank,60+,Make a payment,6
R0885,Private bank,60+,Get support,8
R0885,Private bank,60+,Apply for credit,7
R0886,Public bank,18-29,Open an account,8
R0886,Public bank,18-29,Make a payment,6
R0886,Public bank,18-29,Get support,6
R0886,Public bank,18-29,Apply for credit,10
R0887,Public bank,18-29,Open an account,10
R0887,Public bank,18-29,Make a payment,5
R0887,Public bank,18-29,Get support,3
R0887,Public bank,18-29,Apply for credit,6
R0888,Public bank,30-44,Open an account,7
R0888,Public bank,30-44,Make a payment,7
R0888,Public bank,30-44,Get support,4
R0888,Public bank,30-44,Apply for credit,7
R0889,Public bank,18-29,Open an account,6
R0889,Public bank,18-29,Make a payment,7
R0889,Public bank,18-29,Get support,5
R0889,Public bank,18-29,Apply for credit,5
R0890,Public bank,18-29,Open an account,7
R0890,Public bank,18-29,Make a payment,10
R0890,Public bank,18-29,Get support,10
R0890,Public bank,18-29,Apply for credit,8
R0891,Neobank / payments app,30-44,Open an account,7
R0891,Neobank / payments app,30-44,Make a payment,8
R0891,Neobank / payments app,30-44,Get support,7
R0891,Neobank / payments app,30-44,Apply for credit,7
R0892,Private bank,18-29,Open an account,6
R0892,Private bank,18-29,Make a payment,7
R0892,Private bank,18-29,Get support,8
R0892,Private bank,18-29,Apply for credit,6
R0893,Private bank,60+,Open an account,5
R0893,Private bank,60+,Make a payment,8
R0893,Private bank,60+,Get support,5
R0893,Private bank,60+,Apply for credit,6
R0894,Private bank,30-44,Open an account,7
R0894,Private bank,30-44,Make a payment,10
R0894,Private bank,30-44,Get support,10
R0894,Private bank,30-44,Apply for credit,7
R0895,Public bank,18-29,Open an account,9
R0895,Public bank,18-29,Make a payment,7
R0895,Public bank,18-29,Get support,7
R0895,Public bank,18-29,Apply for credit,4
R0896,Private bank,18-29,Open an account,10
R0896,Private bank,18-29,Make a payment,9
R0896,Private bank,18-29,Get support,8
R0896,Private bank,18-29,Apply for credit,5
R0897,Private bank,18-29,Open an account,5
R0897,Private bank,18-29,Make a payment,6
R0897,Private bank,18-29,Get support,9
R0897,Private bank,18-29,Apply for credit,6
R0898,Neobank / payments app,30-44,Open an account,10
R0898,Neobank / payments app,30-44,Make a payment,10
R0898,Neobank / payments app,30-44,Get support,7
R0898,Neobank / payments app,30-44,Apply for credit,7
R0899,Private bank,18-29,Open an account,6
R0899,Private bank,18-29,Make a payment,6
R0899,Private bank,18-29,Get support,9
R0899,Private bank,18-29,Apply for credit,9
R0900,Neobank / payments app,30-44,Open an account,8
R0900,Neobank / payments app,30-44,Make a payment,6
R0900,Neobank / payments app,30-44,Get support,4
R0900,Neobank / payments app,30-44,Apply for credit,8
R0901,Neobank / payments app,30-44,Open an account,10
R0901,Neobank / payments app,30-44,Make a payment,10
R0901,Neobank / payments app,30-44,Get support,6
R0901,Neobank / payments app,30-44,Apply for credit,8
R0902,Neobank / payments app,30-44,Open an account,10
R0902,Neobank / payments app,30-44,Make a payment,10
R0902,Neobank / payments app,30-44,Get support,7
R0902,Neobank / payments app,30-44,Apply for credit,9
R0903,Neobank / payments app,30-44,Open an account,5
R0903,Neobank / payments app,30-44,Make a payment,10
R0903,Neobank / payments app,30-44,Get support,8
R0903,Neobank / payments app,30-44,Apply for credit,7
R0904,Neobank / payments app,18-29,Open an account,9
R0904,Neobank / payments app,18-29,Make a payment,8
R0904,Neobank / payments app,18-29,Get support,5
R0904,Neobank / payments app,18-29,Apply for credit,7
R0905,Neobank / payments app,45-59,Open an account,8
R0905,Neobank / payments app,45-59,Make a payment,10
R0905,Neobank / payments app,45-59,Get support,3
R0905,Neobank / payments app,45-59,Apply for credit,8
R0906,Private bank,30-44,Open an account,10
R0906,Private bank,30-44,Make a payment,8
R0906,Private bank,30-44,Get support,7
R0906,Private bank,30-44,Apply for credit,8
R0907,Private bank,18-29,Open an account,10
R0907,Private bank,18-29,Make a payment,6
R0907,Private bank,18-29,Get support,9
R0907,Private bank,18-29,Apply for credit,7
R0908,Private bank,30-44,Open an account,2
R0908,Private bank,30-44,Make a payment,10
R0908,Private bank,30-44,Get support,7
R0908,Private bank,30-44,Apply for credit,9
R0909,Neobank / payments app,30-44,Open an account,10
R0909,Neobank / payments app,30-44,Make a payment,9
R0909,Neobank / payments app,30-44,Get support,6
R0909,Neobank / payments app,30-44,Apply for credit,9
R0910,Private bank,30-44,Open an account,10
R0910,Private bank,30-44,Make a payment,9
R0910,Private bank,30-44,Get support,6
R0910,Private bank,30-44,Apply for credit,9
R0911,Neobank / payments app,45-59,Open an account,8
R0911,Neobank / payments app,45-59,Make a payment,7
R0911,Neobank / payments app,45-59,Get support,4
R0911,Neobank / payments app,45-59,Apply for credit,9
R0912,Neobank / payments app,30-44,Open an account,10
R0912,Neobank / payments app,30-44,Make a payment,10
R0912,Neobank / payments app,30-44,Get support,7
R0912,Neobank / payments app,30-44,Apply for credit,8
R0913,Neobank / payments app,18-29,Open an account,7
R0913,Neobank / payments app,18-29,Make a payment,10
R0913,Neobank / payments app,18-29,Get support,7
R0913,Neobank / payments app,18-29,Apply for credit,9
R0914,Private bank,18-29,Open an account,7
R0914,Private bank,18-29,Make a payment,7
R0914,Private bank,18-29,Get support,7
R0914,Private bank,18-29,Apply for credit,7
R0915,Public bank,30-44,Open an account,7
R0915,Public bank,30-44,Make a payment,8
R0915,Public bank,30-44,Get support,5
R0915,Public bank,30-44,Apply for credit,6
R0916,Private bank,18-29,Open an account,10
R0916,Private bank,18-29,Make a payment,6
R0916,Private bank,18-29,Get support,10
R0916,Private bank,18-29,Apply for credit,7
R0917,Private bank,30-44,Open an account,5
R0917,Private bank,30-44,Make a payment,8
R0917,Private bank,30-44,Get support,9
R0917,Private bank,30-44,Apply for credit,10
R0918,Public bank,18-29,Open an account,8
R0918,Public bank,18-29,Make a payment,9
R0918,Public bank,18-29,Get support,7
R0918,Public bank,18-29,Apply for credit,5
R0919,Private bank,45-59,Open an account,9
R0919,Private bank,45-59,Make a payment,9
R0919,Private bank,45-59,Get support,3
R0919,Private bank,45-59,Apply for credit,10
R0920,Public bank,18-29,Open an account,3
R0920,Public bank,18-29,Make a payment,10
R0920,Public bank,18-29,Get support,5
R0920,Public bank,18-29,Apply for credit,6
R0921,Private bank,45-59,Open an account,9
R0921,Private bank,45-59,Make a payment,10
R0921,Private bank,45-59,Get support,10
R0921,Private bank,45-59,Apply for credit,9
R0922,Public bank,30-44,Open an account,7
R0922,Public bank,30-44,Make a payment,5
R0922,Public bank,30-44,Get support,4
R0922,Public bank,30-44,Apply for credit,6
R0923,Public bank,18-29,Open an account,5
R0923,Public bank,18-29,Make a payment,8
R0923,Public bank,18-29,Get support,2
R0923,Public bank,18-29,Apply for credit,7
R0924,Neobank / payments app,18-29,Open an account,10
R0924,Neobank / payments app,18-29,Make a payment,10
R0924,Neobank / payments app,18-29,Get support,7
R0924,Neobank / payments app,18-29,Apply for credit,8
R0925,Private bank,18-29,Open an account,10
R0925,Private bank,18-29,Make a payment,10
R0925,Private bank,18-29,Get support,6
R0925,Private bank,18-29,Apply for credit,8
R0926,Public bank,30-44,Open an account,6
R0926,Public bank,30-44,Make a payment,10
R0926,Public bank,30-44,Get support,7
R0926,Public bank,30-44,Apply for credit,6
R0927,Private bank,30-44,Open an account,6
R0927,Private bank,30-44,Make a payment,10
R0927,Private bank,30-44,Get support,6
R0927,Private bank,30-44,Apply for credit,8
R0928,Public bank,45-59,Open an account,7
R0928,Public bank,45-59,Make a payment,10
R0928,Public bank,45-59,Get support,6
R0928,Public bank,45-59,Apply for credit,7
R0929,Public bank,30-44,Open an account,7
R0929,Public bank,30-44,Make a payment,5
R0929,Public bank,30-44,Get support,4
R0929,Public bank,30-44,Apply for credit,3
R0930,Private bank,45-59,Open an account,5
R0930,Private bank,45-59,Make a payment,10
R0930,Private bank,45-59,Get support,5
R0930,Private bank,45-59,Apply for credit,8
R0931,Private bank,18-29,Open an account,10
R0931,Private bank,18-29,Make a payment,10
R0931,Private bank,18-29,Get support,8
R0931,Private bank,18-29,Apply for credit,8
R0932,Public bank,18-29,Open an account,9
R0932,Public bank,18-29,Make a payment,10
R0932,Public bank,18-29,Get support,4
R0932,Public bank,18-29,Apply for credit,4
R0933,Neobank / payments app,30-44,Open an account,9
R0933,Neobank / payments app,30-44,Make a payment,8
R0933,Neobank / payments app,30-44,Get support,3
R0933,Neobank / payments app,30-44,Apply for credit,5
R0934,Neobank / payments app,18-29,Open an account,8
R0934,Neobank / payments app,18-29,Make a payment,10
R0934,Neobank / payments app,18-29,Get support,6
R0934,Neobank / payments app,18-29,Apply for credit,9
R0935,Public bank,30-44,Open an account,7
R0935,Public bank,30-44,Make a payment,10
R0935,Public bank,30-44,Get support,8
R0935,Public bank,30-44,Apply for credit,8
R0936,Public bank,60+,Open an account,6
R0936,Public bank,60+,Make a payment,7
R0936,Public bank,60+,Get support,7
R0936,Public bank,60+,Apply for credit,7
R0937,Neobank / payments app,18-29,Open an account,10
R0937,Neobank / payments app,18-29,Make a payment,6
R0937,Neobank / payments app,18-29,Get support,6
R0937,Neobank / payments app,18-29,Apply for credit,5
R0938,Private bank,18-29,Open an account,7
R0938,Private bank,18-29,Make a payment,10
R0938,Private bank,18-29,Get support,4
R0938,Private bank,18-29,Apply for credit,8
R0939,Neobank / payments app,30-44,Open an account,9
R0939,Neobank / payments app,30-44,Make a payment,10
R0939,Neobank / payments app,30-44,Get support,8
R0939,Neobank / payments app,30-44,Apply for credit,7
R0940,Public bank,45-59,Open an account,6
R0940,Public bank,45-59,Make a payment,7
R0940,Public bank,45-59,Get support,7
R0940,Public bank,45-59,Apply for credit,6
R0941,Public bank,18-29,Open an account,3
R0941,Public bank,18-29,Make a payment,10
R0941,Public bank,18-29,Get support,7
R0941,Public bank,18-29,Apply for credit,7
R0942,Private bank,30-44,Open an account,9
R0942,Private bank,30-44,Make a payment,10
R0942,Private bank,30-44,Get support,7
R0942,Private bank,30-44,Apply for credit,8
R0943,Public bank,18-29,Open an account,5
R0943,Public bank,18-29,Make a payment,4
R0943,Public bank,18-29,Get support,5
R0943,Public bank,18-29,Apply for credit,5
R0944,Private bank,30-44,Open an account,10
R0944,Private bank,30-44,Make a payment,7
R0944,Private bank,30-44,Get support,9
R0944,Private bank,30-44,Apply for credit,8
R0945,Private bank,18-29,Open an account,6
R0945,Private bank,18-29,Make a payment,5
R0945,Private bank,18-29,Get support,6
R0945,Private bank,18-29,Apply for credit,7
R0946,Neobank / payments app,60+,Open an account,7
R0946,Neobank / payments app,60+,Make a payment,9
R0946,Neobank / payments app,60+,Get support,6
R0946,Neobank / payments app,60+,Apply for credit,9
R0947,Neobank / payments app,30-44,Open an account,9
R0947,Neobank / payments app,30-44,Make a payment,9
R0947,Neobank / payments app,30-44,Get support,5
R0947,Neobank / payments app,30-44,Apply for credit,8
R0948,Private bank,30-44,Open an account,7
R0948,Private bank,30-44,Make a payment,8
R0948,Private bank,30-44,Get support,3
R0948,Private bank,30-44,Apply for credit,10
R0949,Public bank,18-29,Open an account,8
R0949,Public bank,18-29,Make a payment,8
R0949,Public bank,18-29,Get support,8
R0949,Public bank,18-29,Apply for credit,7
R0950,Public bank,18-29,Open an account,2
R0950,Public bank,18-29,Make a payment,8
R0950,Public bank,18-29,Get support,6
R0950,Public bank,18-29,Apply for credit,5
R0951,Neobank / payments app,18-29,Open an account,10
R0951,Neobank / payments app,18-29,Make a payment,8
R0951,Neobank / payments app,18-29,Get support,7
R0951,Neobank / payments app,18-29,Apply for credit,6
R0952,Private bank,18-29,Open an account,10
R0952,Private bank,18-29,Make a payment,5
R0952,Private bank,18-29,Get support,7
R0952,Private bank,18-29,Apply for credit,6
R0953,Private bank,30-44,Open an account,8
R0953,Private bank,30-44,Make a payment,10
R0953,Private bank,30-44,Get support,8
R0953,Private bank,30-44,Apply for credit,7
R0954,Private bank,18-29,Open an account,5
R0954,Private bank,18-29,Make a payment,9
R0954,Private bank,18-29,Get support,6
R0954,Private bank,18-29,Apply for credit,6
R0955,Private bank,30-44,Open an account,7
R0955,Private bank,30-44,Make a payment,10
R0955,Private bank,30-44,Get support,7
R0955,Private bank,30-44,Apply for credit,5
R0956,Private bank,45-59,Open an account,5
R0956,Private bank,45-59,Make a payment,7
R0956,Private bank,45-59,Get support,9
R0956,Private bank,45-59,Apply for credit,7
R0957,Private bank,18-29,Open an account,6
R0957,Private bank,18-29,Make a payment,9
R0957,Private bank,18-29,Get support,10
R0957,Private bank,18-29,Apply for credit,7
R0958,Private bank,30-44,Open an account,6
R0958,Private bank,30-44,Make a payment,8
R0958,Private bank,30-44,Get support,8
R0958,Private bank,30-44,Apply for credit,8
R0959,Neobank / payments app,60+,Open an account,10
R0959,Neobank / payments app,60+,Make a payment,6
R0959,Neobank / payments app,60+,Get support,3
R0959,Neobank / payments app,60+,Apply for credit,8
R0960,Private bank,30-44,Open an account,6
R0960,Private bank,30-44,Make a payment,9
R0960,Private bank,30-44,Get support,7
R0960,Private bank,30-44,Apply for credit,6
R0961,Neobank / payments app,45-59,Open an account,8
R0961,Neobank / payments app,45-59,Make a payment,6
R0961,Neobank / payments app,45-59,Get support,3
R0961,Neobank / payments app,45-59,Apply for credit,6
R0962,Public bank,30-44,Open an account,4
R0962,Public bank,30-44,Make a payment,9
R0962,Public bank,30-44,Get support,6
R0962,Public bank,30-44,Apply for credit,6
R0963,Neobank / payments app,18-29,Open an account,9
R0963,Neobank / payments app,18-29,Make a payment,8
R0963,Neobank / payments app,18-29,Get support,7
R0963,Neobank / payments app,18-29,Apply for credit,7
R0964,Neobank / payments app,45-59,Open an account,8
R0964,Neobank / payments app,45-59,Make a payment,7
R0964,Neobank / payments app,45-59,Get support,7
R0964,Neobank / payments app,45-59,Apply for credit,8
R0965,Public bank,18-29,Open an account,7
R0965,Public bank,18-29,Make a payment,10
R0965,Public bank,18-29,Get support,4
R0965,Public bank,18-29,Apply for credit,7
R0966,Neobank / payments app,18-29,Open an account,9
R0966,Neobank / payments app,18-29,Make a payment,9
R0966,Neobank / payments app,18-29,Get support,6
R0966,Neobank / payments app,18-29,Apply for credit,8
R0967,Public bank,30-44,Open an account,7
R0967,Public bank,30-44,Make a payment,8
R0967,Public bank,30-44,Get support,6
R0967,Public bank,30-44,Apply for credit,9
R0968,Neobank / payments app,18-29,Open an account,8
R0968,Neobank / payments app,18-29,Make a payment,9
R0968,Neobank / payments app,18-29,Get support,9
R0968,Neobank / payments app,18-29,Apply for credit,4
R0969,Neobank / payments app,45-59,Open an account,9
R0969,Neobank / payments app,45-59,Make a payment,9
R0969,Neobank / payments app,45-59,Get support,6
R0969,Neobank / payments app,45-59,Apply for credit,6
R0970,Neobank / payments app,30-44,Open an account,10
R0970,Neobank / payments app,30-44,Make a payment,10
R0970,Neobank / payments app,30-44,Get support,6
R0970,Neobank / payments app,30-44,Apply for credit,6
R0971,Public bank,18-29,Open an account,10
R0971,Public bank,18-29,Make a payment,4
R0971,Public bank,18-29,Get support,4
R0971,Public bank,18-29,Apply for credit,5
R0972,Private bank,30-44,Open an account,9
R0972,Private bank,30-44,Make a payment,6
R0972,Private bank,30-44,Get support,10
R0972,Private bank,30-44,Apply for credit,8
R0973,Public bank,18-29,Open an account,4
R0973,Public bank,18-29,Make a payment,8
R0973,Public bank,18-29,Get support,9
R0973,Public bank,18-29,Apply for credit,5
R0974,Private bank,18-29,Open an account,7
R0974,Private bank,18-29,Make a payment,9
R0974,Private bank,18-29,Get support,10
R0974,Private bank,18-29,Apply for credit,8
R0975,Neobank / payments app,18-29,Open an account,10
R0975,Neobank / payments app,18-29,Make a payment,8
R0975,Neobank / payments app,18-29,Get support,5
R0975,Neobank / payments app,18-29,Apply for credit,8
R0976,Private bank,30-44,Open an account,5
R0976,Private bank,30-44,Make a payment,9
R0976,Private bank,30-44,Get support,6
R0976,Private bank,30-44,Apply for credit,9
R0977,Private bank,18-29,Open an account,10
R0977,Private bank,18-29,Make a payment,10
R0977,Private bank,18-29,Get support,9
R0977,Private bank,18-29,Apply for credit,7
R0978,Neobank / payments app,30-44,Open an account,8
R0978,Neobank / payments app,30-44,Make a payment,5
R0978,Neobank / payments app,30-44,Get support,5
R0978,Neobank / payments app,30-44,Apply for credit,10
R0979,Private bank,45-59,Open an account,5
R0979,Private bank,45-59,Make a payment,9
R0979,Private bank,45-59,Get support,8
R0979,Private bank,45-59,Apply for credit,6
R0980,Public bank,18-29,Open an account,4
R0980,Public bank,18-29,Make a payment,5
R0980,Public bank,18-29,Get support,6
R0980,Public bank,18-29,Apply for credit,7
R0981,Private bank,18-29,Open an account,6
R0981,Private bank,18-29,Make a payment,8
R0981,Private bank,18-29,Get support,6
R0981,Private bank,18-29,Apply for credit,8
R0982,Private bank,18-29,Open an account,8
R0982,Private bank,18-29,Make a payment,7
R0982,Private bank,18-29,Get support,10
R0982,Private bank,18-29,Apply for credit,3
R0983,Private bank,18-29,Open an account,8
R0983,Private bank,18-29,Make a payment,8
R0983,Private bank,18-29,Get support,6
R0983,Private bank,18-29,Apply for credit,7
R0984,Private bank,30-44,Open an account,10
R0984,Private bank,30-44,Make a payment,7
R0984,Private bank,30-44,Get support,7
R0984,Private bank,30-44,Apply for credit,9
R0985,Private bank,18-29,Open an account,7
R0985,Private bank,18-29,Make a payment,7
R0985,Private bank,18-29,Get support,5
R0985,Private bank,18-29,Apply for credit,8
R0986,Private bank,30-44,Open an account,10
R0986,Private bank,30-44,Make a payment,7
R0986,Private bank,30-44,Get support,9
R0986,Private bank,30-44,Apply for credit,10
R0987,Neobank / payments app,60+,Open an account,8
R0987,Neobank / payments app,60+,Make a payment,6
R0987,Neobank / payments app,60+,Get support,6
R0987,Neobank / payments app,60+,Apply for credit,4
R0988,Private bank,18-29,Open an account,7
R0988,Private bank,18-29,Make a payment,6
R0988,Private bank,18-29,Get support,8
R0988,Private bank,18-29,Apply for credit,7
R0989,Private bank,18-29,Open an account,6
R0989,Private bank,18-29,Make a payment,10
R0989,Private bank,18-29,Get support,7
R0989,Private bank,18-29,Apply for credit,6
R0990,Neobank / payments app,45-59,Open an account,10
R0990,Neobank / payments app,45-59,Make a payment,7
R0990,Neobank / payments app,45-59,Get support,7
R0990,Neobank / payments app,45-59,Apply for credit,7
R0991,Public bank,45-59,Open an account,7
R0991,Public bank,45-59,Make a payment,8
R0991,Public bank,45-59,Get support,6
R0991,Public bank,45-59,Apply for credit,8
R0992,Private bank,18-29,Open an account,7
R0992,Private bank,18-29,Make a payment,8
R0992,Private bank,18-29,Get support,8
R0992,Private bank,18-29,Apply for credit,5
R0993,Public bank,18-29,Open an account,7
R0993,Public bank,18-29,Make a payment,4
R0993,Public bank,18-29,Get support,4
R0993,Public bank,18-29,Apply for credit,6
R0994,Private bank,30-44,Open an account,8
R0994,Private bank,30-44,Make a payment,8
R0994,Private bank,30-44,Get support,7
R0994,Private bank,30-44,Apply for credit,7
R0995,Neobank / payments app,45-59,Open an account,9
R0995,Neobank / payments app,45-59,Make a payment,10
R0995,Neobank / payments app,45-59,Get support,5
R0995,Neobank / payments app,45-59,Apply for credit,6
R0996,Private bank,18-29,Open an account,6
R0996,Private bank,18-29,Make a payment,10
R0996,Private bank,18-29,Get support,8
R0996,Private bank,18-29,Apply for credit,9
R0997,Private bank,18-29,Open an account,10
R0997,Private bank,18-29,Make a payment,9
R0997,Private bank,18-29,Get support,8
R0997,Private bank,18-29,Apply for credit,6
R0998,Public bank,18-29,Open an account,4
R0998,Public bank,18-29,Make a payment,5
R0998,Public bank,18-29,Get support,7
R0998,Public bank,18-29,Apply for credit,8
R0999,Private bank,30-44,Open an account,7
R0999,Private bank,30-44,Make a payment,9
R0999,Private bank,30-44,Get support,4
R0999,Private bank,30-44,Apply for credit,9
R1000,Private bank,30-44,Open an account,7
R1000,Private bank,30-44,Make a payment,9
R1000,Private bank,30-44,Get support,9
R1000,Private bank,30-44,Apply for credit,7
R1001,Neobank / payments app,30-44,Open an account,9
R1001,Neobank / payments app,30-44,Make a payment,10
R1001,Neobank / payments app,30-44,Get support,3
R1001,Neobank / payments app,30-44,Apply for credit,9
R1002,Private bank,30-44,Open an account,8
R1002,Private bank,30-44,Make a payment,6
R1002,Private bank,30-44,Get support,10
R1002,Private bank,30-44,Apply for credit,8
R1003,Private bank,30-44,Open an account,8
R1003,Private bank,30-44,Make a payment,9
R1003,Private bank,30-44,Get support,6
R1003,Private bank,30-44,Apply for credit,6
R1004,Private bank,30-44,Open an account,7
R1004,Private bank,30-44,Make a payment,8
R1004,Private bank,30-44,Get support,9
R1004,Private bank,30-44,Apply for credit,10
R1005,Neobank / payments app,45-59,Open an account,6
R1005,Neobank / payments app,45-59,Make a payment,10
R1005,Neobank / payments app,45-59,Get support,9
R1005,Neobank / payments app,45-59,Apply for credit,8
R1006,Private bank,18-29,Open an account,10
R1006,Private bank,18-29,Make a payment,7
R1006,Private bank,18-29,Get support,6
R1006,Private bank,18-29,Apply for credit,7
R1007,Private bank,30-44,Open an account,10
R1007,Private bank,30-44,Make a payment,8
R1007,Private bank,30-44,Get support,6
R1007,Private bank,30-44,Apply for credit,10
R1008,Neobank / payments app,30-44,Open an account,9
R1008,Neobank / payments app,30-44,Make a payment,7
R1008,Neobank / payments app,30-44,Get support,8
R1008,Neobank / payments app,30-44,Apply for credit,8
R1009,Neobank / payments app,18-29,Open an account,10
R1009,Neobank / payments app,18-29,Make a payment,10
R1009,Neobank / payments app,18-29,Get support,6
R1009,Neobank / payments app,18-29,Apply for credit,6
R1010,Neobank / payments app,18-29,Open an account,10
R1010,Neobank / payments app,18-29,Make a payment,10
R1010,Neobank / payments app,18-29,Get support,5
R1010,Neobank / payments app,18-29,Apply for credit,9
R1011,Neobank / payments app,45-59,Open an account,9
R1011,Neobank / payments app,45-59,Make a payment,9
R1011,Neobank / payments app,45-59,Get support,3
R1011,Neobank / payments app,45-59,Apply for credit,6
R1012,Public bank,30-44,Open an account,7
R1012,Public bank,30-44,Make a payment,7
R1012,Public bank,30-44,Get support,7
R1012,Public bank,30-44,Apply for credit,8
R1013,Private bank,30-44,Open an account,10
R1013,Private bank,30-44,Make a payment,5
R1013,Private bank,30-44,Get support,7
R1013,Private bank,30-44,Apply for credit,5
R1014,Private bank,30-44,Open an account,7
R1014,Private bank,30-44,Make a payment,8
R1014,Private bank,30-44,Get support,10
R1014,Private bank,30-44,Apply for credit,10
R1015,Public bank,18-29,Open an account,8
R1015,Public bank,18-29,Make a payment,10
R1015,Public bank,18-29,Get support,10
R1015,Public bank,18-29,Apply for credit,6
R1016,Public bank,45-59,Open an account,6
R1016,Public bank,45-59,Make a payment,8
R1016,Public bank,45-59,Get support,5
R1016,Public bank,45-59,Apply for credit,7
R1017,Private bank,30-44,Open an account,10
R1017,Private bank,30-44,Make a payment,7
R1017,Private bank,30-44,Get support,10
R1017,Private bank,30-44,Apply for credit,7
R1018,Private bank,18-29,Open an account,7
R1018,Private bank,18-29,Make a payment,8
R1018,Private bank,18-29,Get support,9
R1018,Private bank,18-29,Apply for credit,9
R1019,Private bank,18-29,Open an account,9
R1019,Private bank,18-29,Make a payment,7
R1019,Private bank,18-29,Get support,7
R1019,Private bank,18-29,Apply for credit,8
R1020,Public bank,30-44,Open an account,7
R1020,Public bank,30-44,Make a payment,5
R1020,Public bank,30-44,Get support,5
R1020,Public bank,30-44,Apply for credit,5
R1021,Private bank,30-44,Open an account,5
R1021,Private bank,30-44,Make a payment,8
R1021,Private bank,30-44,Get support,8
R1021,Private bank,30-44,Apply for credit,10
R1022,Neobank / payments app,60+,Open an account,7
R1022,Neobank / payments app,60+,Make a payment,10
R1022,Neobank / payments app,60+,Get support,6
R1022,Neobank / payments app,60+,Apply for credit,8
R1023,Private bank,60+,Open an account,7
R1023,Private bank,60+,Make a payment,10
R1023,Private bank,60+,Get support,8
R1023,Private bank,60+,Apply for credit,10
R1024,Neobank / payments app,45-59,Open an account,9
R1024,Neobank / payments app,45-59,Make a payment,10
R1024,Neobank / payments app,45-59,Get support,6
R1024,Neobank / payments app,45-59,Apply for credit,9
R1025,Neobank / payments app,30-44,Open an account,8
R1025,Neobank / payments app,30-44,Make a payment,7
R1025,Neobank / payments app,30-44,Get support,9
R1025,Neobank / payments app,30-44,Apply for credit,7
R1026,Private bank,18-29,Open an account,10
R1026,Private bank,18-29,Make a payment,10
R1026,Private bank,18-29,Get support,5
R1026,Private bank,18-29,Apply for credit,4
R1027,Private bank,30-44,Open an account,9
R1027,Private bank,30-44,Make a payment,10
R1027,Private bank,30-44,Get support,5
R1027,Private bank,30-44,Apply for credit,6
R1028,Private bank,18-29,Open an account,8
R1028,Private bank,18-29,Make a payment,8
R1028,Private bank,18-29,Get support,5
R1028,Private bank,18-29,Apply for credit,8
R1029,Public bank,60+,Open an account,9
R1029,Public bank,60+,Make a payment,7
R1029,Public bank,60+,Get support,10
R1029,Public bank,60+,Apply for credit,7
R1030,Private bank,18-29,Open an account,8
R1030,Private bank,18-29,Make a payment,6
R1030,Private bank,18-29,Get support,8
R1030,Private bank,18-29,Apply for credit,6
R1031,Private bank,18-29,Open an account,10
R1031,Private bank,18-29,Make a payment,8
R1031,Private bank,18-29,Get support,8
R1031,Private bank,18-29,Apply for credit,6
R1032,Neobank / payments app,60+,Open an account,9
R1032,Neobank / payments app,60+,Make a payment,10
R1032,Neobank / payments app,60+,Get support,5
R1032,Neobank / payments app,60+,Apply for credit,7
R1033,Private bank,18-29,Open an account,7
R1033,Private bank,18-29,Make a payment,10
R1033,Private bank,18-29,Get support,5
R1033,Private bank,18-29,Apply for credit,10
R1034,Neobank / payments app,30-44,Open an account,9
R1034,Neobank / payments app,30-44,Make a payment,8
R1034,Neobank / payments app,30-44,Get support,7
R1034,Neobank / payments app,30-44,Apply for credit,8
R1035,Neobank / payments app,18-29,Open an account,8
R1035,Neobank / payments app,18-29,Make a payment,10
R1035,Neobank / payments app,18-29,Get support,7
R1035,Neobank / payments app,18-29,Apply for credit,7
R1036,Neobank / payments app,30-44,Open an account,9
R1036,Neobank / payments app,30-44,Make a payment,5
R1036,Neobank / payments app,30-44,Get support,9
R1036,Neobank / payments app,30-44,Apply for credit,7
R1037,Neobank / payments app,30-44,Open an account,5
R1037,Neobank / payments app,30-44,Make a payment,7
R1037,Neobank / payments app,30-44,Get support,9
R1037,Neobank / payments app,30-44,Apply for credit,6
R1038,Private bank,18-29,Open an account,7
R1038,Private bank,18-29,Make a payment,7
R1038,Private bank,18-29,Get support,7
R1038,Private bank,18-29,Apply for credit,7
R1039,Private bank,18-29,Open an account,8
R1039,Private bank,18-29,Make a payment,8
R1039,Private bank,18-29,Get support,4
R1039,Private bank,18-29,Apply for credit,9
R1040,Neobank / payments app,30-44,Open an account,7
R1040,Neobank / payments app,30-44,Make a payment,10
R1040,Neobank / payments app,30-44,Get support,6
R1040,Neobank / payments app,30-44,Apply for credit,5
R1041,Neobank / payments app,60+,Open an account,7
R1041,Neobank / payments app,60+,Make a payment,8
R1041,Neobank / payments app,60+,Get support,5
R1041,Neobank / payments app,60+,Apply for credit,9
R1042,Neobank / payments app,30-44,Open an account,10
R1042,Neobank / payments app,30-44,Make a payment,9
R1042,Neobank / payments app,30-44,Get support,5
R1042,Neobank / payments app,30-44,Apply for credit,8
R1043,Private bank,30-44,Open an account,7
R1043,Private bank,30-44,Make a payment,9
R1043,Private bank,30-44,Get support,10
R1043,Private bank,30-44,Apply for credit,7
R1044,Neobank / payments app,30-44,Open an account,8
R1044,Neobank / payments app,30-44,Make a payment,10
R1044,Neobank / payments app,30-44,Get support,3
R1044,Neobank / payments app,30-44,Apply for credit,7
R1045,Neobank / payments app,45-59,Open an account,10
R1045,Neobank / payments app,45-59,Make a payment,8
R1045,Neobank / payments app,45-59,Get support,3
R1045,Neobank / payments app,45-59,Apply for credit,4
R1046,Neobank / payments app,30-44,Open an account,10
R1046,Neobank / payments app,30-44,Make a payment,10
R1046,Neobank / payments app,30-44,Get support,6
R1046,Neobank / payments app,30-44,Apply for credit,5
R1047,Neobank / payments app,30-44,Open an account,10
R1047,Neobank / payments app,30-44,Make a payment,10
R1047,Neobank / payments app,30-44,Get support,9
R1047,Neobank / payments app,30-44,Apply for credit,7
R1048,Public bank,45-59,Open an account,10
R1048,Public bank,45-59,Make a payment,6
R1048,Public bank,45-59,Get support,9
R1048,Public bank,45-59,Apply for credit,8
R1049,Neobank / payments app,30-44,Open an account,7
R1049,Neobank / payments app,30-44,Make a payment,10
R1049,Neobank / payments app,30-44,Get support,8
R1049,Neobank / payments app,30-44,Apply for credit,6
R1050,Private bank,30-44,Open an account,6
R1050,Private bank,30-44,Make a payment,7
R1050,Private bank,30-44,Get support,7
R1050,Private bank,30-44,Apply for credit,10
R1051,Public bank,30-44,Open an account,6
R1051,Public bank,30-44,Make a payment,6
R1051,Public bank,30-44,Get support,7
R1051,Public bank,30-44,Apply for credit,8
R1052,Public bank,30-44,Open an account,6
R1052,Public bank,30-44,Make a payment,9
R1052,Public bank,30-44,Get support,9
R1052,Public bank,30-44,Apply for credit,5
R1053,Neobank / payments app,30-44,Open an account,7
R1053,Neobank / payments app,30-44,Make a payment,6
R1053,Neobank / payments app,30-44,Get support,8
R1053,Neobank / payments app,30-44,Apply for credit,10
R1054,Neobank / payments app,30-44,Open an account,6
R1054,Neobank / payments app,30-44,Make a payment,10
R1054,Neobank / payments app,30-44,Get support,7
R1054,Neobank / payments app,30-44,Apply for credit,9
R1055,Private bank,18-29,Open an account,7
R1055,Private bank,18-29,Make a payment,10
R1055,Private bank,18-29,Get support,7
R1055,Private bank,18-29,Apply for credit,7
R1056,Neobank / payments app,60+,Open an account,7
R1056,Neobank / payments app,60+,Make a payment,7
R1056,Neobank / payments app,60+,Get support,9
R1056,Neobank / payments app,60+,Apply for credit,8
R1057,Public bank,18-29,Open an account,8
R1057,Public bank,18-29,Make a payment,6
R1057,Public bank,18-29,Get support,7
R1057,Public bank,18-29,Apply for credit,9
R1058,Private bank,30-44,Open an account,6
R1058,Private bank,30-44,Make a payment,5
R1058,Private bank,30-44,Get support,10
R1058,Private bank,30-44,Apply for credit,5
R1059,Neobank / payments app,30-44,Open an account,10
R1059,Neobank / payments app,30-44,Make a payment,6
R1059,Neobank / payments app,30-44,Get support,7
R1059,Neobank / payments app,30-44,Apply for credit,9
R1060,Neobank / payments app,60+,Open an account,5
R1060,Neobank / payments app,60+,Make a payment,7
R1060,Neobank / payments app,60+,Get support,3
R1060,Neobank / payments app,60+,Apply for credit,9
R1061,Private bank,30-44,Open an account,10
R1061,Private bank,30-44,Make a payment,8
R1061,Private bank,30-44,Get support,7
R1061,Private bank,30-44,Apply for credit,9
R1062,Public bank,30-44,Open an account,8
R1062,Public bank,30-44,Make a payment,4
R1062,Public bank,30-44,Get support,7
R1062,Public bank,30-44,Apply for credit,9
R1063,Neobank / payments app,18-29,Open an account,9
R1063,Neobank / payments app,18-29,Make a payment,10
R1063,Neobank / payments app,18-29,Get support,8
R1063,Neobank / payments app,18-29,Apply for credit,6
R1064,Neobank / payments app,60+,Open an account,10
R1064,Neobank / payments app,60+,Make a payment,9
R1064,Neobank / payments app,60+,Get support,8
R1064,Neobank / payments app,60+,Apply for credit,6
R1065,Public bank,18-29,Open an account,6
R1065,Public bank,18-29,Make a payment,9
R1065,Public bank,18-29,Get support,8
R1065,Public bank,18-29,Apply for credit,7
R1066,Private bank,30-44,Open an account,8
R1066,Private bank,30-44,Make a payment,10
R1066,Private bank,30-44,Get support,8
R1066,Private bank,30-44,Apply for credit,9
R1067,Private bank,18-29,Open an account,4
R1067,Private bank,18-29,Make a payment,4
R1067,Private bank,18-29,Get support,9
R1067,Private bank,18-29,Apply for credit,8
R1068,Neobank / payments app,18-29,Open an account,10
R1068,Neobank / payments app,18-29,Make a payment,8
R1068,Neobank / payments app,18-29,Get support,4
R1068,Neobank / payments app,18-29,Apply for credit,9
R1069,Private bank,60+,Open an account,9
R1069,Private bank,60+,Make a payment,9
R1069,Private bank,60+,Get support,8
R1069,Private bank,60+,Apply for credit,5
R1070,Private bank,30-44,Open an account,9
R1070,Private bank,30-44,Make a payment,8
R1070,Private bank,30-44,Get support,10
R1070,Private bank,30-44,Apply for credit,6
R1071,Private bank,60+,Open an account,5
R1071,Private bank,60+,Make a payment,10
R1071,Private bank,60+,Get support,7
R1071,Private bank,60+,Apply for credit,6
R1072,Neobank / payments app,18-29,Open an account,5
R1072,Neobank / payments app,18-29,Make a payment,7
R1072,Neobank / payments app,18-29,Get support,6
R1072,Neobank / payments app,18-29,Apply for credit,10
R1073,Private bank,45-59,Open an account,6
R1073,Private bank,45-59,Make a payment,10
R1073,Private bank,45-59,Get support,7
R1073,Private bank,45-59,Apply for credit,8
R1074,Private bank,30-44,Open an account,9
R1074,Private bank,30-44,Make a payment,9
R1074,Private bank,30-44,Get support,6
R1074,Private bank,30-44,Apply for credit,6
R1075,Private bank,30-44,Open an account,10
R1075,Private bank,30-44,Make a payment,8
R1075,Private bank,30-44,Get support,9
R1075,Private bank,30-44,Apply for credit,7
R1076,Private bank,60+,Open an account,10
R1076,Private bank,60+,Make a payment,3
R1076,Private bank,60+,Get support,10
R1076,Private bank,60+,Apply for credit,8
R1077,Private bank,30-44,Open an account,8
R1077,Private bank,30-44,Make a payment,7
R1077,Private bank,30-44,Get support,9
R1077,Private bank,30-44,Apply for credit,5
R1078,Neobank / payments app,18-29,Open an account,10
R1078,Neobank / payments app,18-29,Make a payment,10
R1078,Neobank / payments app,18-29,Get support,7
R1078,Neobank / payments app,18-29,Apply for credit,6
R1079,Public bank,30-44,Open an account,3
R1079,Public bank,30-44,Make a payment,7
R1079,Public bank,30-44,Get support,5
R1079,Public bank,30-44,Apply for credit,6
R1080,Neobank / payments app,30-44,Open an account,10
R1080,Neobank / payments app,30-44,Make a payment,8
R1080,Neobank / payments app,30-44,Get support,7
R1080,Neobank / payments app,30-44,Apply for credit,10
R1081,Neobank / payments app,18-29,Open an account,6
R1081,Neobank / payments app,18-29,Make a payment,10
R1081,Neobank / payments app,18-29,Get support,5
R1081,Neobank / payments app,18-29,Apply for credit,7
R1082,Private bank,18-29,Open an account,8
R1082,Private bank,18-29,Make a payment,10
R1082,Private bank,18-29,Get support,8
R1082,Private bank,18-29,Apply for credit,9
R1083,Neobank / payments app,45-59,Open an account,9
R1083,Neobank / payments app,45-59,Make a payment,10
R1083,Neobank / payments app,45-59,Get support,4
R1083,Neobank / payments app,45-59,Apply for credit,6
R1084,Private bank,30-44,Open an account,8
R1084,Private bank,30-44,Make a payment,9
R1084,Private bank,30-44,Get support,6
R1084,Private bank,30-44,Apply for credit,7
R1085,Private bank,30-44,Open an account,4
R1085,Private bank,30-44,Make a payment,5
R1085,Private bank,30-44,Get support,7
R1085,Private bank,30-44,Apply for credit,6
R1086,Neobank / payments app,60+,Open an account,6
R1086,Neobank / payments app,60+,Make a payment,10
R1086,Neobank / payments app,60+,Get support,8
R1086,Neobank / payments app,60+,Apply for credit,7
R1087,Private bank,18-29,Open an account,7
R1087,Private bank,18-29,Make a payment,7
R1087,Private bank,18-29,Get support,5
R1087,Private bank,18-29,Apply for credit,10
R1088,Public bank,45-59,Open an account,5
R1088,Public bank,45-59,Make a payment,8
R1088,Public bank,45-59,Get support,6
R1088,Public bank,45-59,Apply for credit,5
R1089,Neobank / payments app,18-29,Open an account,9
R1089,Neobank / payments app,18-29,Make a payment,10
R1089,Neobank / payments app,18-29,Get support,7
R1089,Neobank / payments app,18-29,Apply for credit,8
R1090,Private bank,18-29,Open an account,10
R1090,Private bank,18-29,Make a payment,9
R1090,Private bank,18-29,Get support,10
R1090,Private bank,18-29,Apply for credit,6
R1091,Neobank / payments app,30-44,Open an account,7
R1091,Neobank / payments app,30-44,Make a payment,10
R1091,Neobank / payments app,30-44,Get support,9
R1091,Neobank / payments app,30-44,Apply for credit,6
R1092,Neobank / payments app,45-59,Open an account,8
R1092,Neobank / payments app,45-59,Make a payment,4
R1092,Neobank / payments app,45-59,Get support,5
R1092,Neobank / payments app,45-59,Apply for credit,5
R1093,Private bank,30-44,Open an account,6
R1093,Private bank,30-44,Make a payment,8
R1093,Private bank,30-44,Get support,9
R1093,Private bank,30-44,Apply for credit,8
R1094,Private bank,18-29,Open an account,9
R1094,Private bank,18-29,Make a payment,10
R1094,Private bank,18-29,Get support,9
R1094,Private bank,18-29,Apply for credit,7
R1095,Private bank,45-59,Open an account,8
R1095,Private bank,45-59,Make a payment,3
R1095,Private bank,45-59,Get support,9
R1095,Private bank,45-59,Apply for credit,8
R1096,Private bank,30-44,Open an account,8
R1096,Private bank,30-44,Make a payment,10
R1096,Private bank,30-44,Get support,7
R1096,Private bank,30-44,Apply for credit,8
R1097,Private bank,30-44,Open an account,7
R1097,Private bank,30-44,Make a payment,5
R1097,Private bank,30-44,Get support,9
R1097,Private bank,30-44,Apply for credit,3
R1098,Neobank / payments app,45-59,Open an account,10
R1098,Neobank / payments app,45-59,Make a payment,7
R1098,Neobank / payments app,45-59,Get support,8
R1098,Neobank / payments app,45-59,Apply for credit,6
R1099,Neobank / payments app,18-29,Open an account,10
R1099,Neobank / payments app,18-29,Make a payment,7
R1099,Neobank / payments app,18-29,Get support,6
R1099,Neobank / payments app,18-29,Apply for credit,5
R1100,Private bank,18-29,Open an account,7
R1100,Private bank,18-29,Make a payment,9
R1100,Private bank,18-29,Get support,6
R1100,Private bank,18-29,Apply for credit,10
R1101,Neobank / payments app,45-59,Open an account,8
R1101,Neobank / payments app,45-59,Make a payment,9
R1101,Neobank / payments app,45-59,Get support,4
R1101,Neobank / payments app,45-59,Apply for credit,7
R1102,Private bank,45-59,Open an account,10
R1102,Private bank,45-59,Make a payment,7
R1102,Private bank,45-59,Get support,7
R1102,Private bank,45-59,Apply for credit,10
R1103,Public bank,18-29,Open an account,6
R1103,Public bank,18-29,Make a payment,6
R1103,Public bank,18-29,Get support,6
R1103,Public bank,18-29,Apply for credit,6
R1104,Neobank / payments app,60+,Open an account,9
R1104,Neobank / payments app,60+,Make a payment,8
R1104,Neobank / payments app,60+,Get support,3
R1104,Neobank / payments app,60+,Apply for credit,10
R1105,Public bank,18-29,Open an account,6
R1105,Public bank,18-29,Make a payment,7
R1105,Public bank,18-29,Get support,4
R1105,Public bank,18-29,Apply for credit,6
R1106,Neobank / payments app,18-29,Open an account,10
R1106,Neobank / payments app,18-29,Make a payment,10
R1106,Neobank / payments app,18-29,Get support,5
R1106,Neobank / payments app,18-29,Apply for credit,6
R1107,Private bank,18-29,Open an account,10
R1107,Private bank,18-29,Make a payment,8
R1107,Private bank,18-29,Get support,6
R1107,Private bank,18-29,Apply for credit,8
R1108,Private bank,18-29,Open an account,9
R1108,Private bank,18-29,Make a payment,7
R1108,Private bank,18-29,Get support,6
R1108,Private bank,18-29,Apply for credit,5
R1109,Neobank / payments app,30-44,Open an account,9
R1109,Neobank / payments app,30-44,Make a payment,8
R1109,Neobank / payments app,30-44,Get support,6
R1109,Neobank / payments app,30-44,Apply for credit,6
R1110,Private bank,18-29,Open an account,6
R1110,Private bank,18-29,Make a payment,7
R1110,Private bank,18-29,Get support,9
R1110,Private bank,18-29,Apply for credit,7
R1111,Private bank,60+,Open an account,7
R1111,Private bank,60+,Make a payment,6
R1111,Private bank,60+,Get support,6
R1111,Private bank,60+,Apply for credit,10
R1112,Private bank,45-59,Open an account,5
R1112,Private bank,45-59,Make a payment,7
R1112,Private bank,45-59,Get support,6
R1112,Private bank,45-59,Apply for credit,9
R1113,Neobank / payments app,18-29,Open an account,7
R1113,Neobank / payments app,18-29,Make a payment,10
R1113,Neobank / payments app,18-29,Get support,7
R1113,Neobank / payments app,18-29,Apply for credit,10
R1114,Private bank,18-29,Open an account,7
R1114,Private bank,18-29,Make a payment,10
R1114,Private bank,18-29,Get support,6
R1114,Private bank,18-29,Apply for credit,8
R1115,Private bank,30-44,Open an account,7
R1115,Private bank,30-44,Make a payment,6
R1115,Private bank,30-44,Get support,7
R1115,Private bank,30-44,Apply for credit,8
R1116,Public bank,18-29,Open an account,5
R1116,Public bank,18-29,Make a payment,9
R1116,Public bank,18-29,Get support,9
R1116,Public bank,18-29,Apply for credit,7
R1117,Neobank / payments app,45-59,Open an account,7
R1117,Neobank / payments app,45-59,Make a payment,8
R1117,Neobank / payments app,45-59,Get support,3
R1117,Neobank / payments app,45-59,Apply for credit,5
R1118,Private bank,18-29,Open an account,10
R1118,Private bank,18-29,Make a payment,8
R1118,Private bank,18-29,Get support,5
R1118,Private bank,18-29,Apply for credit,7
R1119,Private bank,45-59,Open an account,5
R1119,Private bank,45-59,Make a payment,7
R1119,Private bank,45-59,Get support,9
R1119,Private bank,45-59,Apply for credit,7
R1120,Neobank / payments app,18-29,Open an account,10
R1120,Neobank / payments app,18-29,Make a payment,8
R1120,Neobank / payments app,18-29,Get support,7
R1120,Neobank / payments app,18-29,Apply for credit,9
R1121,Public bank,60+,Open an account,8
R1121,Public bank,60+,Make a payment,8
R1121,Public bank,60+,Get support,7
R1121,Public bank,60+,Apply for credit,7
R1122,Private bank,30-44,Open an account,8
R1122,Private bank,30-44,Make a payment,10
R1122,Private bank,30-44,Get support,7
R1122,Private bank,30-44,Apply for credit,7
R1123,Private bank,18-29,Open an account,5
R1123,Private bank,18-29,Make a payment,8
R1123,Private bank,18-29,Get support,6
R1123,Private bank,18-29,Apply for credit,10
R1124,Neobank / payments app,30-44,Open an account,10
R1124,Neobank / payments app,30-44,Make a payment,8
R1124,Neobank / payments app,30-44,Get support,9
R1124,Neobank / payments app,30-44,Apply for credit,4
R1125,Neobank / payments app,30-44,Open an account,10
R1125,Neobank / payments app,30-44,Make a payment,9
R1125,Neobank / payments app,30-44,Get support,6
R1125,Neobank / payments app,30-44,Apply for credit,10
R1126,Private bank,18-29,Open an account,6
R1126,Private bank,18-29,Make a payment,6
R1126,Private bank,18-29,Get support,6
R1126,Private bank,18-29,Apply for credit,6
R1127,Neobank / payments app,18-29,Open an account,8
R1127,Neobank / payments app,18-29,Make a payment,9
R1127,Neobank / payments app,18-29,Get support,5
R1127,Neobank / payments app,18-29,Apply for credit,10
R1128,Private bank,18-29,Open an account,6
R1128,Private bank,18-29,Make a payment,7
R1128,Private bank,18-29,Get support,2
R1128,Private bank,18-29,Apply for credit,6
R1129,Private bank,30-44,Open an account,8
R1129,Private bank,30-44,Make a payment,7
R1129,Private bank,30-44,Get support,7
R1129,Private bank,30-44,Apply for credit,7
R1130,Public bank,18-29,Open an account,5
R1130,Public bank,18-29,Make a payment,4
R1130,Public bank,18-29,Get support,9
R1130,Public bank,18-29,Apply for credit,10
R1131,Public bank,30-44,Open an account,7
R1131,Public bank,30-44,Make a payment,8
R1131,Public bank,30-44,Get support,8
R1131,Public bank,30-44,Apply for credit,5
R1132,Neobank / payments app,30-44,Open an account,7
R1132,Neobank / payments app,30-44,Make a payment,6
R1132,Neobank / payments app,30-44,Get support,8
R1132,Neobank / payments app,30-44,Apply for credit,8
R1133,Neobank / payments app,45-59,Open an account,10
R1133,Neobank / payments app,45-59,Make a payment,7
R1133,Neobank / payments app,45-59,Get support,8
R1133,Neobank / payments app,45-59,Apply for credit,9
R1134,Private bank,18-29,Open an account,9
R1134,Private bank,18-29,Make a payment,7
R1134,Private bank,18-29,Get support,5
R1134,Private bank,18-29,Apply for credit,7
R1135,Private bank,60+,Open an account,10
R1135,Private bank,60+,Make a payment,8
R1135,Private bank,60+,Get support,8
R1135,Private bank,60+,Apply for credit,8
R1136,Neobank / payments app,30-44,Open an account,8
R1136,Neobank / payments app,30-44,Make a payment,7
R1136,Neobank / payments app,30-44,Get support,10
R1136,Neobank / payments app,30-44,Apply for credit,8
R1137,Public bank,18-29,Open an account,5
R1137,Public bank,18-29,Make a payment,10
R1137,Public bank,18-29,Get support,7
R1137,Public bank,18-29,Apply for credit,8
R1138,Neobank / payments app,18-29,Open an account,10
R1138,Neobank / payments app,18-29,Make a payment,10
R1138,Neobank / payments app,18-29,Get support,8
R1138,Neobank / payments app,18-29,Apply for credit,9
R1139,Neobank / payments app,30-44,Open an account,10
R1139,Neobank / payments app,30-44,Make a payment,7
R1139,Neobank / payments app,30-44,Get support,6
R1139,Neobank / payments app,30-44,Apply for credit,6
R1140,Public bank,18-29,Open an account,5
R1140,Public bank,18-29,Make a payment,7
R1140,Public bank,18-29,Get support,5
R1140,Public bank,18-29,Apply for credit,8
R1141,Private bank,30-44,Open an account,5
R1141,Private bank,30-44,Make a payment,9
R1141,Private bank,30-44,Get support,8
R1141,Private bank,30-44,Apply for credit,8
R1142,Private bank,18-29,Open an account,7
R1142,Private bank,18-29,Make a payment,10
R1142,Private bank,18-29,Get support,6
R1142,Private bank,18-29,Apply for credit,8
R1143,Public bank,30-44,Open an account,2
R1143,Public bank,30-44,Make a payment,6
R1143,Public bank,30-44,Get support,8
R1143,Public bank,30-44,Apply for credit,1
R1144,Neobank / payments app,30-44,Open an account,8
R1144,Neobank / payments app,30-44,Make a payment,9
R1144,Neobank / payments app,30-44,Get support,7
R1144,Neobank / payments app,30-44,Apply for credit,6
R1145,Public bank,18-29,Open an account,7
R1145,Public bank,18-29,Make a payment,8
R1145,Public bank,18-29,Get support,6
R1145,Public bank,18-29,Apply for credit,8
R1146,Neobank / payments app,45-59,Open an account,9
R1146,Neobank / payments app,45-59,Make a payment,5
R1146,Neobank / payments app,45-59,Get support,9
R1146,Neobank / payments app,45-59,Apply for credit,5
R1147,Private bank,45-59,Open an account,8
R1147,Private bank,45-59,Make a payment,5
R1147,Private bank,45-59,Get support,8
R1147,Private bank,45-59,Apply for credit,7
R1148,Private bank,45-59,Open an account,4
R1148,Private bank,45-59,Make a payment,9
R1148,Private bank,45-59,Get support,6
R1148,Private bank,45-59,Apply for credit,6
R1149,Neobank / payments app,18-29,Open an account,10
R1149,Neobank / payments app,18-29,Make a payment,8
R1149,Neobank / payments app,18-29,Get support,3
R1149,Neobank / payments app,18-29,Apply for credit,9
R1150,Neobank / payments app,18-29,Open an account,10
R1150,Neobank / payments app,18-29,Make a payment,9
R1150,Neobank / payments app,18-29,Get support,8
R1150,Neobank / payments app,18-29,Apply for credit,8
R1151,Neobank / payments app,18-29,Open an account,8
R1151,Neobank / payments app,18-29,Make a payment,9
R1151,Neobank / payments app,18-29,Get support,5
R1151,Neobank / payments app,18-29,Apply for credit,5
R1152,Public bank,30-44,Open an account,9
R1152,Public bank,30-44,Make a payment,8
R1152,Public bank,30-44,Get support,7
R1152,Public bank,30-44,Apply for credit,5
R1153,Private bank,30-44,Open an account,2
R1153,Private bank,30-44,Make a payment,10
R1153,Private bank,30-44,Get support,7
R1153,Private bank,30-44,Apply for credit,7
R1154,Public bank,30-44,Open an account,6
R1154,Public bank,30-44,Make a payment,10
R1154,Public bank,30-44,Get support,9
R1154,Public bank,30-44,Apply for credit,6
R1155,Public bank,60+,Open an account,8
R1155,Public bank,60+,Make a payment,7
R1155,Public bank,60+,Get support,6
R1155,Public bank,60+,Apply for credit,6
R1156,Public bank,18-29,Open an account,5
R1156,Public bank,18-29,Make a payment,5
R1156,Public bank,18-29,Get support,8
R1156,Public bank,18-29,Apply for credit,9
R1157,Private bank,30-44,Open an account,6
R1157,Private bank,30-44,Make a payment,8
R1157,Private bank,30-44,Get support,10
R1157,Private bank,30-44,Apply for credit,8
R1158,Private bank,45-59,Open an account,5
R1158,Private bank,45-59,Make a payment,8
R1158,Private bank,45-59,Get support,9
R1158,Private bank,45-59,Apply for credit,6
R1159,Private bank,45-59,Open an account,9
R1159,Private bank,45-59,Make a payment,8
R1159,Private bank,45-59,Get support,8
R1159,Private bank,45-59,Apply for credit,9
R1160,Neobank / payments app,30-44,Open an account,10
R1160,Neobank / payments app,30-44,Make a payment,8
R1160,Neobank / payments app,30-44,Get support,3
R1160,Neobank / payments app,30-44,Apply for credit,6
R1161,Public bank,30-44,Open an account,10
R1161,Public bank,30-44,Make a payment,5
R1161,Public bank,30-44,Get support,5
R1161,Public bank,30-44,Apply for credit,8
R1162,Neobank / payments app,30-44,Open an account,10
R1162,Neobank / payments app,30-44,Make a payment,9
R1162,Neobank / payments app,30-44,Get support,5
R1162,Neobank / payments app,30-44,Apply for credit,7
R1163,Private bank,30-44,Open an account,5
R1163,Private bank,30-44,Make a payment,10
R1163,Private bank,30-44,Get support,7
R1163,Private bank,30-44,Apply for credit,5
R1164,Public bank,18-29,Open an account,5
R1164,Public bank,18-29,Make a payment,7
R1164,Public bank,18-29,Get support,6
R1164,Public bank,18-29,Apply for credit,8
R1165,Private bank,60+,Open an account,6
R1165,Private bank,60+,Make a payment,9
R1165,Private bank,60+,Get support,9
R1165,Private bank,60+,Apply for credit,7
R1166,Private bank,30-44,Open an account,4
R1166,Private bank,30-44,Make a payment,8
R1166,Private bank,30-44,Get support,9
R1166,Private bank,30-44,Apply for credit,9
R1167,Neobank / payments app,18-29,Open an account,10
R1167,Neobank / payments app,18-29,Make a payment,6
R1167,Neobank / payments app,18-29,Get support,7
R1167,Neobank / payments app,18-29,Apply for credit,8
R1168,Neobank / payments app,18-29,Open an account,10
R1168,Neobank / payments app,18-29,Make a payment,8
R1168,Neobank / payments app,18-29,Get support,10
R1168,Neobank / payments app,18-29,Apply for credit,8
R1169,Public bank,30-44,Open an account,8
R1169,Public bank,30-44,Make a payment,7
R1169,Public bank,30-44,Get support,6
R1169,Public bank,30-44,Apply for credit,4
R1170,Private bank,30-44,Open an account,10
R1170,Private bank,30-44,Make a payment,10
R1170,Private bank,30-44,Get support,6
R1170,Private bank,30-44,Apply for credit,7
R1171,Private bank,18-29,Open an account,9
R1171,Private bank,18-29,Make a payment,7
R1171,Private bank,18-29,Get support,7
R1171,Private bank,18-29,Apply for credit,7
R1172,Neobank / payments app,60+,Open an account,7
R1172,Neobank / payments app,60+,Make a payment,8
R1172,Neobank / payments app,60+,Get support,7
R1172,Neobank / payments app,60+,Apply for credit,7
R1173,Private bank,30-44,Open an account,9
R1173,Private bank,30-44,Make a payment,10
R1173,Private bank,30-44,Get support,5
R1173,Private bank,30-44,Apply for credit,6
R1174,Neobank / payments app,60+,Open an account,7
R1174,Neobank / payments app,60+,Make a payment,7
R1174,Neobank / payments app,60+,Get support,9
R1174,Neobank / payments app,60+,Apply for credit,10
R1175,Neobank / payments app,60+,Open an account,10
R1175,Neobank / payments app,60+,Make a payment,6
R1175,Neobank / payments app,60+,Get support,2
R1175,Neobank / payments app,60+,Apply for credit,8
R1176,Public bank,30-44,Open an account,7
R1176,Public bank,30-44,Make a payment,7
R1176,Public bank,30-44,Get support,6
R1176,Public bank,30-44,Apply for credit,7
R1177,Private bank,18-29,Open an account,5
R1177,Private bank,18-29,Make a payment,8
R1177,Private bank,18-29,Get support,9
R1177,Private bank,18-29,Apply for credit,9
R1178,Neobank / payments app,18-29,Open an account,10
R1178,Neobank / payments app,18-29,Make a payment,7
R1178,Neobank / payments app,18-29,Get support,10
R1178,Neobank / payments app,18-29,Apply for credit,5
R1179,Neobank / payments app,30-44,Open an account,9
R1179,Neobank / payments app,30-44,Make a payment,6
R1179,Neobank / payments app,30-44,Get support,5
R1179,Neobank / payments app,30-44,Apply for credit,10
R1180,Neobank / payments app,18-29,Open an account,7
R1180,Neobank / payments app,18-29,Make a payment,5
R1180,Neobank / payments app,18-29,Get support,8
R1180,Neobank / payments app,18-29,Apply for credit,7
R1181,Public bank,18-29,Open an account,5
R1181,Public bank,18-29,Make a payment,10
R1181,Public bank,18-29,Get support,8
R1181,Public bank,18-29,Apply for credit,10
R1182,Private bank,18-29,Open an account,8
R1182,Private bank,18-29,Make a payment,9
R1182,Private bank,18-29,Get support,10
R1182,Private bank,18-29,Apply for credit,6
R1183,Private bank,18-29,Open an account,10
R1183,Private bank,18-29,Make a payment,10
R1183,Private bank,18-29,Get support,8
R1183,Private bank,18-29,Apply for credit,8
R1184,Private bank,18-29,Open an account,6
R1184,Private bank,18-29,Make a payment,10
R1184,Private bank,18-29,Get support,6
R1184,Private bank,18-29,Apply for credit,9
R1185,Public bank,45-59,Open an account,0
R1185,Public bank,45-59,Make a payment,8
R1185,Public bank,45-59,Get support,10
R1185,Public bank,45-59,Apply for credit,4
R1186,Private bank,45-59,Open an account,4
R1186,Private bank,45-59,Make a payment,7
R1186,Private bank,45-59,Get support,6
R1186,Private bank,45-59,Apply for credit,10
R1187,Public bank,30-44,Open an account,6
R1187,Public bank,30-44,Make a payment,8
R1187,Public bank,30-44,Get support,6
R1187,Public bank,30-44,Apply for credit,6
R1188,Private bank,45-59,Open an account,9
R1188,Private bank,45-59,Make a payment,5
R1188,Private bank,45-59,Get support,5
R1188,Private bank,45-59,Apply for credit,8
R1189,Private bank,18-29,Open an account,9
R1189,Private bank,18-29,Make a payment,6
R1189,Private bank,18-29,Get support,8
R1189,Private bank,18-29,Apply for credit,8
R1190,Private bank,18-29,Open an account,5
R1190,Private bank,18-29,Make a payment,9
R1190,Private bank,18-29,Get support,6
R1190,Private bank,18-29,Apply for credit,6
R1191,Public bank,18-29,Open an account,4
R1191,Public bank,18-29,Make a payment,6
R1191,Public bank,18-29,Get support,9
R1191,Public bank,18-29,Apply for credit,8
R1192,Neobank / payments app,30-44,Open an account,7
R1192,Neobank / payments app,30-44,Make a payment,7
R1192,Neobank / payments app,30-44,Get support,4
R1192,Neobank / payments app,30-44,Apply for credit,4
R1193,Private bank,30-44,Open an account,5
R1193,Private bank,30-44,Make a payment,6
R1193,Private bank,30-44,Get support,4
R1193,Private bank,30-44,Apply for credit,6
R1194,Private bank,30-44,Open an account,9
R1194,Private bank,30-44,Make a payment,10
R1194,Private bank,30-44,Get support,5
R1194,Private bank,30-44,Apply for credit,8
R1195,Private bank,45-59,Open an account,10
R1195,Private bank,45-59,Make a payment,7
R1195,Private bank,45-59,Get support,3
R1195,Private bank,45-59,Apply for credit,9
R1196,Private bank,60+,Open an account,7
R1196,Private bank,60+,Make a payment,7
R1196,Private bank,60+,Get support,10
R1196,Private bank,60+,Apply for credit,9
R1197,Public bank,18-29,Open an account,3
R1197,Public bank,18-29,Make a payment,9
R1197,Public bank,18-29,Get support,8
R1197,Public bank,18-29,Apply for credit,7
R1198,Neobank / payments app,30-44,Open an account,8
R1198,Neobank / payments app,30-44,Make a payment,10
R1198,Neobank / payments app,30-44,Get support,5
R1198,Neobank / payments app,30-44,Apply for credit,8
R1199,Private bank,18-29,Open an account,7
R1199,Private bank,18-29,Make a payment,7
R1199,Private bank,18-29,Get support,8
R1199,Private bank,18-29,Apply for credit,10
R1200,Neobank / payments app,18-29,Open an account,8
R1200,Neobank / payments app,18-29,Make a payment,7
R1200,Neobank / payments app,18-29,Get support,6
R1200,Neobank / payments app,18-29,Apply for credit,7
R1201,Public bank,60+,Open an account,7
R1201,Public bank,60+,Make a payment,10
R1201,Public bank,60+,Get support,8
R1201,Public bank,60+,Apply for credit,8
R1202,Public bank,45-59,Open an account,6
R1202,Public bank,45-59,Make a payment,7
R1202,Public bank,45-59,Get support,9
R1202,Public bank,45-59,Apply for credit,7
R1203,Private bank,18-29,Open an account,7
R1203,Private bank,18-29,Make a payment,10
R1203,Private bank,18-29,Get support,6
R1203,Private bank,18-29,Apply for credit,7
R1204,Neobank / payments app,30-44,Open an account,7
R1204,Neobank / payments app,30-44,Make a payment,8
R1204,Neobank / payments app,30-44,Get support,6
R1204,Neobank / payments app,30-44,Apply for credit,7
R1205,Public bank,60+,Open an account,5
R1205,Public bank,60+,Make a payment,7
R1205,Public bank,60+,Get support,8
R1205,Public bank,60+,Apply for credit,7
R1206,Neobank / payments app,60+,Open an account,10
R1206,Neobank / payments app,60+,Make a payment,8
R1206,Neobank / payments app,60+,Get support,8
R1206,Neobank / payments app,60+,Apply for credit,7
R1207,Public bank,60+,Open an account,8
R1207,Public bank,60+,Make a payment,6
R1207,Public bank,60+,Get support,10
R1207,Public bank,60+,Apply for credit,6
R1208,Private bank,45-59,Open an account,9
R1208,Private bank,45-59,Make a payment,9
R1208,Private bank,45-59,Get support,6
R1208,Private bank,45-59,Apply for credit,9
R1209,Neobank / payments app,60+,Open an account,7
R1209,Neobank / payments app,60+,Make a payment,9
R1209,Neobank / payments app,60+,Get support,4
R1209,Neobank / payments app,60+,Apply for credit,8
R1210,Public bank,30-44,Open an account,6
R1210,Public bank,30-44,Make a payment,10
R1210,Public bank,30-44,Get support,10
R1210,Public bank,30-44,Apply for credit,5
R1211,Private bank,30-44,Open an account,8
R1211,Private bank,30-44,Make a payment,9
R1211,Private bank,30-44,Get support,10
R1211,Private bank,30-44,Apply for credit,10
R1212,Neobank / payments app,60+,Open an account,10
R1212,Neobank / payments app,60+,Make a payment,5
R1212,Neobank / payments app,60+,Get support,5
R1212,Neobank / payments app,60+,Apply for credit,4
R1213,Private bank,45-59,Open an account,9
R1213,Private bank,45-59,Make a payment,7
R1213,Private bank,45-59,Get support,10
R1213,Private bank,45-59,Apply for credit,10
R1214,Neobank / payments app,45-59,Open an account,7
R1214,Neobank / payments app,45-59,Make a payment,9
R1214,Neobank / payments app,45-59,Get support,2
R1214,Neobank / payments app,45-59,Apply for credit,10
R1215,Private bank,18-29,Open an account,10
R1215,Private bank,18-29,Make a payment,8
R1215,Private bank,18-29,Get support,8
R1215,Private bank,18-29,Apply for credit,5
R1216,Private bank,30-44,Open an account,9
R1216,Private bank,30-44,Make a payment,5
R1216,Private bank,30-44,Get support,4
R1216,Private bank,30-44,Apply for credit,7
R1217,Public bank,30-44,Open an account,10
R1217,Public bank,30-44,Make a payment,8
R1217,Public bank,30-44,Get support,10
R1217,Public bank,30-44,Apply for credit,9
R1218,Neobank / payments app,30-44,Open an account,8
R1218,Neobank / payments app,30-44,Make a payment,6
R1218,Neobank / payments app,30-44,Get support,4
R1218,Neobank / payments app,30-44,Apply for credit,7
R1219,Neobank / payments app,18-29,Open an account,8
R1219,Neobank / payments app,18-29,Make a payment,10
R1219,Neobank / payments app,18-29,Get support,6
R1219,Neobank / payments app,18-29,Apply for credit,5
R1220,Neobank / payments app,18-29,Open an account,10
R1220,Neobank / payments app,18-29,Make a payment,10
R1220,Neobank / payments app,18-29,Get support,9
R1220,Neobank / payments app,18-29,Apply for credit,9
R1221,Public bank,18-29,Open an account,7
R1221,Public bank,18-29,Make a payment,5
R1221,Public bank,18-29,Get support,9
R1221,Public bank,18-29,Apply for credit,7
R1222,Neobank / payments app,30-44,Open an account,9
R1222,Neobank / payments app,30-44,Make a payment,10
R1222,Neobank / payments app,30-44,Get support,6
R1222,Neobank / payments app,30-44,Apply for credit,10
R1223,Private bank,30-44,Open an account,9
R1223,Private bank,30-44,Make a payment,8
R1223,Private bank,30-44,Get support,8
R1223,Private bank,30-44,Apply for credit,8
R1224,Public bank,30-44,Open an account,6
R1224,Public bank,30-44,Make a payment,4
R1224,Public bank,30-44,Get support,4
R1224,Public bank,30-44,Apply for credit,8
R1225,Neobank / payments app,30-44,Open an account,10
R1225,Neobank / payments app,30-44,Make a payment,10
R1225,Neobank / payments app,30-44,Get support,4
R1225,Neobank / payments app,30-44,Apply for credit,9
R1226,Neobank / payments app,30-44,Open an account,6
R1226,Neobank / payments app,30-44,Make a payment,8
R1226,Neobank / payments app,30-44,Get support,5
R1226,Neobank / payments app,30-44,Apply for credit,9
R1227,Neobank / payments app,60+,Open an account,8
R1227,Neobank / payments app,60+,Make a payment,10
R1227,Neobank / payments app,60+,Get support,4
R1227,Neobank / payments app,60+,Apply for credit,3
R1228,Public bank,45-59,Open an account,10
R1228,Public bank,45-59,Make a payment,9
R1228,Public bank,45-59,Get support,9
R1228,Public bank,45-59,Apply for credit,6
R1229,Neobank / payments app,18-29,Open an account,10
R1229,Neobank / payments app,18-29,Make a payment,7
R1229,Neobank / payments app,18-29,Get support,6
R1229,Neobank / payments app,18-29,Apply for credit,6
R1230,Private bank,30-44,Open an account,8
R1230,Private bank,30-44,Make a payment,10
R1230,Private bank,30-44,Get support,7
R1230,Private bank,30-44,Apply for credit,9
R1231,Private bank,18-29,Open an account,6
R1231,Private bank,18-29,Make a payment,10
R1231,Private bank,18-29,Get support,5
R1231,Private bank,18-29,Apply for credit,8
R1232,Neobank / payments app,18-29,Open an account,8
R1232,Neobank / payments app,18-29,Make a payment,10
R1232,Neobank / payments app,18-29,Get support,6
R1232,Neobank / payments app,18-29,Apply for credit,7
R1233,Neobank / payments app,30-44,Open an account,9
R1233,Neobank / payments app,30-44,Make a payment,10
R1233,Neobank / payments app,30-44,Get support,8
R1233,Neobank / payments app,30-44,Apply for credit,8
R1234,Neobank / payments app,30-44,Open an account,10
R1234,Neobank / payments app,30-44,Make a payment,10
R1234,Neobank / payments app,30-44,Get support,8
R1234,Neobank / payments app,30-44,Apply for credit,10
R1235,Public bank,18-29,Open an account,4
R1235,Public bank,18-29,Make a payment,10
R1235,Public bank,18-29,Get support,6
R1235,Public bank,18-29,Apply for credit,10
R1236,Neobank / payments app,18-29,Open an account,10
R1236,Neobank / payments app,18-29,Make a payment,10
R1236,Neobank / payments app,18-29,Get support,6
R1236,Neobank / payments app,18-29,Apply for credit,9
R1237,Private bank,30-44,Open an account,7
R1237,Private bank,30-44,Make a payment,10
R1237,Private bank,30-44,Get support,7
R1237,Private bank,30-44,Apply for credit,8
R1238,Private bank,30-44,Open an account,6
R1238,Private bank,30-44,Make a payment,9
R1238,Private bank,30-44,Get support,8
R1238,Private bank,30-44,Apply for credit,8
R1239,Neobank / payments app,18-29,Open an account,10
R1239,Neobank / payments app,18-29,Make a payment,5
R1239,Neobank / payments app,18-29,Get support,5
R1239,Neobank / payments app,18-29,Apply for credit,8
R1240,Private bank,30-44,Open an account,9
R1240,Private bank,30-44,Make a payment,9
R1240,Private bank,30-44,Get support,9
R1240,Private bank,30-44,Apply for credit,8
R1241,Public bank,45-59,Open an account,8
R1241,Public bank,45-59,Make a payment,10
R1241,Public bank,45-59,Get support,2
R1241,Public bank,45-59,Apply for credit,5
R1242,Neobank / payments app,30-44,Open an account,8
R1242,Neobank / payments app,30-44,Make a payment,7
R1242,Neobank / payments app,30-44,Get support,4
R1242,Neobank / payments app,30-44,Apply for credit,4
R1243,Public bank,30-44,Open an account,4
R1243,Public bank,30-44,Make a payment,10
R1243,Public bank,30-44,Get support,4
R1243,Public bank,30-44,Apply for credit,6
R1244,Private bank,30-44,Open an account,8
R1244,Private bank,30-44,Make a payment,9
R1244,Private bank,30-44,Get support,9
R1244,Private bank,30-44,Apply for credit,5
R1245,Private bank,30-44,Open an account,7
R1245,Private bank,30-44,Make a payment,10
R1245,Private bank,30-44,Get support,6
R1245,Private bank,30-44,Apply for credit,7
R1246,Private bank,18-29,Open an account,8
R1246,Private bank,18-29,Make a payment,7
R1246,Private bank,18-29,Get support,8
R1246,Private bank,18-29,Apply for credit,10
R1247,Neobank / payments app,45-59,Open an account,10
R1247,Neobank / payments app,45-59,Make a payment,9
R1247,Neobank / payments app,45-59,Get support,3
R1247,Neobank / payments app,45-59,Apply for credit,6
R1248,Private bank,18-29,Open an account,8
R1248,Private bank,18-29,Make a payment,6
R1248,Private bank,18-29,Get support,4
R1248,Private bank,18-29,Apply for credit,9
R1249,Neobank / payments app,45-59,Open an account,9
R1249,Neobank / payments app,45-59,Make a payment,8
R1249,Neobank / payments app,45-59,Get support,7
R1249,Neobank / payments app,45-59,Apply for credit,7
R1250,Public bank,60+,Open an account,9
R1250,Public bank,60+,Make a payment,10
R1250,Public bank,60+,Get support,6
R1250,Public bank,60+,Apply for credit,8
R1251,Private bank,30-44,Open an account,6
R1251,Private bank,30-44,Make a payment,8
R1251,Private bank,30-44,Get support,10
R1251,Private bank,30-44,Apply for credit,10
R1252,Public bank,30-44,Open an account,5
R1252,Public bank,30-44,Make a payment,6
R1252,Public bank,30-44,Get support,7
R1252,Public bank,30-44,Apply for credit,7
R1253,Neobank / payments app,30-44,Open an account,10
R1253,Neobank / payments app,30-44,Make a payment,8
R1253,Neobank / payments app,30-44,Get support,8
R1253,Neobank / payments app,30-44,Apply for credit,10
R1254,Neobank / payments app,18-29,Open an account,9
R1254,Neobank / payments app,18-29,Make a payment,10
R1254,Neobank / payments app,18-29,Get support,6
R1254,Neobank / payments app,18-29,Apply for credit,7
R1255,Neobank / payments app,30-44,Open an account,10
R1255,Neobank / payments app,30-44,Make a payment,10
R1255,Neobank / payments app,30-44,Get support,9
R1255,Neobank / payments app,30-44,Apply for credit,8
R1256,Neobank / payments app,18-29,Open an account,9
R1256,Neobank / payments app,18-29,Make a payment,10
R1256,Neobank / payments app,18-29,Get support,7
R1256,Neobank / payments app,18-29,Apply for credit,5
R1257,Private bank,45-59,Open an account,9
R1257,Private bank,45-59,Make a payment,6
R1257,Private bank,45-59,Get support,2
R1257,Private bank,45-59,Apply for credit,8
R1258,Neobank / payments app,30-44,Open an account,8
R1258,Neobank / payments app,30-44,Make a payment,6
R1258,Neobank / payments app,30-44,Get support,8
R1258,Neobank / payments app,30-44,Apply for credit,8
R1259,Private bank,18-29,Open an account,8
R1259,Private bank,18-29,Make a payment,9
R1259,Private bank,18-29,Get support,8
R1259,Private bank,18-29,Apply for credit,9
R1260,Neobank / payments app,18-29,Open an account,9
R1260,Neobank / payments app,18-29,Make a payment,10
R1260,Neobank / payments app,18-29,Get support,7
R1260,Neobank / payments app,18-29,Apply for credit,10
R1261,Neobank / payments app,45-59,Open an account,9
R1261,Neobank / payments app,45-59,Make a payment,6
R1261,Neobank / payments app,45-59,Get support,3
R1261,Neobank / payments app,45-59,Apply for credit,9
R1262,Private bank,45-59,Open an account,7
R1262,Private bank,45-59,Make a payment,7
R1262,Private bank,45-59,Get support,10
R1262,Private bank,45-59,Apply for credit,8
R1263,Public bank,30-44,Open an account,5
R1263,Public bank,30-44,Make a payment,5
R1263,Public bank,30-44,Get support,7
R1263,Public bank,30-44,Apply for credit,8
R1264,Neobank / payments app,45-59,Open an account,10
R1264,Neobank / payments app,45-59,Make a payment,7
R1264,Neobank / payments app,45-59,Get support,9
R1264,Neobank / payments app,45-59,Apply for credit,9
R1265,Neobank / payments app,45-59,Open an account,9
R1265,Neobank / payments app,45-59,Make a payment,9
R1265,Neobank / payments app,45-59,Get support,3
R1265,Neobank / payments app,45-59,Apply for credit,10
R1266,Neobank / payments app,30-44,Open an account,10
R1266,Neobank / payments app,30-44,Make a payment,10
R1266,Neobank / payments app,30-44,Get support,8
R1266,Neobank / payments app,30-44,Apply for credit,9
R1267,Private bank,30-44,Open an account,8
R1267,Private bank,30-44,Make a payment,7
R1267,Private bank,30-44,Get support,10
R1267,Private bank,30-44,Apply for credit,8
R1268,Private bank,60+,Open an account,8
R1268,Private bank,60+,Make a payment,6
R1268,Private bank,60+,Get support,8
R1268,Private bank,60+,Apply for credit,7
R1269,Public bank,45-59,Open an account,7
R1269,Public bank,45-59,Make a payment,7
R1269,Public bank,45-59,Get support,8
R1269,Public bank,45-59,Apply for credit,6
R1270,Neobank / payments app,18-29,Open an account,8
R1270,Neobank / payments app,18-29,Make a payment,10
R1270,Neobank / payments app,18-29,Get support,7
R1270,Neobank / payments app,18-29,Apply for credit,7
R1271,Neobank / payments app,60+,Open an account,10
R1271,Neobank / payments app,60+,Make a payment,10
R1271,Neobank / payments app,60+,Get support,5
R1271,Neobank / payments app,60+,Apply for credit,5
R1272,Public bank,18-29,Open an account,3
R1272,Public bank,18-29,Make a payment,7
R1272,Public bank,18-29,Get support,8
R1272,Public bank,18-29,Apply for credit,8
R1273,Neobank / payments app,18-29,Open an account,10
R1273,Neobank / payments app,18-29,Make a payment,9
R1273,Neobank / payments app,18-29,Get support,10
R1273,Neobank / payments app,18-29,Apply for credit,6
R1274,Public bank,18-29,Open an account,9
R1274,Public bank,18-29,Make a payment,9
R1274,Public bank,18-29,Get support,9
R1274,Public bank,18-29,Apply for credit,9
R1275,Neobank / payments app,30-44,Open an account,8
R1275,Neobank / payments app,30-44,Make a payment,9
R1275,Neobank / payments app,30-44,Get support,7
R1275,Neobank / payments app,30-44,Apply for credit,10
R1276,Public bank,30-44,Open an account,5
R1276,Public bank,30-44,Make a payment,6
R1276,Public bank,30-44,Get support,10
R1276,Public bank,30-44,Apply for credit,6
R1277,Private bank,60+,Open an account,9
R1277,Private bank,60+,Make a payment,10
R1277,Private bank,60+,Get support,7
R1277,Private bank,60+,Apply for credit,6
R1278,Private bank,30-44,Open an account,8
R1278,Private bank,30-44,Make a payment,8
R1278,Private bank,30-44,Get support,7
R1278,Private bank,30-44,Apply for credit,7
R1279,Private bank,18-29,Open an account,6
R1279,Private bank,18-29,Make a payment,6
R1279,Private bank,18-29,Get support,7
R1279,Private bank,18-29,Apply for credit,7
R1280,Private bank,30-44,Open an account,8
R1280,Private bank,30-44,Make a payment,8
R1280,Private bank,30-44,Get support,6
R1280,Private bank,30-44,Apply for credit,10
R1281,Private bank,45-59,Open an account,6
R1281,Private bank,45-59,Make a payment,5
R1281,Private bank,45-59,Get support,9
R1281,Private bank,45-59,Apply for credit,8
R1282,Private bank,18-29,Open an account,7
R1282,Private bank,18-29,Make a payment,10
R1282,Private bank,18-29,Get support,4
R1282,Private bank,18-29,Apply for credit,7
R1283,Public bank,30-44,Open an account,8
R1283,Public bank,30-44,Make a payment,7
R1283,Public bank,30-44,Get support,5
R1283,Public bank,30-44,Apply for credit,9
R1284,Private bank,45-59,Open an account,10
R1284,Private bank,45-59,Make a payment,6
R1284,Private bank,45-59,Get support,3
R1284,Private bank,45-59,Apply for credit,5
R1285,Private bank,45-59,Open an account,9
R1285,Private bank,45-59,Make a payment,9
R1285,Private bank,45-59,Get support,8
R1285,Private bank,45-59,Apply for credit,5
R1286,Private bank,18-29,Open an account,8
R1286,Private bank,18-29,Make a payment,9
R1286,Private bank,18-29,Get support,9
R1286,Private bank,18-29,Apply for credit,10
R1287,Public bank,30-44,Open an account,8
R1287,Public bank,30-44,Make a payment,9
R1287,Public bank,30-44,Get support,6
R1287,Public bank,30-44,Apply for credit,1
R1288,Private bank,45-59,Open an account,8
R1288,Private bank,45-59,Make a payment,7
R1288,Private bank,45-59,Get support,7
R1288,Private bank,45-59,Apply for credit,9
R1289,Private bank,18-29,Open an account,9
R1289,Private bank,18-29,Make a payment,9
R1289,Private bank,18-29,Get support,4
R1289,Private bank,18-29,Apply for credit,6
R1290,Neobank / payments app,30-44,Open an account,6
R1290,Neobank / payments app,30-44,Make a payment,10
R1290,Neobank / payments app,30-44,Get support,6
R1290,Neobank / payments app,30-44,Apply for credit,8
R1291,Private bank,30-44,Open an account,5
R1291,Private bank,30-44,Make a payment,8
R1291,Private bank,30-44,Get support,5
R1291,Private bank,30-44,Apply for credit,7
R1292,Public bank,18-29,Open an account,8
R1292,Public bank,18-29,Make a payment,7
R1292,Public bank,18-29,Get support,6
R1292,Public bank,18-29,Apply for credit,5
R1293,Public bank,18-29,Open an account,8
R1293,Public bank,18-29,Make a payment,8
R1293,Public bank,18-29,Get support,6
R1293,Public bank,18-29,Apply for credit,4
R1294,Private bank,45-59,Open an account,9
R1294,Private bank,45-59,Make a payment,10
R1294,Private bank,45-59,Get support,6
R1294,Private bank,45-59,Apply for credit,6
R1295,Private bank,60+,Open an account,10
R1295,Private bank,60+,Make a payment,8
R1295,Private bank,60+,Get support,7
R1295,Private bank,60+,Apply for credit,8
R1296,Public bank,18-29,Open an account,6
R1296,Public bank,18-29,Make a payment,9
R1296,Public bank,18-29,Get support,6
R1296,Public bank,18-29,Apply for credit,8
R1297,Public bank,30-44,Open an account,8
R1297,Public bank,30-44,Make a payment,8
R1297,Public bank,30-44,Get support,9
R1297,Public bank,30-44,Apply for credit,6
R1298,Private bank,30-44,Open an account,5
R1298,Private bank,30-44,Make a payment,8
R1298,Private bank,30-44,Get support,6
R1298,Private bank,30-44,Apply for credit,7
R1299,Public bank,30-44,Open an account,8
R1299,Public bank,30-44,Make a payment,7
R1299,Public bank,30-44,Get support,7
R1299,Public bank,30-44,Apply for credit,5
R1300,Neobank / payments app,18-29,Open an account,8
R1300,Neobank / payments app,18-29,Make a payment,10
R1300,Neobank / payments app,18-29,Get support,6
R1300,Neobank / payments app,18-29,Apply for credit,8
R1301,Private bank,45-59,Open an account,5
R1301,Private bank,45-59,Make a payment,9
R1301,Private bank,45-59,Get support,6
R1301,Private bank,45-59,Apply for credit,10
R1302,Private bank,45-59,Open an account,7
R1302,Private bank,45-59,Make a payment,9
R1302,Private bank,45-59,Get support,7
R1302,Private bank,45-59,Apply for credit,10
R1303,Public bank,45-59,Open an account,7
R1303,Public bank,45-59,Make a payment,8
R1303,Public bank,45-59,Get support,4
R1303,Public bank,45-59,Apply for credit,5
R1304,Public bank,30-44,Open an account,6
R1304,Public bank,30-44,Make a payment,9
R1304,Public bank,30-44,Get support,3
R1304,Public bank,30-44,Apply for credit,6
R1305,Neobank / payments app,30-44,Open an account,7
R1305,Neobank / payments app,30-44,Make a payment,10
R1305,Neobank / payments app,30-44,Get support,5
R1305,Neobank / payments app,30-44,Apply for credit,8
R1306,Private bank,45-59,Open an account,4
R1306,Private bank,45-59,Make a payment,10
R1306,Private bank,45-59,Get support,6
R1306,Private bank,45-59,Apply for credit,7
R1307,Private bank,30-44,Open an account,8
R1307,Private bank,30-44,Make a payment,7
R1307,Private bank,30-44,Get support,6
R1307,Private bank,30-44,Apply for credit,6
R1308,Neobank / payments app,18-29,Open an account,8
R1308,Neobank / payments app,18-29,Make a payment,8
R1308,Neobank / payments app,18-29,Get support,4
R1308,Neobank / payments app,18-29,Apply for credit,10
R1309,Private bank,18-29,Open an account,6
R1309,Private bank,18-29,Make a payment,8
R1309,Private bank,18-29,Get support,6
R1309,Private bank,18-29,Apply for credit,8
R1310,Public bank,45-59,Open an account,5
R1310,Public bank,45-59,Make a payment,7
R1310,Public bank,45-59,Get support,6
R1310,Public bank,45-59,Apply for credit,8
R1311,Public bank,45-59,Open an account,6
R1311,Public bank,45-59,Make a payment,4
R1311,Public bank,45-59,Get support,7
R1311,Public bank,45-59,Apply for credit,3
R1312,Private bank,18-29,Open an account,5
R1312,Private bank,18-29,Make a payment,7
R1312,Private bank,18-29,Get support,10
R1312,Private bank,18-29,Apply for credit,8
R1313,Public bank,18-29,Open an account,3
R1313,Public bank,18-29,Make a payment,8
R1313,Public bank,18-29,Get support,6
R1313,Public bank,18-29,Apply for credit,7
R1314,Public bank,30-44,Open an account,5
R1314,Public bank,30-44,Make a payment,9
R1314,Public bank,30-44,Get support,6
R1314,Public bank,30-44,Apply for credit,4
R1315,Public bank,30-44,Open an account,2
R1315,Public bank,30-44,Make a payment,8
R1315,Public bank,30-44,Get support,9
R1315,Public bank,30-44,Apply for credit,5
R1316,Private bank,60+,Open an account,9
R1316,Private bank,60+,Make a payment,9
R1316,Private bank,60+,Get support,5
R1316,Private bank,60+,Apply for credit,8
R1317,Private bank,30-44,Open an account,7
R1317,Private bank,30-44,Make a payment,9
R1317,Private bank,30-44,Get support,9
R1317,Private bank,30-44,Apply for credit,10
R1318,Private bank,45-59,Open an account,5
R1318,Private bank,45-59,Make a payment,10
R1318,Private bank,45-59,Get support,8
R1318,Private bank,45-59,Apply for credit,6
R1319,Neobank / payments app,18-29,Open an account,10
R1319,Neobank / payments app,18-29,Make a payment,10
R1319,Neobank / payments app,18-29,Get support,6
R1319,Neobank / payments app,18-29,Apply for credit,8
R1320,Public bank,30-44,Open an account,4
R1320,Public bank,30-44,Make a payment,7
R1320,Public bank,30-44,Get support,2
R1320,Public bank,30-44,Apply for credit,7
R1321,Neobank / payments app,30-44,Open an account,10
R1321,Neobank / payments app,30-44,Make a payment,9
R1321,Neobank / payments app,30-44,Get support,4
R1321,Neobank / payments app,30-44,Apply for credit,4
R1322,Neobank / payments app,45-59,Open an account,10
R1322,Neobank / payments app,45-59,Make a payment,6
R1322,Neobank / payments app,45-59,Get support,6
R1322,Neobank / payments app,45-59,Apply for credit,6
R1323,Private bank,45-59,Open an account,5
R1323,Private bank,45-59,Make a payment,8
R1323,Private bank,45-59,Get support,8
R1323,Private bank,45-59,Apply for credit,8
R1324,Neobank / payments app,45-59,Open an account,10
R1324,Neobank / payments app,45-59,Make a payment,10
R1324,Neobank / payments app,45-59,Get support,7
R1324,Neobank / payments app,45-59,Apply for credit,4
R1325,Public bank,18-29,Open an account,8
R1325,Public bank,18-29,Make a payment,9
R1325,Public bank,18-29,Get support,6
R1325,Public bank,18-29,Apply for credit,7
R1326,Private bank,30-44,Open an account,7
R1326,Private bank,30-44,Make a payment,6
R1326,Private bank,30-44,Get support,7
R1326,Private bank,30-44,Apply for credit,7
R1327,Neobank / payments app,18-29,Open an account,5
R1327,Neobank / payments app,18-29,Make a payment,8
R1327,Neobank / payments app,18-29,Get support,8
R1327,Neobank / payments app,18-29,Apply for credit,9
R1328,Private bank,18-29,Open an account,8
R1328,Private bank,18-29,Make a payment,8
R1328,Private bank,18-29,Get support,9
R1328,Private bank,18-29,Apply for credit,6
R1329,Neobank / payments app,18-29,Open an account,10
R1329,Neobank / payments app,18-29,Make a payment,8
R1329,Neobank / payments app,18-29,Get support,5
R1329,Neobank / payments app,18-29,Apply for credit,8
R1330,Neobank / payments app,18-29,Open an account,7
R1330,Neobank / payments app,18-29,Make a payment,9
R1330,Neobank / payments app,18-29,Get support,7
R1330,Neobank / payments app,18-29,Apply for credit,8
R1331,Private bank,18-29,Open an account,10
R1331,Private bank,18-29,Make a payment,9
R1331,Private bank,18-29,Get support,8
R1331,Private bank,18-29,Apply for credit,7
R1332,Neobank / payments app,30-44,Open an account,7
R1332,Neobank / payments app,30-44,Make a payment,10
R1332,Neobank / payments app,30-44,Get support,8
R1332,Neobank / payments app,30-44,Apply for credit,10
R1333,Public bank,60+,Open an account,3
R1333,Public bank,60+,Make a payment,7
R1333,Public bank,60+,Get support,4
R1333,Public bank,60+,Apply for credit,5
R1334,Neobank / payments app,45-59,Open an account,10
R1334,Neobank / payments app,45-59,Make a payment,7
R1334,Neobank / payments app,45-59,Get support,9
R1334,Neobank / payments app,45-59,Apply for credit,8
R1335,Private bank,18-29,Open an account,6
R1335,Private bank,18-29,Make a payment,9
R1335,Private bank,18-29,Get support,8
R1335,Private bank,18-29,Apply for credit,8
R1336,Neobank / payments app,30-44,Open an account,9
R1336,Neobank / payments app,30-44,Make a payment,7
R1336,Neobank / payments app,30-44,Get support,4
R1336,Neobank / payments app,30-44,Apply for credit,9
R1337,Public bank,18-29,Open an account,4
R1337,Public bank,18-29,Make a payment,5
R1337,Public bank,18-29,Get support,10
R1337,Public bank,18-29,Apply for credit,7
R1338,Public bank,18-29,Open an account,5
R1338,Public bank,18-29,Make a payment,10
R1338,Public bank,18-29,Get support,6
R1338,Public bank,18-29,Apply for credit,8
R1339,Private bank,30-44,Open an account,9
R1339,Private bank,30-44,Make a payment,9
R1339,Private bank,30-44,Get support,9
R1339,Private bank,30-44,Apply for credit,9
R1340,Private bank,18-29,Open an account,8
R1340,Private bank,18-29,Make a payment,8
R1340,Private bank,18-29,Get support,6
R1340,Private bank,18-29,Apply for credit,10
R1341,Neobank / payments app,18-29,Open an account,8
R1341,Neobank / payments app,18-29,Make a payment,9
R1341,Neobank / payments app,18-29,Get support,7
R1341,Neobank / payments app,18-29,Apply for credit,6
R1342,Private bank,60+,Open an account,8
R1342,Private bank,60+,Make a payment,7
R1342,Private bank,60+,Get support,7
R1342,Private bank,60+,Apply for credit,10
R1343,Neobank / payments app,18-29,Open an account,7
R1343,Neobank / payments app,18-29,Make a payment,9
R1343,Neobank / payments app,18-29,Get support,6
R1343,Neobank / payments app,18-29,Apply for credit,6
R1344,Neobank / payments app,18-29,Open an account,9
R1344,Neobank / payments app,18-29,Make a payment,10
R1344,Neobank / payments app,18-29,Get support,7
R1344,Neobank / payments app,18-29,Apply for credit,8
R1345,Private bank,60+,Open an account,7
R1345,Private bank,60+,Make a payment,5
R1345,Private bank,60+,Get support,10
R1345,Private bank,60+,Apply for credit,4
R1346,Private bank,18-29,Open an account,6
R1346,Private bank,18-29,Make a payment,7
R1346,Private bank,18-29,Get support,4
R1346,Private bank,18-29,Apply for credit,4
R1347,Neobank / payments app,18-29,Open an account,10
R1347,Neobank / payments app,18-29,Make a payment,10
R1347,Neobank / payments app,18-29,Get support,6
R1347,Neobank / payments app,18-29,Apply for credit,8
R1348,Public bank,18-29,Open an account,7
R1348,Public bank,18-29,Make a payment,6
R1348,Public bank,18-29,Get support,10
R1348,Public bank,18-29,Apply for credit,5
R1349,Neobank / payments app,60+,Open an account,10
R1349,Neobank / payments app,60+,Make a payment,4
R1349,Neobank / payments app,60+,Get support,6
R1349,Neobank / payments app,60+,Apply for credit,6
R1350,Private bank,30-44,Open an account,8
R1350,Private bank,30-44,Make a payment,4
R1350,Private bank,30-44,Get support,8
R1350,Private bank,30-44,Apply for credit,8
R1351,Private bank,30-44,Open an account,6
R1351,Private bank,30-44,Make a payment,10
R1351,Private bank,30-44,Get support,8
R1351,Private bank,30-44,Apply for credit,8
R1352,Private bank,18-29,Open an account,6
R1352,Private bank,18-29,Make a payment,8
R1352,Private bank,18-29,Get support,8
R1352,Private bank,18-29,Apply for credit,9
R1353,Private bank,45-59,Open an account,10
R1353,Private bank,45-59,Make a payment,10
R1353,Private bank,45-59,Get support,6
R1353,Private bank,45-59,Apply for credit,9
R1354,Neobank / payments app,30-44,Open an account,10
R1354,Neobank / payments app,30-44,Make a payment,8
R1354,Neobank / payments app,30-44,Get support,7
R1354,Neobank / payments app,30-44,Apply for credit,6
R1355,Private bank,18-29,Open an account,8
R1355,Private bank,18-29,Make a payment,10
R1355,Private bank,18-29,Get support,8
R1355,Private bank,18-29,Apply for credit,9
R1356,Private bank,60+,Open an account,5
R1356,Private bank,60+,Make a payment,7
R1356,Private bank,60+,Get support,8
R1356,Private bank,60+,Apply for credit,8
R1357,Public bank,30-44,Open an account,4
R1357,Public bank,30-44,Make a payment,4
R1357,Public bank,30-44,Get support,9
R1357,Public bank,30-44,Apply for credit,8
R1358,Neobank / payments app,30-44,Open an account,9
R1358,Neobank / payments app,30-44,Make a payment,10
R1358,Neobank / payments app,30-44,Get support,5
R1358,Neobank / payments app,30-44,Apply for credit,9
R1359,Neobank / payments app,45-59,Open an account,6
R1359,Neobank / payments app,45-59,Make a payment,8
R1359,Neobank / payments app,45-59,Get support,7
R1359,Neobank / payments app,45-59,Apply for credit,8
R1360,Private bank,30-44,Open an account,10
R1360,Private bank,30-44,Make a payment,9
R1360,Private bank,30-44,Get support,6
R1360,Private bank,30-44,Apply for credit,9
R1361,Public bank,30-44,Open an account,6
R1361,Public bank,30-44,Make a payment,6
R1361,Public bank,30-44,Get support,4
R1361,Public bank,30-44,Apply for credit,4
R1362,Private bank,18-29,Open an account,9
R1362,Private bank,18-29,Make a payment,9
R1362,Private bank,18-29,Get support,7
R1362,Private bank,18-29,Apply for credit,8
R1363,Private bank,45-59,Open an account,8
R1363,Private bank,45-59,Make a payment,9
R1363,Private bank,45-59,Get support,9
R1363,Private bank,45-59,Apply for credit,9
R1364,Public bank,45-59,Open an account,3
R1364,Public bank,45-59,Make a payment,8
R1364,Public bank,45-59,Get support,9
R1364,Public bank,45-59,Apply for credit,5
R1365,Neobank / payments app,60+,Open an account,7
R1365,Neobank / payments app,60+,Make a payment,10
R1365,Neobank / payments app,60+,Get support,4
R1365,Neobank / payments app,60+,Apply for credit,7
R1366,Private bank,30-44,Open an account,7
R1366,Private bank,30-44,Make a payment,10
R1366,Private bank,30-44,Get support,8
R1366,Private bank,30-44,Apply for credit,7
R1367,Neobank / payments app,30-44,Open an account,9
R1367,Neobank / payments app,30-44,Make a payment,7
R1367,Neobank / payments app,30-44,Get support,6
R1367,Neobank / payments app,30-44,Apply for credit,10
R1368,Neobank / payments app,30-44,Open an account,9
R1368,Neobank / payments app,30-44,Make a payment,10
R1368,Neobank / payments app,30-44,Get support,6
R1368,Neobank / payments app,30-44,Apply for credit,8
R1369,Private bank,18-29,Open an account,10
R1369,Private bank,18-29,Make a payment,10
R1369,Private bank,18-29,Get support,7
R1369,Private bank,18-29,Apply for credit,5
R1370,Private bank,18-29,Open an account,5
R1370,Private bank,18-29,Make a payment,5
R1370,Private bank,18-29,Get support,7
R1370,Private bank,18-29,Apply for credit,8
R1371,Neobank / payments app,18-29,Open an account,9
R1371,Neobank / payments app,18-29,Make a payment,10
R1371,Neobank / payments app,18-29,Get support,6
R1371,Neobank / payments app,18-29,Apply for credit,10
R1372,Private bank,30-44,Open an account,8
R1372,Private bank,30-44,Make a payment,8
R1372,Private bank,30-44,Get support,6
R1372,Private bank,30-44,Apply for credit,5
R1373,Neobank / payments app,30-44,Open an account,8
R1373,Neobank / payments app,30-44,Make a payment,10
R1373,Neobank / payments app,30-44,Get support,3
R1373,Neobank / payments app,30-44,Apply for credit,7
R1374,Neobank / payments app,18-29,Open an account,10
R1374,Neobank / payments app,18-29,Make a payment,10
R1374,Neobank / payments app,18-29,Get support,8
R1374,Neobank / payments app,18-29,Apply for credit,8
R1375,Public bank,60+,Open an account,7
R1375,Public bank,60+,Make a payment,7
R1375,Public bank,60+,Get support,9
R1375,Public bank,60+,Apply for credit,4
R1376,Public bank,18-29,Open an account,9
R1376,Public bank,18-29,Make a payment,8
R1376,Public bank,18-29,Get support,5
R1376,Public bank,18-29,Apply for credit,10
R1377,Public bank,18-29,Open an account,6
R1377,Public bank,18-29,Make a payment,3
R1377,Public bank,18-29,Get support,8
R1377,Public bank,18-29,Apply for credit,5
R1378,Private bank,45-59,Open an account,6
R1378,Private bank,45-59,Make a payment,5
R1378,Private bank,45-59,Get support,6
R1378,Private bank,45-59,Apply for credit,7
R1379,Public bank,30-44,Open an account,6
R1379,Public bank,30-44,Make a payment,8
R1379,Public bank,30-44,Get support,6
R1379,Public bank,30-44,Apply for credit,5
R1380,Private bank,18-29,Open an account,6
R1380,Private bank,18-29,Make a payment,9
R1380,Private bank,18-29,Get support,4
R1380,Private bank,18-29,Apply for credit,5
R1381,Public bank,30-44,Open an account,5
R1381,Public bank,30-44,Make a payment,8
R1381,Public bank,30-44,Get support,6
R1381,Public bank,30-44,Apply for credit,5
R1382,Public bank,60+,Open an account,5
R1382,Public bank,60+,Make a payment,7
R1382,Public bank,60+,Get support,9
R1382,Public bank,60+,Apply for credit,4
R1383,Public bank,30-44,Open an account,5
R1383,Public bank,30-44,Make a payment,5
R1383,Public bank,30-44,Get support,9
R1383,Public bank,30-44,Apply for credit,6
R1384,Private bank,60+,Open an account,10
R1384,Private bank,60+,Make a payment,10
R1384,Private bank,60+,Get support,10
R1384,Private bank,60+,Apply for credit,7
R1385,Public bank,30-44,Open an account,6
R1385,Public bank,30-44,Make a payment,7
R1385,Public bank,30-44,Get support,5
R1385,Public bank,30-44,Apply for credit,5
R1386,Private bank,45-59,Open an account,7
R1386,Private bank,45-59,Make a payment,9
R1386,Private bank,45-59,Get support,10
R1386,Private bank,45-59,Apply for credit,9
R1387,Private bank,45-59,Open an account,7
R1387,Private bank,45-59,Make a payment,10
R1387,Private bank,45-59,Get support,9
R1387,Private bank,45-59,Apply for credit,9
R1388,Private bank,18-29,Open an account,8
R1388,Private bank,18-29,Make a payment,10
R1388,Private bank,18-29,Get support,10
R1388,Private bank,18-29,Apply for credit,7
R1389,Neobank / payments app,45-59,Open an account,6
R1389,Neobank / payments app,45-59,Make a payment,8
R1389,Neobank / payments app,45-59,Get support,2
R1389,Neobank / payments app,45-59,Apply for credit,7
R1390,Private bank,30-44,Open an account,8
R1390,Private bank,30-44,Make a payment,7
R1390,Private bank,30-44,Get support,8
R1390,Private bank,30-44,Apply for credit,8
R1391,Neobank / payments app,45-59,Open an account,9
R1391,Neobank / payments app,45-59,Make a payment,9
R1391,Neobank / payments app,45-59,Get support,7
R1391,Neobank / payments app,45-59,Apply for credit,4
R1392,Neobank / payments app,18-29,Open an account,8
R1392,Neobank / payments app,18-29,Make a payment,10
R1392,Neobank / payments app,18-29,Get support,9
R1392,Neobank / payments app,18-29,Apply for credit,6
R1393,Private bank,30-44,Open an account,10
R1393,Private bank,30-44,Make a payment,7
R1393,Private bank,30-44,Get support,8
R1393,Private bank,30-44,Apply for credit,6
R1394,Neobank / payments app,45-59,Open an account,7
R1394,Neobank / payments app,45-59,Make a payment,9
R1394,Neobank / payments app,45-59,Get support,4
R1394,Neobank / payments app,45-59,Apply for credit,7
R1395,Private bank,30-44,Open an account,5
R1395,Private bank,30-44,Make a payment,10
R1395,Private bank,30-44,Get support,6
R1395,Private bank,30-44,Apply for credit,7
R1396,Public bank,18-29,Open an account,7
R1396,Public bank,18-29,Make a payment,5
R1396,Public bank,18-29,Get support,6
R1396,Public bank,18-29,Apply for credit,4
R1397,Neobank / payments app,18-29,Open an account,5
R1397,Neobank / payments app,18-29,Make a payment,9
R1397,Neobank / payments app,18-29,Get support,6
R1397,Neobank / payments app,18-29,Apply for credit,8
R1398,Private bank,60+,Open an account,5
R1398,Private bank,60+,Make a payment,9
R1398,Private bank,60+,Get support,6
R1398,Private bank,60+,Apply for credit,8
R1399,Neobank / payments app,45-59,Open an account,10
R1399,Neobank / payments app,45-59,Make a payment,8
R1399,Neobank / payments app,45-59,Get support,7
R1399,Neobank / payments app,45-59,Apply for credit,10
R1400,Public bank,45-59,Open an account,8
R1400,Public bank,45-59,Make a payment,6
R1400,Public bank,45-59,Get support,10
R1400,Public bank,45-59,Apply for credit,4
R1401,Public bank,18-29,Open an account,5
R1401,Public bank,18-29,Make a payment,9
R1401,Public bank,18-29,Get support,10
R1401,Public bank,18-29,Apply for credit,8
R1402,Neobank / payments app,18-29,Open an account,9
R1402,Neobank / payments app,18-29,Make a payment,6
R1402,Neobank / payments app,18-29,Get support,7
R1402,Neobank / payments app,18-29,Apply for credit,8
R1403,Neobank / payments app,18-29,Open an account,8
R1403,Neobank / payments app,18-29,Make a payment,9
R1403,Neobank / payments app,18-29,Get support,4
R1403,Neobank / payments app,18-29,Apply for credit,4
R1404,Public bank,45-59,Open an account,7
R1404,Public bank,45-59,Make a payment,4
R1404,Public bank,45-59,Get support,7
R1404,Public bank,45-59,Apply for credit,10
R1405,Neobank / payments app,18-29,Open an account,10
R1405,Neobank / payments app,18-29,Make a payment,9
R1405,Neobank / payments app,18-29,Get support,4
R1405,Neobank / payments app,18-29,Apply for credit,3
R1406,Neobank / payments app,45-59,Open an account,10
R1406,Neobank / payments app,45-59,Make a payment,10
R1406,Neobank / payments app,45-59,Get support,6
R1406,Neobank / payments app,45-59,Apply for credit,7
R1407,Private bank,45-59,Open an account,6
R1407,Private bank,45-59,Make a payment,9
R1407,Private bank,45-59,Get support,10
R1407,Private bank,45-59,Apply for credit,7
R1408,Neobank / payments app,18-29,Open an account,10
R1408,Neobank / payments app,18-29,Make a payment,9
R1408,Neobank / payments app,18-29,Get support,7
R1408,Neobank / payments app,18-29,Apply for credit,5
R1409,Neobank / payments app,18-29,Open an account,9
R1409,Neobank / payments app,18-29,Make a payment,10
R1409,Neobank / payments app,18-29,Get support,5
R1409,Neobank / payments app,18-29,Apply for credit,7
R1410,Public bank,30-44,Open an account,5
R1410,Public bank,30-44,Make a payment,10
R1410,Public bank,30-44,Get support,7
R1410,Public bank,30-44,Apply for credit,6
R1411,Private bank,30-44,Open an account,8
R1411,Private bank,30-44,Make a payment,9
R1411,Private bank,30-44,Get support,8
R1411,Private bank,30-44,Apply for credit,4
R1412,Private bank,18-29,Open an account,10
R1412,Private bank,18-29,Make a payment,10
R1412,Private bank,18-29,Get support,6
R1412,Private bank,18-29,Apply for credit,6
R1413,Private bank,45-59,Open an account,9
R1413,Private bank,45-59,Make a payment,6
R1413,Private bank,45-59,Get support,7
R1413,Private bank,45-59,Apply for credit,4
R1414,Private bank,18-29,Open an account,7
R1414,Private bank,18-29,Make a payment,7
R1414,Private bank,18-29,Get support,3
R1414,Private bank,18-29,Apply for credit,6
R1415,Public bank,30-44,Open an account,5
R1415,Public bank,30-44,Make a payment,6
R1415,Public bank,30-44,Get support,7
R1415,Public bank,30-44,Apply for credit,7
R1416,Private bank,18-29,Open an account,4
R1416,Private bank,18-29,Make a payment,10
R1416,Private bank,18-29,Get support,2
R1416,Private bank,18-29,Apply for credit,7
R1417,Public bank,30-44,Open an account,8
R1417,Public bank,30-44,Make a payment,7
R1417,Public bank,30-44,Get support,6
R1417,Public bank,30-44,Apply for credit,7
R1418,Public bank,30-44,Open an account,7
R1418,Public bank,30-44,Make a payment,10
R1418,Public bank,30-44,Get support,7
R1418,Public bank,30-44,Apply for credit,7
R1419,Private bank,45-59,Open an account,5
R1419,Private bank,45-59,Make a payment,6
R1419,Private bank,45-59,Get support,2
R1419,Private bank,45-59,Apply for credit,5
R1420,Neobank / payments app,60+,Open an account,8
R1420,Neobank / payments app,60+,Make a payment,7
R1420,Neobank / payments app,60+,Get support,5
R1420,Neobank / payments app,60+,Apply for credit,7
R1421,Public bank,18-29,Open an account,5
R1421,Public bank,18-29,Make a payment,6
R1421,Public bank,18-29,Get support,7
R1421,Public bank,18-29,Apply for credit,9
R1422,Private bank,18-29,Open an account,7
R1422,Private bank,18-29,Make a payment,10
R1422,Private bank,18-29,Get support,8
R1422,Private bank,18-29,Apply for credit,8
R1423,Neobank / payments app,30-44,Open an account,6
R1423,Neobank / payments app,30-44,Make a payment,8
R1423,Neobank / payments app,30-44,Get support,4
R1423,Neobank / payments app,30-44,Apply for credit,7
R1424,Private bank,45-59,Open an account,10
R1424,Private bank,45-59,Make a payment,10
R1424,Private bank,45-59,Get support,3
R1424,Private bank,45-59,Apply for credit,10
R1425,Public bank,18-29,Open an account,6
R1425,Public bank,18-29,Make a payment,7
R1425,Public bank,18-29,Get support,6
R1425,Public bank,18-29,Apply for credit,6
R1426,Public bank,45-59,Open an account,6
R1426,Public bank,45-59,Make a payment,6
R1426,Public bank,45-59,Get support,6
R1426,Public bank,45-59,Apply for credit,4
R1427,Private bank,45-59,Open an account,6
R1427,Private bank,45-59,Make a payment,6
R1427,Private bank,45-59,Get support,10
R1427,Private bank,45-59,Apply for credit,5
R1428,Neobank / payments app,45-59,Open an account,10
R1428,Neobank / payments app,45-59,Make a payment,8
R1428,Neobank / payments app,45-59,Get support,5
R1428,Neobank / payments app,45-59,Apply for credit,9
R1429,Private bank,30-44,Open an account,9
R1429,Private bank,30-44,Make a payment,10
R1429,Private bank,30-44,Get support,8
R1429,Private bank,30-44,Apply for credit,8
R1430,Neobank / payments app,18-29,Open an account,8
R1430,Neobank / payments app,18-29,Make a payment,8
R1430,Neobank / payments app,18-29,Get support,7
R1430,Neobank / payments app,18-29,Apply for credit,10
R1431,Public bank,30-44,Open an account,5
R1431,Public bank,30-44,Make a payment,5
R1431,Public bank,30-44,Get support,6
R1431,Public bank,30-44,Apply for credit,9
R1432,Public bank,45-59,Open an account,4
R1432,Public bank,45-59,Make a payment,8
R1432,Public bank,45-59,Get support,7
R1432,Public bank,45-59,Apply for credit,7
R1433,Private bank,30-44,Open an account,4
R1433,Private bank,30-44,Make a payment,9
R1433,Private bank,30-44,Get support,7
R1433,Private bank,30-44,Apply for credit,10
R1434,Public bank,30-44,Open an account,6
R1434,Public bank,30-44,Make a payment,5
R1434,Public bank,30-44,Get support,7
R1434,Public bank,30-44,Apply for credit,8
R1435,Private bank,30-44,Open an account,6
R1435,Private bank,30-44,Make a payment,5
R1435,Private bank,30-44,Get support,10
R1435,Private bank,30-44,Apply for credit,6
R1436,Neobank / payments app,45-59,Open an account,10
R1436,Neobank / payments app,45-59,Make a payment,8
R1436,Neobank / payments app,45-59,Get support,7
R1436,Neobank / payments app,45-59,Apply for credit,8
R1437,Neobank / payments app,30-44,Open an account,7
R1437,Neobank / payments app,30-44,Make a payment,7
R1437,Neobank / payments app,30-44,Get support,3
R1437,Neobank / payments app,30-44,Apply for credit,10
R1438,Private bank,18-29,Open an account,5
R1438,Private bank,18-29,Make a payment,7
R1438,Private bank,18-29,Get support,10
R1438,Private bank,18-29,Apply for credit,6
R1439,Neobank / payments app,30-44,Open an account,8
R1439,Neobank / payments app,30-44,Make a payment,5
R1439,Neobank / payments app,30-44,Get support,9
R1439,Neobank / payments app,30-44,Apply for credit,7
R1440,Private bank,60+,Open an account,7
R1440,Private bank,60+,Make a payment,10
R1440,Private bank,60+,Get support,7
R1440,Private bank,60+,Apply for credit,7
R1441,Neobank / payments app,18-29,Open an account,8
R1441,Neobank / payments app,18-29,Make a payment,9
R1441,Neobank / payments app,18-29,Get support,5
R1441,Neobank / payments app,18-29,Apply for credit,7
R1442,Private bank,18-29,Open an account,8
R1442,Private bank,18-29,Make a payment,7
R1442,Private bank,18-29,Get support,9
R1442,Private bank,18-29,Apply for credit,10
R1443,Private bank,18-29,Open an account,5
R1443,Private bank,18-29,Make a payment,8
R1443,Private bank,18-29,Get support,10
R1443,Private bank,18-29,Apply for credit,8
R1444,Public bank,18-29,Open an account,8
R1444,Public bank,18-29,Make a payment,7
R1444,Public bank,18-29,Get support,6
R1444,Public bank,18-29,Apply for credit,5
R1445,Private bank,45-59,Open an account,7
R1445,Private bank,45-59,Make a payment,8
R1445,Private bank,45-59,Get support,6
R1445,Private bank,45-59,Apply for credit,9
R1446,Private bank,18-29,Open an account,4
R1446,Private bank,18-29,Make a payment,8
R1446,Private bank,18-29,Get support,8
R1446,Private bank,18-29,Apply for credit,5
R1447,Neobank / payments app,18-29,Open an account,6
R1447,Neobank / payments app,18-29,Make a payment,10
R1447,Neobank / payments app,18-29,Get support,4
R1447,Neobank / payments app,18-29,Apply for credit,4
R1448,Neobank / payments app,30-44,Open an account,9
R1448,Neobank / payments app,30-44,Make a payment,5
R1448,Neobank / payments app,30-44,Get support,7
R1448,Neobank / payments app,30-44,Apply for credit,8
R1449,Neobank / payments app,18-29,Open an account,10
R1449,Neobank / payments app,18-29,Make a payment,8
R1449,Neobank / payments app,18-29,Get support,3
R1449,Neobank / payments app,18-29,Apply for credit,5
R1450,Public bank,30-44,Open an account,8
R1450,Public bank,30-44,Make a payment,8
R1450,Public bank,30-44,Get support,8
R1450,Public bank,30-44,Apply for credit,5
R1451,Neobank / payments app,30-44,Open an account,9
R1451,Neobank / payments app,30-44,Make a payment,10
R1451,Neobank / payments app,30-44,Get support,4
R1451,Neobank / payments app,30-44,Apply for credit,9
R1452,Private bank,30-44,Open an account,8
R1452,Private bank,30-44,Make a payment,7
R1452,Private bank,30-44,Get support,9
R1452,Private bank,30-44,Apply for credit,9
R1453,Public bank,18-29,Open an account,3
R1453,Public bank,18-29,Make a payment,8
R1453,Public bank,18-29,Get support,8
R1453,Public bank,18-29,Apply for credit,8
R1454,Neobank / payments app,45-59,Open an account,10
R1454,Neobank / payments app,45-59,Make a payment,8
R1454,Neobank / payments app,45-59,Get support,1
R1454,Neobank / payments app,45-59,Apply for credit,5
R1455,Neobank / payments app,30-44,Open an account,5
R1455,Neobank / payments app,30-44,Make a payment,8
R1455,Neobank / payments app,30-44,Get support,2
R1455,Neobank / payments app,30-44,Apply for credit,10
R1456,Private bank,18-29,Open an account,6
R1456,Private bank,18-29,Make a payment,10
R1456,Private bank,18-29,Get support,5
R1456,Private bank,18-29,Apply for credit,8
R1457,Private bank,18-29,Open an account,8
R1457,Private bank,18-29,Make a payment,10
R1457,Private bank,18-29,Get support,10
R1457,Private bank,18-29,Apply for credit,8
R1458,Neobank / payments app,18-29,Open an account,10
R1458,Neobank / payments app,18-29,Make a payment,6
R1458,Neobank / payments app,18-29,Get support,7
R1458,Neobank / payments app,18-29,Apply for credit,10
R1459,Neobank / payments app,30-44,Open an account,7
R1459,Neobank / payments app,30-44,Make a payment,4
R1459,Neobank / payments app,30-44,Get support,7
R1459,Neobank / payments app,30-44,Apply for credit,5
R1460,Public bank,18-29,Open an account,8
R1460,Public bank,18-29,Make a payment,6
R1460,Public bank,18-29,Get support,8
R1460,Public bank,18-29,Apply for credit,4
R1461,Neobank / payments app,30-44,Open an account,8
R1461,Neobank / payments app,30-44,Make a payment,6
R1461,Neobank / payments app,30-44,Get support,4
R1461,Neobank / payments app,30-44,Apply for credit,8
R1462,Public bank,60+,Open an account,7
R1462,Public bank,60+,Make a payment,5
R1462,Public bank,60+,Get support,4
R1462,Public bank,60+,Apply for credit,7
R1463,Private bank,30-44,Open an account,3
R1463,Private bank,30-44,Make a payment,10
R1463,Private bank,30-44,Get support,10
R1463,Private bank,30-44,Apply for credit,7
R1464,Neobank / payments app,45-59,Open an account,6
R1464,Neobank / payments app,45-59,Make a payment,9
R1464,Neobank / payments app,45-59,Get support,3
R1464,Neobank / payments app,45-59,Apply for credit,6
R1465,Private bank,45-59,Open an account,8
R1465,Private bank,45-59,Make a payment,8
R1465,Private bank,45-59,Get support,10
R1465,Private bank,45-59,Apply for credit,9
R1466,Public bank,18-29,Open an account,5
R1466,Public bank,18-29,Make a payment,9
R1466,Public bank,18-29,Get support,7
R1466,Public bank,18-29,Apply for credit,8
R1467,Public bank,30-44,Open an account,9
R1467,Public bank,30-44,Make a payment,6
R1467,Public bank,30-44,Get support,6
R1467,Public bank,30-44,Apply for credit,4
R1468,Private bank,45-59,Open an account,10
R1468,Private bank,45-59,Make a payment,7
R1468,Private bank,45-59,Get support,3
R1468,Private bank,45-59,Apply for credit,6
R1469,Neobank / payments app,60+,Open an account,10
R1469,Neobank / payments app,60+,Make a payment,8
R1469,Neobank / payments app,60+,Get support,7
R1469,Neobank / payments app,60+,Apply for credit,5
R1470,Public bank,30-44,Open an account,6
R1470,Public bank,30-44,Make a payment,9
R1470,Public bank,30-44,Get support,4
R1470,Public bank,30-44,Apply for credit,9
R1471,Private bank,60+,Open an account,6
R1471,Private bank,60+,Make a payment,9
R1471,Private bank,60+,Get support,10
R1471,Private bank,60+,Apply for credit,9
R1472,Neobank / payments app,30-44,Open an account,9
R1472,Neobank / payments app,30-44,Make a payment,8
R1472,Neobank / payments app,30-44,Get support,10
R1472,Neobank / payments app,30-44,Apply for credit,5
R1473,Private bank,18-29,Open an account,10
R1473,Private bank,18-29,Make a payment,10
R1473,Private bank,18-29,Get support,9
R1473,Private bank,18-29,Apply for credit,5
R1474,Neobank / payments app,60+,Open an account,8
R1474,Neobank / payments app,60+,Make a payment,5
R1474,Neobank / payments app,60+,Get support,6
R1474,Neobank / payments app,60+,Apply for credit,5
R1475,Neobank / payments app,45-59,Open an account,7
R1475,Neobank / payments app,45-59,Make a payment,10
R1475,Neobank / payments app,45-59,Get support,5
R1475,Neobank / payments app,45-59,Apply for credit,5
R1476,Public bank,30-44,Open an account,6
R1476,Public bank,30-44,Make a payment,6
R1476,Public bank,30-44,Get support,8
R1476,Public bank,30-44,Apply for credit,6
R1477,Private bank,30-44,Open an account,7
R1477,Private bank,30-44,Make a payment,7
R1477,Private bank,30-44,Get support,6
R1477,Private bank,30-44,Apply for credit,5
R1478,Private bank,18-29,Open an account,8
R1478,Private bank,18-29,Make a payment,6
R1478,Private bank,18-29,Get support,7
R1478,Private bank,18-29,Apply for credit,7
R1479,Neobank / payments app,30-44,Open an account,7
R1479,Neobank / payments app,30-44,Make a payment,7
R1479,Neobank / payments app,30-44,Get support,9
R1479,Neobank / payments app,30-44,Apply for credit,6
R1480,Neobank / payments app,18-29,Open an account,10
R1480,Neobank / payments app,18-29,Make a payment,9
R1480,Neobank / payments app,18-29,Get support,4
R1480,Neobank / payments app,18-29,Apply for credit,8
R1481,Neobank / payments app,18-29,Open an account,10
R1481,Neobank / payments app,18-29,Make a payment,9
R1481,Neobank / payments app,18-29,Get support,3
R1481,Neobank / payments app,18-29,Apply for credit,7
R1482,Public bank,30-44,Open an account,9
R1482,Public bank,30-44,Make a payment,8
R1482,Public bank,30-44,Get support,8
R1482,Public bank,30-44,Apply for credit,8
R1483,Neobank / payments app,18-29,Open an account,8
R1483,Neobank / payments app,18-29,Make a payment,7
R1483,Neobank / payments app,18-29,Get support,7
R1483,Neobank / payments app,18-29,Apply for credit,9
R1484,Private bank,18-29,Open an account,7
R1484,Private bank,18-29,Make a payment,10
R1484,Private bank,18-29,Get support,7
R1484,Private bank,18-29,Apply for credit,9
R1485,Private bank,18-29,Open an account,9
R1485,Private bank,18-29,Make a payment,8
R1485,Private bank,18-29,Get support,10
R1485,Private bank,18-29,Apply for credit,8
R1486,Neobank / payments app,18-29,Open an account,10
R1486,Neobank / payments app,18-29,Make a payment,10
R1486,Neobank / payments app,18-29,Get support,6
R1486,Neobank / payments app,18-29,Apply for credit,6
R1487,Public bank,45-59,Open an account,5
R1487,Public bank,45-59,Make a payment,6
R1487,Public bank,45-59,Get support,7
R1487,Public bank,45-59,Apply for credit,8
R1488,Neobank / payments app,30-44,Open an account,10
R1488,Neobank / payments app,30-44,Make a payment,10
R1488,Neobank / payments app,30-44,Get support,7
R1488,Neobank / payments app,30-44,Apply for credit,6
R1489,Private bank,30-44,Open an account,9
R1489,Private bank,30-44,Make a payment,9
R1489,Private bank,30-44,Get support,8
R1489,Private bank,30-44,Apply for credit,10
R1490,Private bank,45-59,Open an account,5
R1490,Private bank,45-59,Make a payment,3
R1490,Private bank,45-59,Get support,4
R1490,Private bank,45-59,Apply for credit,10
R1491,Public bank,18-29,Open an account,7
R1491,Public bank,18-29,Make a payment,10
R1491,Public bank,18-29,Get support,5
R1491,Public bank,18-29,Apply for credit,8
R1492,Public bank,45-59,Open an account,6
R1492,Public bank,45-59,Make a payment,5
R1492,Public bank,45-59,Get support,3
R1492,Public bank,45-59,Apply for credit,5
R1493,Private bank,45-59,Open an account,9
R1493,Private bank,45-59,Make a payment,9
R1493,Private bank,45-59,Get support,10
R1493,Private bank,45-59,Apply for credit,7
R1494,Private bank,60+,Open an account,10
R1494,Private bank,60+,Make a payment,6
R1494,Private bank,60+,Get support,9
R1494,Private bank,60+,Apply for credit,7
R1495,Private bank,60+,Open an account,10
R1495,Private bank,60+,Make a payment,10
R1495,Private bank,60+,Get support,9
R1495,Private bank,60+,Apply for credit,8
R1496,Public bank,30-44,Open an account,5
R1496,Public bank,30-44,Make a payment,6
R1496,Public bank,30-44,Get support,6
R1496,Public bank,30-44,Apply for credit,9
R1497,Private bank,18-29,Open an account,10
R1497,Private bank,18-29,Make a payment,9
R1497,Private bank,18-29,Get support,8
R1497,Private bank,18-29,Apply for credit,4
R1498,Private bank,60+,Open an account,3
R1498,Private bank,60+,Make a payment,9
R1498,Private bank,60+,Get support,7
R1498,Private bank,60+,Apply for credit,7
R1499,Neobank / payments app,60+,Open an account,9
R1499,Neobank / payments app,60+,Make a payment,8
R1499,Neobank / payments app,60+,Get support,5
R1499,Neobank / payments app,60+,Apply for credit,9
R1500,Private bank,18-29,Open an account,7
R1500,Private bank,18-29,Make a payment,4
R1500,Private bank,18-29,Get support,8
R1500,Private bank,18-29,Apply for credit,8
R1501,Public bank,18-29,Open an account,8
R1501,Public bank,18-29,Make a payment,8
R1501,Public bank,18-29,Get support,3
R1501,Public bank,18-29,Apply for credit,5
R1502,Neobank / payments app,18-29,Open an account,7
R1502,Neobank / payments app,18-29,Make a payment,10
R1502,Neobank / payments app,18-29,Get support,6
R1502,Neobank / payments app,18-29,Apply for credit,9
R1503,Private bank,45-59,Open an account,7
R1503,Private bank,45-59,Make a payment,8
R1503,Private bank,45-59,Get support,9
R1503,Private bank,45-59,Apply for credit,6
R1504,Public bank,18-29,Open an account,4
R1504,Public bank,18-29,Make a payment,7
R1504,Public bank,18-29,Get support,6
R1504,Public bank,18-29,Apply for credit,4
R1505,Private bank,45-59,Open an account,8
R1505,Private bank,45-59,Make a payment,9
R1505,Private bank,45-59,Get support,8
R1505,Private bank,45-59,Apply for credit,10
R1506,Private bank,18-29,Open an account,4
R1506,Private bank,18-29,Make a payment,8
R1506,Private bank,18-29,Get support,10
R1506,Private bank,18-29,Apply for credit,10
R1507,Neobank / payments app,30-44,Open an account,8
R1507,Neobank / payments app,30-44,Make a payment,7
R1507,Neobank / payments app,30-44,Get support,7
R1507,Neobank / payments app,30-44,Apply for credit,7
R1508,Private bank,30-44,Open an account,8
R1508,Private bank,30-44,Make a payment,7
R1508,Private bank,30-44,Get support,10
R1508,Private bank,30-44,Apply for credit,3
R1509,Public bank,30-44,Open an account,8
R1509,Public bank,30-44,Make a payment,5
R1509,Public bank,30-44,Get support,2
R1509,Public bank,30-44,Apply for credit,4
R1510,Private bank,45-59,Open an account,6
R1510,Private bank,45-59,Make a payment,6
R1510,Private bank,45-59,Get support,7
R1510,Private bank,45-59,Apply for credit,9
R1511,Private bank,30-44,Open an account,8
R1511,Private bank,30-44,Make a payment,9
R1511,Private bank,30-44,Get support,8
R1511,Private bank,30-44,Apply for credit,10
R1512,Private bank,45-59,Open an account,6
R1512,Private bank,45-59,Make a payment,9
R1512,Private bank,45-59,Get support,6
R1512,Private bank,45-59,Apply for credit,6
R1513,Private bank,45-59,Open an account,10
R1513,Private bank,45-59,Make a payment,9
R1513,Private bank,45-59,Get support,4
R1513,Private bank,45-59,Apply for credit,6
R1514,Neobank / payments app,30-44,Open an account,4
R1514,Neobank / payments app,30-44,Make a payment,7
R1514,Neobank / payments app,30-44,Get support,3
R1514,Neobank / payments app,30-44,Apply for credit,5
R1515,Private bank,45-59,Open an account,8
R1515,Private bank,45-59,Make a payment,9
R1515,Private bank,45-59,Get support,10
R1515,Private bank,45-59,Apply for credit,10
R1516,Public bank,18-29,Open an account,8
R1516,Public bank,18-29,Make a payment,6
R1516,Public bank,18-29,Get support,6
R1516,Public bank,18-29,Apply for credit,8
R1517,Private bank,18-29,Open an account,9
R1517,Private bank,18-29,Make a payment,10
R1517,Private bank,18-29,Get support,7
R1517,Private bank,18-29,Apply for credit,7
R1518,Private bank,30-44,Open an account,3
R1518,Private bank,30-44,Make a payment,6
R1518,Private bank,30-44,Get support,6
R1518,Private bank,30-44,Apply for credit,8
R1519,Private bank,30-44,Open an account,10
R1519,Private bank,30-44,Make a payment,9
R1519,Private bank,30-44,Get support,7
R1519,Private bank,30-44,Apply for credit,10
R1520,Public bank,18-29,Open an account,9
R1520,Public bank,18-29,Make a payment,7
R1520,Public bank,18-29,Get support,7
R1520,Public bank,18-29,Apply for credit,6
R1521,Neobank / payments app,30-44,Open an account,10
R1521,Neobank / payments app,30-44,Make a payment,8
R1521,Neobank / payments app,30-44,Get support,6
R1521,Neobank / payments app,30-44,Apply for credit,9
R1522,Public bank,18-29,Open an account,6
R1522,Public bank,18-29,Make a payment,10
R1522,Public bank,18-29,Get support,6
R1522,Public bank,18-29,Apply for credit,6
R1523,Public bank,45-59,Open an account,10
R1523,Public bank,45-59,Make a payment,7
R1523,Public bank,45-59,Get support,7
R1523,Public bank,45-59,Apply for credit,6
R1524,Neobank / payments app,60+,Open an account,6
R1524,Neobank / payments app,60+,Make a payment,7
R1524,Neobank / payments app,60+,Get support,6
R1524,Neobank / payments app,60+,Apply for credit,6
R1525,Private bank,30-44,Open an account,8
R1525,Private bank,30-44,Make a payment,5
R1525,Private bank,30-44,Get support,6
R1525,Private bank,30-44,Apply for credit,6
R1526,Neobank / payments app,45-59,Open an account,9
R1526,Neobank / payments app,45-59,Make a payment,9
R1526,Neobank / payments app,45-59,Get support,8
R1526,Neobank / payments app,45-59,Apply for credit,10
R1527,Private bank,18-29,Open an account,8
R1527,Private bank,18-29,Make a payment,9
R1527,Private bank,18-29,Get support,9
R1527,Private bank,18-29,Apply for credit,10
R1528,Private bank,30-44,Open an account,7
R1528,Private bank,30-44,Make a payment,7
R1528,Private bank,30-44,Get support,6
R1528,Private bank,30-44,Apply for credit,5
R1529,Private bank,30-44,Open an account,7
R1529,Private bank,30-44,Make a payment,8
R1529,Private bank,30-44,Get support,7
R1529,Private bank,30-44,Apply for credit,10
R1530,Private bank,30-44,Open an account,8
R1530,Private bank,30-44,Make a payment,7
R1530,Private bank,30-44,Get support,9
R1530,Private bank,30-44,Apply for credit,9
R1531,Private bank,60+,Open an account,6
R1531,Private bank,60+,Make a payment,9
R1531,Private bank,60+,Get support,9
R1531,Private bank,60+,Apply for credit,8
R1532,Private bank,60+,Open an account,9
R1532,Private bank,60+,Make a payment,6
R1532,Private bank,60+,Get support,5
R1532,Private bank,60+,Apply for credit,8
R1533,Neobank / payments app,18-29,Open an account,10
R1533,Neobank / payments app,18-29,Make a payment,10
R1533,Neobank / payments app,18-29,Get support,10
R1533,Neobank / payments app,18-29,Apply for credit,7
R1534,Public bank,30-44,Open an account,6
R1534,Public bank,30-44,Make a payment,6
R1534,Public bank,30-44,Get support,7
R1534,Public bank,30-44,Apply for credit,4
R1535,Neobank / payments app,30-44,Open an account,7
R1535,Neobank / payments app,30-44,Make a payment,6
R1535,Neobank / payments app,30-44,Get support,8
R1535,Neobank / payments app,30-44,Apply for credit,9
R1536,Private bank,30-44,Open an account,5
R1536,Private bank,30-44,Make a payment,7
R1536,Private bank,30-44,Get support,6
R1536,Private bank,30-44,Apply for credit,7
R1537,Neobank / payments app,18-29,Open an account,8
R1537,Neobank / payments app,18-29,Make a payment,9
R1537,Neobank / payments app,18-29,Get support,9
R1537,Neobank / payments app,18-29,Apply for credit,8
R1538,Neobank / payments app,45-59,Open an account,6
R1538,Neobank / payments app,45-59,Make a payment,9
R1538,Neobank / payments app,45-59,Get support,4
R1538,Neobank / payments app,45-59,Apply for credit,8
R1539,Private bank,18-29,Open an account,5
R1539,Private bank,18-29,Make a payment,6
R1539,Private bank,18-29,Get support,7
R1539,Private bank,18-29,Apply for credit,6
R1540,Neobank / payments app,30-44,Open an account,9
R1540,Neobank / payments app,30-44,Make a payment,10
R1540,Neobank / payments app,30-44,Get support,7
R1540,Neobank / payments app,30-44,Apply for credit,10
R1541,Private bank,30-44,Open an account,6
R1541,Private bank,30-44,Make a payment,10
R1541,Private bank,30-44,Get support,10
R1541,Private bank,30-44,Apply for credit,9
R1542,Neobank / payments app,30-44,Open an account,7
R1542,Neobank / payments app,30-44,Make a payment,10
R1542,Neobank / payments app,30-44,Get support,7
R1542,Neobank / payments app,30-44,Apply for credit,10
R1543,Neobank / payments app,30-44,Open an account,6
R1543,Neobank / payments app,30-44,Make a payment,8
R1543,Neobank / payments app,30-44,Get support,5
R1543,Neobank / payments app,30-44,Apply for credit,8
R1544,Private bank,45-59,Open an account,9
R1544,Private bank,45-59,Make a payment,6
R1544,Private bank,45-59,Get support,9
R1544,Private bank,45-59,Apply for credit,5
R1545,Private bank,18-29,Open an account,6
R1545,Private bank,18-29,Make a payment,8
R1545,Private bank,18-29,Get support,8
R1545,Private bank,18-29,Apply for credit,5
R1546,Neobank / payments app,60+,Open an account,8
R1546,Neobank / payments app,60+,Make a payment,6
R1546,Neobank / payments app,60+,Get support,3
R1546,Neobank / payments app,60+,Apply for credit,9
R1547,Neobank / payments app,60+,Open an account,10
R1547,Neobank / payments app,60+,Make a payment,6
R1547,Neobank / payments app,60+,Get support,6
R1547,Neobank / payments app,60+,Apply for credit,8
R1548,Private bank,45-59,Open an account,5
R1548,Private bank,45-59,Make a payment,9
R1548,Private bank,45-59,Get support,10
R1548,Private bank,45-59,Apply for credit,10
R1549,Private bank,18-29,Open an account,7
R1549,Private bank,18-29,Make a payment,10
R1549,Private bank,18-29,Get support,7
R1549,Private bank,18-29,Apply for credit,9
R1550,Private bank,45-59,Open an account,9
R1550,Private bank,45-59,Make a payment,8
R1550,Private bank,45-59,Get support,7
R1550,Private bank,45-59,Apply for credit,7
R1551,Neobank / payments app,60+,Open an account,9
R1551,Neobank / payments app,60+,Make a payment,8
R1551,Neobank / payments app,60+,Get support,3
R1551,Neobank / payments app,60+,Apply for credit,7
R1552,Private bank,18-29,Open an account,4
R1552,Private bank,18-29,Make a payment,9
R1552,Private bank,18-29,Get support,7
R1552,Private bank,18-29,Apply for credit,9
R1553,Neobank / payments app,30-44,Open an account,10
R1553,Neobank / payments app,30-44,Make a payment,10
R1553,Neobank / payments app,30-44,Get support,7
R1553,Neobank / payments app,30-44,Apply for credit,10
R1554,Private bank,18-29,Open an account,6
R1554,Private bank,18-29,Make a payment,7
R1554,Private bank,18-29,Get support,6
R1554,Private bank,18-29,Apply for credit,10
R1555,Neobank / payments app,30-44,Open an account,10
R1555,Neobank / payments app,30-44,Make a payment,10
R1555,Neobank / payments app,30-44,Get support,6
R1555,Neobank / payments app,30-44,Apply for credit,6
R1556,Private bank,18-29,Open an account,10
R1556,Private bank,18-29,Make a payment,9
R1556,Private bank,18-29,Get support,8
R1556,Private bank,18-29,Apply for credit,10
R1557,Neobank / payments app,18-29,Open an account,8
R1557,Neobank / payments app,18-29,Make a payment,10
R1557,Neobank / payments app,18-29,Get support,5
R1557,Neobank / payments app,18-29,Apply for credit,9
R1558,Public bank,60+,Open an account,7
R1558,Public bank,60+,Make a payment,4
R1558,Public bank,60+,Get support,9
R1558,Public bank,60+,Apply for credit,4
R1559,Private bank,30-44,Open an account,5
R1559,Private bank,30-44,Make a payment,8
R1559,Private bank,30-44,Get support,5
R1559,Private bank,30-44,Apply for credit,6
R1560,Private bank,18-29,Open an account,8
R1560,Private bank,18-29,Make a payment,9
R1560,Private bank,18-29,Get support,5
R1560,Private bank,18-29,Apply for credit,7
R1561,Neobank / payments app,30-44,Open an account,8
R1561,Neobank / payments app,30-44,Make a payment,6
R1561,Neobank / payments app,30-44,Get support,7
R1561,Neobank / payments app,30-44,Apply for credit,8
R1562,Neobank / payments app,18-29,Open an account,10
R1562,Neobank / payments app,18-29,Make a payment,8
R1562,Neobank / payments app,18-29,Get support,7
R1562,Neobank / payments app,18-29,Apply for credit,6
R1563,Neobank / payments app,30-44,Open an account,8
R1563,Neobank / payments app,30-44,Make a payment,9
R1563,Neobank / payments app,30-44,Get support,4
R1563,Neobank / payments app,30-44,Apply for credit,7
R1564,Public bank,18-29,Open an account,6
R1564,Public bank,18-29,Make a payment,8
R1564,Public bank,18-29,Get support,7
R1564,Public bank,18-29,Apply for credit,6
R1565,Public bank,30-44,Open an account,5
R1565,Public bank,30-44,Make a payment,7
R1565,Public bank,30-44,Get support,5
R1565,Public bank,30-44,Apply for credit,2
R1566,Private bank,18-29,Open an account,7
R1566,Private bank,18-29,Make a payment,3
R1566,Private bank,18-29,Get support,8
R1566,Private bank,18-29,Apply for credit,8
R1567,Neobank / payments app,30-44,Open an account,10
R1567,Neobank / payments app,30-44,Make a payment,9
R1567,Neobank / payments app,30-44,Get support,7
R1567,Neobank / payments app,30-44,Apply for credit,10
R1568,Private bank,30-44,Open an account,6
R1568,Private bank,30-44,Make a payment,10
R1568,Private bank,30-44,Get support,5
R1568,Private bank,30-44,Apply for credit,6
R1569,Public bank,18-29,Open an account,7
R1569,Public bank,18-29,Make a payment,10
R1569,Public bank,18-29,Get support,5
R1569,Public bank,18-29,Apply for credit,7
R1570,Neobank / payments app,30-44,Open an account,8
R1570,Neobank / payments app,30-44,Make a payment,10
R1570,Neobank / payments app,30-44,Get support,6
R1570,Neobank / payments app,30-44,Apply for credit,9
R1571,Neobank / payments app,30-44,Open an account,5
R1571,Neobank / payments app,30-44,Make a payment,10
R1571,Neobank / payments app,30-44,Get support,2
R1571,Neobank / payments app,30-44,Apply for credit,7
R1572,Neobank / payments app,30-44,Open an account,10
R1572,Neobank / payments app,30-44,Make a payment,10
R1572,Neobank / payments app,30-44,Get support,7
R1572,Neobank / payments app,30-44,Apply for credit,8
R1573,Neobank / payments app,60+,Open an account,8
R1573,Neobank / payments app,60+,Make a payment,7
R1573,Neobank / payments app,60+,Get support,9
R1573,Neobank / payments app,60+,Apply for credit,6
R1574,Private bank,18-29,Open an account,10
R1574,Private bank,18-29,Make a payment,6
R1574,Private bank,18-29,Get support,7
R1574,Private bank,18-29,Apply for credit,8
R1575,Private bank,45-59,Open an account,9
R1575,Private bank,45-59,Make a payment,8
R1575,Private bank,45-59,Get support,9
R1575,Private bank,45-59,Apply for credit,10
R1576,Private bank,60+,Open an account,7
R1576,Private bank,60+,Make a payment,10
R1576,Private bank,60+,Get support,9
R1576,Private bank,60+,Apply for credit,8
R1577,Neobank / payments app,30-44,Open an account,5
R1577,Neobank / payments app,30-44,Make a payment,9
R1577,Neobank / payments app,30-44,Get support,5
R1577,Neobank / payments app,30-44,Apply for credit,8
R1578,Private bank,30-44,Open an account,7
R1578,Private bank,30-44,Make a payment,9
R1578,Private bank,30-44,Get support,7
R1578,Private bank,30-44,Apply for credit,9
R1579,Private bank,18-29,Open an account,7
R1579,Private bank,18-29,Make a payment,6
R1579,Private bank,18-29,Get support,6
R1579,Private bank,18-29,Apply for credit,6
R1580,Private bank,45-59,Open an account,7
R1580,Private bank,45-59,Make a payment,9
R1580,Private bank,45-59,Get support,4
R1580,Private bank,45-59,Apply for credit,8
R1581,Private bank,30-44,Open an account,8
R1581,Private bank,30-44,Make a payment,6
R1581,Private bank,30-44,Get support,8
R1581,Private bank,30-44,Apply for credit,10
R1582,Private bank,18-29,Open an account,7
R1582,Private bank,18-29,Make a payment,6
R1582,Private bank,18-29,Get support,6
R1582,Private bank,18-29,Apply for credit,8
R1583,Neobank / payments app,18-29,Open an account,10
R1583,Neobank / payments app,18-29,Make a payment,10
R1583,Neobank / payments app,18-29,Get support,8
R1583,Neobank / payments app,18-29,Apply for credit,10
R1584,Private bank,18-29,Open an account,10
R1584,Private bank,18-29,Make a payment,10
R1584,Private bank,18-29,Get support,8
R1584,Private bank,18-29,Apply for credit,8
R1585,Private bank,30-44,Open an account,7
R1585,Private bank,30-44,Make a payment,10
R1585,Private bank,30-44,Get support,6
R1585,Private bank,30-44,Apply for credit,5
R1586,Neobank / payments app,18-29,Open an account,8
R1586,Neobank / payments app,18-29,Make a payment,8
R1586,Neobank / payments app,18-29,Get support,7
R1586,Neobank / payments app,18-29,Apply for credit,7
R1587,Neobank / payments app,18-29,Open an account,10
R1587,Neobank / payments app,18-29,Make a payment,8
R1587,Neobank / payments app,18-29,Get support,10
R1587,Neobank / payments app,18-29,Apply for credit,8
R1588,Neobank / payments app,18-29,Open an account,10
R1588,Neobank / payments app,18-29,Make a payment,7
R1588,Neobank / payments app,18-29,Get support,9
R1588,Neobank / payments app,18-29,Apply for credit,8
R1589,Private bank,18-29,Open an account,7
R1589,Private bank,18-29,Make a payment,6
R1589,Private bank,18-29,Get support,10
R1589,Private bank,18-29,Apply for credit,6
R1590,Neobank / payments app,30-44,Open an account,4
R1590,Neobank / payments app,30-44,Make a payment,8
R1590,Neobank / payments app,30-44,Get support,4
R1590,Neobank / payments app,30-44,Apply for credit,10
R1591,Neobank / payments app,18-29,Open an account,8
R1591,Neobank / payments app,18-29,Make a payment,10
R1591,Neobank / payments app,18-29,Get support,4
R1591,Neobank / payments app,18-29,Apply for credit,10
R1592,Private bank,60+,Open an account,8
R1592,Private bank,60+,Make a payment,10
R1592,Private bank,60+,Get support,5
R1592,Private bank,60+,Apply for credit,10
R1593,Private bank,30-44,Open an account,10
R1593,Private bank,30-44,Make a payment,10
R1593,Private bank,30-44,Get support,6
R1593,Private bank,30-44,Apply for credit,7
R1594,Private bank,30-44,Open an account,5
R1594,Private bank,30-44,Make a payment,7
R1594,Private bank,30-44,Get support,6
R1594,Private bank,30-44,Apply for credit,10
R1595,Private bank,18-29,Open an account,9
R1595,Private bank,18-29,Make a payment,9
R1595,Private bank,18-29,Get support,9
R1595,Private bank,18-29,Apply for credit,5
R1596,Neobank / payments app,45-59,Open an account,10
R1596,Neobank / payments app,45-59,Make a payment,9
R1596,Neobank / payments app,45-59,Get support,5
R1596,Neobank / payments app,45-59,Apply for credit,10
R1597,Private bank,30-44,Open an account,8
R1597,Private bank,30-44,Make a payment,7
R1597,Private bank,30-44,Get support,6
R1597,Private bank,30-44,Apply for credit,8
R1598,Public bank,45-59,Open an account,8
R1598,Public bank,45-59,Make a payment,9
R1598,Public bank,45-59,Get support,5
R1598,Public bank,45-59,Apply for credit,7
R1599,Private bank,18-29,Open an account,6
R1599,Private bank,18-29,Make a payment,10
R1599,Private bank,18-29,Get support,6
R1599,Private bank,18-29,Apply for credit,8
R1600,Public bank,30-44,Open an account,5
R1600,Public bank,30-44,Make a payment,8
R1600,Public bank,30-44,Get support,6
R1600,Public bank,30-44,Apply for credit,4
R1601,Private bank,30-44,Open an account,8
R1601,Private bank,30-44,Make a payment,6
R1601,Private bank,30-44,Get support,6
R1601,Private bank,30-44,Apply for credit,10
R1602,Neobank / payments app,60+,Open an account,7
R1602,Neobank / payments app,60+,Make a payment,7
R1602,Neobank / payments app,60+,Get support,8
R1602,Neobank / payments app,60+,Apply for credit,9
R1603,Neobank / payments app,60+,Open an account,7
R1603,Neobank / payments app,60+,Make a payment,10
R1603,Neobank / payments app,60+,Get support,5
R1603,Neobank / payments app,60+,Apply for credit,7
R1604,Neobank / payments app,18-29,Open an account,8
R1604,Neobank / payments app,18-29,Make a payment,10
R1604,Neobank / payments app,18-29,Get support,6
R1604,Neobank / payments app,18-29,Apply for credit,6
R1605,Neobank / payments app,30-44,Open an account,6
R1605,Neobank / payments app,30-44,Make a payment,10
R1605,Neobank / payments app,30-44,Get support,6
R1605,Neobank / payments app,30-44,Apply for credit,6
R1606,Private bank,30-44,Open an account,7
R1606,Private bank,30-44,Make a payment,9
R1606,Private bank,30-44,Get support,5
R1606,Private bank,30-44,Apply for credit,6
R1607,Private bank,30-44,Open an account,7
R1607,Private bank,30-44,Make a payment,7
R1607,Private bank,30-44,Get support,7
R1607,Private bank,30-44,Apply for credit,8
R1608,Private bank,45-59,Open an account,8
R1608,Private bank,45-59,Make a payment,4
R1608,Private bank,45-59,Get support,7
R1608,Private bank,45-59,Apply for credit,8
R1609,Neobank / payments app,18-29,Open an account,5
R1609,Neobank / payments app,18-29,Make a payment,10
R1609,Neobank / payments app,18-29,Get support,8
R1609,Neobank / payments app,18-29,Apply for credit,7
R1610,Neobank / payments app,45-59,Open an account,6
R1610,Neobank / payments app,45-59,Make a payment,10
R1610,Neobank / payments app,45-59,Get support,5
R1610,Neobank / payments app,45-59,Apply for credit,8
R1611,Private bank,30-44,Open an account,5
R1611,Private bank,30-44,Make a payment,10
R1611,Private bank,30-44,Get support,8
R1611,Private bank,30-44,Apply for credit,6
R1612,Private bank,60+,Open an account,7
R1612,Private bank,60+,Make a payment,7
R1612,Private bank,60+,Get support,6
R1612,Private bank,60+,Apply for credit,10
R1613,Neobank / payments app,18-29,Open an account,10
R1613,Neobank / payments app,18-29,Make a payment,9
R1613,Neobank / payments app,18-29,Get support,8
R1613,Neobank / payments app,18-29,Apply for credit,5
R1614,Neobank / payments app,18-29,Open an account,9
R1614,Neobank / payments app,18-29,Make a payment,10
R1614,Neobank / payments app,18-29,Get support,5
R1614,Neobank / payments app,18-29,Apply for credit,7
R1615,Private bank,18-29,Open an account,10
R1615,Private bank,18-29,Make a payment,7
R1615,Private bank,18-29,Get support,9
R1615,Private bank,18-29,Apply for credit,10
R1616,Neobank / payments app,18-29,Open an account,8
R1616,Neobank / payments app,18-29,Make a payment,10
R1616,Neobank / payments app,18-29,Get support,5
R1616,Neobank / payments app,18-29,Apply for credit,6
R1617,Private bank,30-44,Open an account,5
R1617,Private bank,30-44,Make a payment,10
R1617,Private bank,30-44,Get support,8
R1617,Private bank,30-44,Apply for credit,2
R1618,Neobank / payments app,30-44,Open an account,10
R1618,Neobank / payments app,30-44,Make a payment,10
R1618,Neobank / payments app,30-44,Get support,7
R1618,Neobank / payments app,30-44,Apply for credit,9
R1619,Private bank,30-44,Open an account,10
R1619,Private bank,30-44,Make a payment,9
R1619,Private bank,30-44,Get support,4
R1619,Private bank,30-44,Apply for credit,10
R1620,Private bank,18-29,Open an account,10
R1620,Private bank,18-29,Make a payment,10
R1620,Private bank,18-29,Get support,7
R1620,Private bank,18-29,Apply for credit,8
R1621,Private bank,30-44,Open an account,6
R1621,Private bank,30-44,Make a payment,10
R1621,Private bank,30-44,Get support,7
R1621,Private bank,30-44,Apply for credit,9
R1622,Public bank,18-29,Open an account,5
R1622,Public bank,18-29,Make a payment,7
R1622,Public bank,18-29,Get support,10
R1622,Public bank,18-29,Apply for credit,8
R1623,Public bank,30-44,Open an account,7
R1623,Public bank,30-44,Make a payment,7
R1623,Public bank,30-44,Get support,7
R1623,Public bank,30-44,Apply for credit,4
R1624,Public bank,18-29,Open an account,7
R1624,Public bank,18-29,Make a payment,7
R1624,Public bank,18-29,Get support,7
R1624,Public bank,18-29,Apply for credit,7
R1625,Private bank,60+,Open an account,9
R1625,Private bank,60+,Make a payment,8
R1625,Private bank,60+,Get support,6
R1625,Private bank,60+,Apply for credit,7
R1626,Neobank / payments app,18-29,Open an account,10
R1626,Neobank / payments app,18-29,Make a payment,10
R1626,Neobank / payments app,18-29,Get support,6
R1626,Neobank / payments app,18-29,Apply for credit,5
R1627,Private bank,30-44,Open an account,4
R1627,Private bank,30-44,Make a payment,8
R1627,Private bank,30-44,Get support,9
R1627,Private bank,30-44,Apply for credit,9
R1628,Private bank,18-29,Open an account,8
R1628,Private bank,18-29,Make a payment,5
R1628,Private bank,18-29,Get support,9
R1628,Private bank,18-29,Apply for credit,5
R1629,Private bank,45-59,Open an account,6
R1629,Private bank,45-59,Make a payment,5
R1629,Private bank,45-59,Get support,8
R1629,Private bank,45-59,Apply for credit,10
R1630,Neobank / payments app,18-29,Open an account,6
R1630,Neobank / payments app,18-29,Make a payment,8
R1630,Neobank / payments app,18-29,Get support,6
R1630,Neobank / payments app,18-29,Apply for credit,7
R1631,Private bank,30-44,Open an account,6
R1631,Private bank,30-44,Make a payment,10
R1631,Private bank,30-44,Get support,10
R1631,Private bank,30-44,Apply for credit,4
R1632,Neobank / payments app,45-59,Open an account,7
R1632,Neobank / payments app,45-59,Make a payment,10
R1632,Neobank / payments app,45-59,Get support,9
R1632,Neobank / payments app,45-59,Apply for credit,7
R1633,Public bank,18-29,Open an account,4
R1633,Public bank,18-29,Make a payment,7
R1633,Public bank,18-29,Get support,5
R1633,Public bank,18-29,Apply for credit,7
R1634,Neobank / payments app,45-59,Open an account,10
R1634,Neobank / payments app,45-59,Make a payment,10
R1634,Neobank / payments app,45-59,Get support,9
R1634,Neobank / payments app,45-59,Apply for credit,10
R1635,Private bank,30-44,Open an account,9
R1635,Private bank,30-44,Make a payment,6
R1635,Private bank,30-44,Get support,8
R1635,Private bank,30-44,Apply for credit,7
R1636,Private bank,18-29,Open an account,8
R1636,Private bank,18-29,Make a payment,7
R1636,Private bank,18-29,Get support,7
R1636,Private bank,18-29,Apply for credit,7
R1637,Neobank / payments app,45-59,Open an account,9
R1637,Neobank / payments app,45-59,Make a payment,8
R1637,Neobank / payments app,45-59,Get support,6
R1637,Neobank / payments app,45-59,Apply for credit,8
R1638,Public bank,30-44,Open an account,3
R1638,Public bank,30-44,Make a payment,10
R1638,Public bank,30-44,Get support,8
R1638,Public bank,30-44,Apply for credit,4
R1639,Private bank,30-44,Open an account,9
R1639,Private bank,30-44,Make a payment,7
R1639,Private bank,30-44,Get support,6
R1639,Private bank,30-44,Apply for credit,6
R1640,Private bank,18-29,Open an account,7
R1640,Private bank,18-29,Make a payment,9
R1640,Private bank,18-29,Get support,9
R1640,Private bank,18-29,Apply for credit,5
R1641,Private bank,45-59,Open an account,7
R1641,Private bank,45-59,Make a payment,10
R1641,Private bank,45-59,Get support,9
R1641,Private bank,45-59,Apply for credit,5
R1642,Private bank,18-29,Open an account,6
R1642,Private bank,18-29,Make a payment,7
R1642,Private bank,18-29,Get support,9
R1642,Private bank,18-29,Apply for credit,8
R1643,Private bank,60+,Open an account,10
R1643,Private bank,60+,Make a payment,8
R1643,Private bank,60+,Get support,8
R1643,Private bank,60+,Apply for credit,6
R1644,Public bank,18-29,Open an account,0
R1644,Public bank,18-29,Make a payment,7
R1644,Public bank,18-29,Get support,5
R1644,Public bank,18-29,Apply for credit,4
R1645,Neobank / payments app,18-29,Open an account,8
R1645,Neobank / payments app,18-29,Make a payment,7
R1645,Neobank / payments app,18-29,Get support,6
R1645,Neobank / payments app,18-29,Apply for credit,10
R1646,Neobank / payments app,60+,Open an account,8
R1646,Neobank / payments app,60+,Make a payment,9
R1646,Neobank / payments app,60+,Get support,6
R1646,Neobank / payments app,60+,Apply for credit,9
R1647,Public bank,18-29,Open an account,6
R1647,Public bank,18-29,Make a payment,8
R1647,Public bank,18-29,Get support,4
R1647,Public bank,18-29,Apply for credit,3
R1648,Neobank / payments app,45-59,Open an account,7
R1648,Neobank / payments app,45-59,Make a payment,5
R1648,Neobank / payments app,45-59,Get support,8
R1648,Neobank / payments app,45-59,Apply for credit,9
R1649,Neobank / payments app,18-29,Open an account,9
R1649,Neobank / payments app,18-29,Make a payment,10
R1649,Neobank / payments app,18-29,Get support,6
R1649,Neobank / payments app,18-29,Apply for credit,7
R1650,Neobank / payments app,45-59,Open an account,7
R1650,Neobank / payments app,45-59,Make a payment,9
R1650,Neobank / payments app,45-59,Get support,3
R1650,Neobank / payments app,45-59,Apply for credit,5
R1651,Public bank,45-59,Open an account,5
R1651,Public bank,45-59,Make a payment,7
R1651,Public bank,45-59,Get support,4
R1651,Public bank,45-59,Apply for credit,6
R1652,Neobank / payments app,45-59,Open an account,5
R1652,Neobank / payments app,45-59,Make a payment,9
R1652,Neobank / payments app,45-59,Get support,7
R1652,Neobank / payments app,45-59,Apply for credit,6
R1653,Neobank / payments app,18-29,Open an account,8
R1653,Neobank / payments app,18-29,Make a payment,8
R1653,Neobank / payments app,18-29,Get support,5
R1653,Neobank / payments app,18-29,Apply for credit,8
R1654,Private bank,18-29,Open an account,5
R1654,Private bank,18-29,Make a payment,7
R1654,Private bank,18-29,Get support,9
R1654,Private bank,18-29,Apply for credit,7
R1655,Public bank,30-44,Open an account,8
R1655,Public bank,30-44,Make a payment,4
R1655,Public bank,30-44,Get support,6
R1655,Public bank,30-44,Apply for credit,10
R1656,Neobank / payments app,30-44,Open an account,10
R1656,Neobank / payments app,30-44,Make a payment,8
R1656,Neobank / payments app,30-44,Get support,6
R1656,Neobank / payments app,30-44,Apply for credit,10
R1657,Private bank,30-44,Open an account,7
R1657,Private bank,30-44,Make a payment,10
R1657,Private bank,30-44,Get support,6
R1657,Private bank,30-44,Apply for credit,6
R1658,Private bank,18-29,Open an account,8
R1658,Private bank,18-29,Make a payment,9
R1658,Private bank,18-29,Get support,9
R1658,Private bank,18-29,Apply for credit,5
R1659,Neobank / payments app,18-29,Open an account,9
R1659,Neobank / payments app,18-29,Make a payment,10
R1659,Neobank / payments app,18-29,Get support,5
R1659,Neobank / payments app,18-29,Apply for credit,8
R1660,Public bank,60+,Open an account,6
R1660,Public bank,60+,Make a payment,5
R1660,Public bank,60+,Get support,9
R1660,Public bank,60+,Apply for credit,5
R1661,Public bank,30-44,Open an account,8
R1661,Public bank,30-44,Make a payment,9
R1661,Public bank,30-44,Get support,6
R1661,Public bank,30-44,Apply for credit,5
R1662,Public bank,45-59,Open an account,8
R1662,Public bank,45-59,Make a payment,7
R1662,Public bank,45-59,Get support,4
R1662,Public bank,45-59,Apply for credit,4
R1663,Private bank,45-59,Open an account,8
R1663,Private bank,45-59,Make a payment,10
R1663,Private bank,45-59,Get support,8
R1663,Private bank,45-59,Apply for credit,8
R1664,Private bank,30-44,Open an account,7
R1664,Private bank,30-44,Make a payment,8
R1664,Private bank,30-44,Get support,9
R1664,Private bank,30-44,Apply for credit,9
R1665,Neobank / payments app,30-44,Open an account,7
R1665,Neobank / payments app,30-44,Make a payment,9
R1665,Neobank / payments app,30-44,Get support,6
R1665,Neobank / payments app,30-44,Apply for credit,8
R1666,Public bank,45-59,Open an account,6
R1666,Public bank,45-59,Make a payment,8
R1666,Public bank,45-59,Get support,4
R1666,Public bank,45-59,Apply for credit,6
R1667,Private bank,18-29,Open an account,8
R1667,Private bank,18-29,Make a payment,10
R1667,Private bank,18-29,Get support,6
R1667,Private bank,18-29,Apply for credit,5
R1668,Public bank,30-44,Open an account,8
R1668,Public bank,30-44,Make a payment,9
R1668,Public bank,30-44,Get support,9
R1668,Public bank,30-44,Apply for credit,6
R1669,Neobank / payments app,18-29,Open an account,8
R1669,Neobank / payments app,18-29,Make a payment,10
R1669,Neobank / payments app,18-29,Get support,6
R1669,Neobank / payments app,18-29,Apply for credit,8
R1670,Private bank,18-29,Open an account,8
R1670,Private bank,18-29,Make a payment,9
R1670,Private bank,18-29,Get support,5
R1670,Private bank,18-29,Apply for credit,8
R1671,Public bank,18-29,Open an account,9
R1671,Public bank,18-29,Make a payment,9
R1671,Public bank,18-29,Get support,7
R1671,Public bank,18-29,Apply for credit,6
R1672,Public bank,18-29,Open an account,8
R1672,Public bank,18-29,Make a payment,8
R1672,Public bank,18-29,Get support,2
R1672,Public bank,18-29,Apply for credit,6
R1673,Neobank / payments app,18-29,Open an account,5
R1673,Neobank / payments app,18-29,Make a payment,10
R1673,Neobank / payments app,18-29,Get support,10
R1673,Neobank / payments app,18-29,Apply for credit,4
R1674,Public bank,30-44,Open an account,5
R1674,Public bank,30-44,Make a payment,10
R1674,Public bank,30-44,Get support,6
R1674,Public bank,30-44,Apply for credit,2
R1675,Neobank / payments app,45-59,Open an account,9
R1675,Neobank / payments app,45-59,Make a payment,10
R1675,Neobank / payments app,45-59,Get support,8
R1675,Neobank / payments app,45-59,Apply for credit,10
R1676,Public bank,30-44,Open an account,4
R1676,Public bank,30-44,Make a payment,8
R1676,Public bank,30-44,Get support,8
R1676,Public bank,30-44,Apply for credit,5
R1677,Neobank / payments app,30-44,Open an account,6
R1677,Neobank / payments app,30-44,Make a payment,10
R1677,Neobank / payments app,30-44,Get support,7
R1677,Neobank / payments app,30-44,Apply for credit,7
R1678,Private bank,30-44,Open an account,9
R1678,Private bank,30-44,Make a payment,10
R1678,Private bank,30-44,Get support,9
R1678,Private bank,30-44,Apply for credit,8
R1679,Neobank / payments app,18-29,Open an account,10
R1679,Neobank / payments app,18-29,Make a payment,9
R1679,Neobank / payments app,18-29,Get support,6
R1679,Neobank / payments app,18-29,Apply for credit,7
R1680,Public bank,30-44,Open an account,10
R1680,Public bank,30-44,Make a payment,6
R1680,Public bank,30-44,Get support,2
R1680,Public bank,30-44,Apply for credit,8
R1681,Private bank,60+,Open an account,9
R1681,Private bank,60+,Make a payment,10
R1681,Private bank,60+,Get support,8
R1681,Private bank,60+,Apply for credit,7
R1682,Public bank,18-29,Open an account,3
R1682,Public bank,18-29,Make a payment,9
R1682,Public bank,18-29,Get support,6
R1682,Public bank,18-29,Apply for credit,6
R1683,Private bank,30-44,Open an account,8
R1683,Private bank,30-44,Make a payment,6
R1683,Private bank,30-44,Get support,9
R1683,Private bank,30-44,Apply for credit,9
R1684,Private bank,45-59,Open an account,6
R1684,Private bank,45-59,Make a payment,3
R1684,Private bank,45-59,Get support,5
R1684,Private bank,45-59,Apply for credit,8
R1685,Private bank,30-44,Open an account,6
R1685,Private bank,30-44,Make a payment,10
R1685,Private bank,30-44,Get support,10
R1685,Private bank,30-44,Apply for credit,7
R1686,Neobank / payments app,18-29,Open an account,10
R1686,Neobank / payments app,18-29,Make a payment,10
R1686,Neobank / payments app,18-29,Get support,6
R1686,Neobank / payments app,18-29,Apply for credit,7
R1687,Public bank,30-44,Open an account,4
R1687,Public bank,30-44,Make a payment,7
R1687,Public bank,30-44,Get support,6
R1687,Public bank,30-44,Apply for credit,4
R1688,Neobank / payments app,18-29,Open an account,10
R1688,Neobank / payments app,18-29,Make a payment,8
R1688,Neobank / payments app,18-29,Get support,7
R1688,Neobank / payments app,18-29,Apply for credit,9
R1689,Private bank,60+,Open an account,6
R1689,Private bank,60+,Make a payment,10
R1689,Private bank,60+,Get support,10
R1689,Private bank,60+,Apply for credit,7
R1690,Private bank,18-29,Open an account,8
R1690,Private bank,18-29,Make a payment,10
R1690,Private bank,18-29,Get support,5
R1690,Private bank,18-29,Apply for credit,10
R1691,Private bank,45-59,Open an account,10
R1691,Private bank,45-59,Make a payment,4
R1691,Private bank,45-59,Get support,6
R1691,Private bank,45-59,Apply for credit,10
R1692,Private bank,30-44,Open an account,5
R1692,Private bank,30-44,Make a payment,10
R1692,Private bank,30-44,Get support,6
R1692,Private bank,30-44,Apply for credit,7
R1693,Private bank,30-44,Open an account,7
R1693,Private bank,30-44,Make a payment,7
R1693,Private bank,30-44,Get support,7
R1693,Private bank,30-44,Apply for credit,5
R1694,Private bank,18-29,Open an account,7
R1694,Private bank,18-29,Make a payment,7
R1694,Private bank,18-29,Get support,8
R1694,Private bank,18-29,Apply for credit,6
R1695,Public bank,18-29,Open an account,6
R1695,Public bank,18-29,Make a payment,6
R1695,Public bank,18-29,Get support,3
R1695,Public bank,18-29,Apply for credit,8
R1696,Neobank / payments app,18-29,Open an account,10
R1696,Neobank / payments app,18-29,Make a payment,7
R1696,Neobank / payments app,18-29,Get support,3
R1696,Neobank / payments app,18-29,Apply for credit,7
R1697,Public bank,18-29,Open an account,8
R1697,Public bank,18-29,Make a payment,9
R1697,Public bank,18-29,Get support,7
R1697,Public bank,18-29,Apply for credit,8
R1698,Private bank,45-59,Open an account,7
R1698,Private bank,45-59,Make a payment,10
R1698,Private bank,45-59,Get support,9
R1698,Private bank,45-59,Apply for credit,8
R1699,Private bank,30-44,Open an account,6
R1699,Private bank,30-44,Make a payment,10
R1699,Private bank,30-44,Get support,5
R1699,Private bank,30-44,Apply for credit,8
R1700,Private bank,30-44,Open an account,10
R1700,Private bank,30-44,Make a payment,4
R1700,Private bank,30-44,Get support,9
R1700,Private bank,30-44,Apply for credit,7
R1701,Public bank,18-29,Open an account,6
R1701,Public bank,18-29,Make a payment,7
R1701,Public bank,18-29,Get support,7
R1701,Public bank,18-29,Apply for credit,8
R1702,Private bank,30-44,Open an account,4
R1702,Private bank,30-44,Make a payment,8
R1702,Private bank,30-44,Get support,5
R1702,Private bank,30-44,Apply for credit,5
R1703,Public bank,18-29,Open an account,6
R1703,Public bank,18-29,Make a payment,6
R1703,Public bank,18-29,Get support,8
R1703,Public bank,18-29,Apply for credit,7
R1704,Private bank,45-59,Open an account,9
R1704,Private bank,45-59,Make a payment,7
R1704,Private bank,45-59,Get support,6
R1704,Private bank,45-59,Apply for credit,6
R1705,Private bank,18-29,Open an account,8
R1705,Private bank,18-29,Make a payment,8
R1705,Private bank,18-29,Get support,5
R1705,Private bank,18-29,Apply for credit,7
R1706,Private bank,45-59,Open an account,6
R1706,Private bank,45-59,Make a payment,8
R1706,Private bank,45-59,Get support,8
R1706,Private bank,45-59,Apply for credit,7
R1707,Private bank,18-29,Open an account,7
R1707,Private bank,18-29,Make a payment,8
R1707,Private bank,18-29,Get support,7
R1707,Private bank,18-29,Apply for credit,8
R1708,Private bank,30-44,Open an account,10
R1708,Private bank,30-44,Make a payment,10
R1708,Private bank,30-44,Get support,6
R1708,Private bank,30-44,Apply for credit,3
R1709,Neobank / payments app,45-59,Open an account,7
R1709,Neobank / payments app,45-59,Make a payment,4
R1709,Neobank / payments app,45-59,Get support,5
R1709,Neobank / payments app,45-59,Apply for credit,8
R1710,Private bank,18-29,Open an account,8
R1710,Private bank,18-29,Make a payment,10
R1710,Private bank,18-29,Get support,10
R1710,Private bank,18-29,Apply for credit,10
R1711,Neobank / payments app,45-59,Open an account,10
R1711,Neobank / payments app,45-59,Make a payment,9
R1711,Neobank / payments app,45-59,Get support,6
R1711,Neobank / payments app,45-59,Apply for credit,7
R1712,Private bank,60+,Open an account,6
R1712,Private bank,60+,Make a payment,5
R1712,Private bank,60+,Get support,10
R1712,Private bank,60+,Apply for credit,10
R1713,Neobank / payments app,30-44,Open an account,8
R1713,Neobank / payments app,30-44,Make a payment,10
R1713,Neobank / payments app,30-44,Get support,4
R1713,Neobank / payments app,30-44,Apply for credit,9
R1714,Private bank,18-29,Open an account,7
R1714,Private bank,18-29,Make a payment,6
R1714,Private bank,18-29,Get support,8
R1714,Private bank,18-29,Apply for credit,8
R1715,Public bank,18-29,Open an account,10
R1715,Public bank,18-29,Make a payment,9
R1715,Public bank,18-29,Get support,5
R1715,Public bank,18-29,Apply for credit,7
R1716,Neobank / payments app,30-44,Open an account,10
R1716,Neobank / payments app,30-44,Make a payment,10
R1716,Neobank / payments app,30-44,Get support,4
R1716,Neobank / payments app,30-44,Apply for credit,7
R1717,Neobank / payments app,30-44,Open an account,10
R1717,Neobank / payments app,30-44,Make a payment,10
R1717,Neobank / payments app,30-44,Get support,7
R1717,Neobank / payments app,30-44,Apply for credit,8
R1718,Private bank,18-29,Open an account,6
R1718,Private bank,18-29,Make a payment,8
R1718,Private bank,18-29,Get support,8
R1718,Private bank,18-29,Apply for credit,10
R1719,Private bank,18-29,Open an account,7
R1719,Private bank,18-29,Make a payment,6
R1719,Private bank,18-29,Get support,6
R1719,Private bank,18-29,Apply for credit,6
R1720,Neobank / payments app,18-29,Open an account,10
R1720,Neobank / payments app,18-29,Make a payment,9
R1720,Neobank / payments app,18-29,Get support,3
R1720,Neobank / payments app,18-29,Apply for credit,7
R1721,Neobank / payments app,30-44,Open an account,8
R1721,Neobank / payments app,30-44,Make a payment,10
R1721,Neobank / payments app,30-44,Get support,8
R1721,Neobank / payments app,30-44,Apply for credit,7
R1722,Private bank,45-59,Open an account,9
R1722,Private bank,45-59,Make a payment,10
R1722,Private bank,45-59,Get support,6
R1722,Private bank,45-59,Apply for credit,7
R1723,Neobank / payments app,45-59,Open an account,9
R1723,Neobank / payments app,45-59,Make a payment,10
R1723,Neobank / payments app,45-59,Get support,7
R1723,Neobank / payments app,45-59,Apply for credit,10
R1724,Neobank / payments app,45-59,Open an account,10
R1724,Neobank / payments app,45-59,Make a payment,8
R1724,Neobank / payments app,45-59,Get support,4
R1724,Neobank / payments app,45-59,Apply for credit,4
R1725,Private bank,18-29,Open an account,9
R1725,Private bank,18-29,Make a payment,7
R1725,Private bank,18-29,Get support,9
R1725,Private bank,18-29,Apply for credit,9
R1726,Public bank,18-29,Open an account,10
R1726,Public bank,18-29,Make a payment,7
R1726,Public bank,18-29,Get support,6
R1726,Public bank,18-29,Apply for credit,6
R1727,Neobank / payments app,60+,Open an account,9
R1727,Neobank / payments app,60+,Make a payment,8
R1727,Neobank / payments app,60+,Get support,3
R1727,Neobank / payments app,60+,Apply for credit,9
R1728,Public bank,30-44,Open an account,5
R1728,Public bank,30-44,Make a payment,5
R1728,Public bank,30-44,Get support,7
R1728,Public bank,30-44,Apply for credit,6
R1729,Private bank,30-44,Open an account,7
R1729,Private bank,30-44,Make a payment,8
R1729,Private bank,30-44,Get support,7
R1729,Private bank,30-44,Apply for credit,5
R1730,Private bank,60+,Open an account,10
R1730,Private bank,60+,Make a payment,8
R1730,Private bank,60+,Get support,4
R1730,Private bank,60+,Apply for credit,8
R1731,Neobank / payments app,18-29,Open an account,7
R1731,Neobank / payments app,18-29,Make a payment,10
R1731,Neobank / payments app,18-29,Get support,4
R1731,Neobank / payments app,18-29,Apply for credit,10
R1732,Neobank / payments app,45-59,Open an account,8
R1732,Neobank / payments app,45-59,Make a payment,6
R1732,Neobank / payments app,45-59,Get support,0
R1732,Neobank / payments app,45-59,Apply for credit,7
R1733,Public bank,30-44,Open an account,5
R1733,Public bank,30-44,Make a payment,6
R1733,Public bank,30-44,Get support,4
R1733,Public bank,30-44,Apply for credit,9
R1734,Private bank,30-44,Open an account,5
R1734,Private bank,30-44,Make a payment,5
R1734,Private bank,30-44,Get support,8
R1734,Private bank,30-44,Apply for credit,7
R1735,Private bank,45-59,Open an account,9
R1735,Private bank,45-59,Make a payment,8
R1735,Private bank,45-59,Get support,6
R1735,Private bank,45-59,Apply for credit,10
R1736,Private bank,30-44,Open an account,7
R1736,Private bank,30-44,Make a payment,7
R1736,Private bank,30-44,Get support,10
R1736,Private bank,30-44,Apply for credit,7
R1737,Neobank / payments app,30-44,Open an account,9
R1737,Neobank / payments app,30-44,Make a payment,7
R1737,Neobank / payments app,30-44,Get support,6
R1737,Neobank / payments app,30-44,Apply for credit,7
R1738,Private bank,30-44,Open an account,10
R1738,Private bank,30-44,Make a payment,9
R1738,Private bank,30-44,Get support,8
R1738,Private bank,30-44,Apply for credit,7
R1739,Private bank,45-59,Open an account,8
R1739,Private bank,45-59,Make a payment,8
R1739,Private bank,45-59,Get support,8
R1739,Private bank,45-59,Apply for credit,9
R1740,Private bank,30-44,Open an account,10
R1740,Private bank,30-44,Make a payment,7
R1740,Private bank,30-44,Get support,7
R1740,Private bank,30-44,Apply for credit,9
R1741,Private bank,18-29,Open an account,8
R1741,Private bank,18-29,Make a payment,8
R1741,Private bank,18-29,Get support,8
R1741,Private bank,18-29,Apply for credit,8
R1742,Neobank / payments app,45-59,Open an account,6
R1742,Neobank / payments app,45-59,Make a payment,8
R1742,Neobank / payments app,45-59,Get support,6
R1742,Neobank / payments app,45-59,Apply for credit,10
R1743,Neobank / payments app,18-29,Open an account,10
R1743,Neobank / payments app,18-29,Make a payment,8
R1743,Neobank / payments app,18-29,Get support,3
R1743,Neobank / payments app,18-29,Apply for credit,6
R1744,Neobank / payments app,45-59,Open an account,8
R1744,Neobank / payments app,45-59,Make a payment,10
R1744,Neobank / payments app,45-59,Get support,7
R1744,Neobank / payments app,45-59,Apply for credit,9
R1745,Neobank / payments app,30-44,Open an account,10
R1745,Neobank / payments app,30-44,Make a payment,10
R1745,Neobank / payments app,30-44,Get support,6
R1745,Neobank / payments app,30-44,Apply for credit,7
R1746,Neobank / payments app,45-59,Open an account,9
R1746,Neobank / payments app,45-59,Make a payment,10
R1746,Neobank / payments app,45-59,Get support,9
R1746,Neobank / payments app,45-59,Apply for credit,9
R1747,Public bank,30-44,Open an account,7
R1747,Public bank,30-44,Make a payment,7
R1747,Public bank,30-44,Get support,7
R1747,Public bank,30-44,Apply for credit,5
R1748,Neobank / payments app,30-44,Open an account,8
R1748,Neobank / payments app,30-44,Make a payment,9
R1748,Neobank / payments app,30-44,Get support,6
R1748,Neobank / payments app,30-44,Apply for credit,2
R1749,Neobank / payments app,18-29,Open an account,8
R1749,Neobank / payments app,18-29,Make a payment,6
R1749,Neobank / payments app,18-29,Get support,8
R1749,Neobank / payments app,18-29,Apply for credit,5
R1750,Public bank,18-29,Open an account,4
R1750,Public bank,18-29,Make a payment,7
R1750,Public bank,18-29,Get support,9
R1750,Public bank,18-29,Apply for credit,7
R1751,Public bank,30-44,Open an account,8
R1751,Public bank,30-44,Make a payment,6
R1751,Public bank,30-44,Get support,6
R1751,Public bank,30-44,Apply for credit,5
R1752,Private bank,30-44,Open an account,8
R1752,Private bank,30-44,Make a payment,10
R1752,Private bank,30-44,Get support,10
R1752,Private bank,30-44,Apply for credit,10
R1753,Private bank,30-44,Open an account,8
R1753,Private bank,30-44,Make a payment,7
R1753,Private bank,30-44,Get support,5
R1753,Private bank,30-44,Apply for credit,7
R1754,Neobank / payments app,18-29,Open an account,8
R1754,Neobank / payments app,18-29,Make a payment,10
R1754,Neobank / payments app,18-29,Get support,7
R1754,Neobank / payments app,18-29,Apply for credit,7
R1755,Private bank,45-59,Open an account,5
R1755,Private bank,45-59,Make a payment,6
R1755,Private bank,45-59,Get support,6
R1755,Private bank,45-59,Apply for credit,10
R1756,Neobank / payments app,30-44,Open an account,8
R1756,Neobank / payments app,30-44,Make a payment,8
R1756,Neobank / payments app,30-44,Get support,7
R1756,Neobank / payments app,30-44,Apply for credit,6
R1757,Private bank,18-29,Open an account,9
R1757,Private bank,18-29,Make a payment,10
R1757,Private bank,18-29,Get support,7
R1757,Private bank,18-29,Apply for credit,6
R1758,Private bank,60+,Open an account,6
R1758,Private bank,60+,Make a payment,9
R1758,Private bank,60+,Get support,8
R1758,Private bank,60+,Apply for credit,9
R1759,Neobank / payments app,18-29,Open an account,10
R1759,Neobank / payments app,18-29,Make a payment,10
R1759,Neobank / payments app,18-29,Get support,4
R1759,Neobank / payments app,18-29,Apply for credit,7
R1760,Neobank / payments app,30-44,Open an account,10
R1760,Neobank / payments app,30-44,Make a payment,10
R1760,Neobank / payments app,30-44,Get support,8
R1760,Neobank / payments app,30-44,Apply for credit,7
R1761,Private bank,30-44,Open an account,9
R1761,Private bank,30-44,Make a payment,7
R1761,Private bank,30-44,Get support,6
R1761,Private bank,30-44,Apply for credit,8
R1762,Public bank,60+,Open an account,3
R1762,Public bank,60+,Make a payment,5
R1762,Public bank,60+,Get support,8
R1762,Public bank,60+,Apply for credit,6
R1763,Private bank,60+,Open an account,8
R1763,Private bank,60+,Make a payment,10
R1763,Private bank,60+,Get support,9
R1763,Private bank,60+,Apply for credit,4
R1764,Neobank / payments app,45-59,Open an account,7
R1764,Neobank / payments app,45-59,Make a payment,8
R1764,Neobank / payments app,45-59,Get support,4
R1764,Neobank / payments app,45-59,Apply for credit,10
R1765,Private bank,60+,Open an account,8
R1765,Private bank,60+,Make a payment,9
R1765,Private bank,60+,Get support,9
R1765,Private bank,60+,Apply for credit,7
R1766,Private bank,30-44,Open an account,5
R1766,Private bank,30-44,Make a payment,10
R1766,Private bank,30-44,Get support,8
R1766,Private bank,30-44,Apply for credit,8
R1767,Neobank / payments app,30-44,Open an account,7
R1767,Neobank / payments app,30-44,Make a payment,10
R1767,Neobank / payments app,30-44,Get support,8
R1767,Neobank / payments app,30-44,Apply for credit,7
R1768,Neobank / payments app,30-44,Open an account,10
R1768,Neobank / payments app,30-44,Make a payment,9
R1768,Neobank / payments app,30-44,Get support,6
R1768,Neobank / payments app,30-44,Apply for credit,9
R1769,Private bank,60+,Open an account,7
R1769,Private bank,60+,Make a payment,9
R1769,Private bank,60+,Get support,9
R1769,Private bank,60+,Apply for credit,5
R1770,Private bank,45-59,Open an account,7
R1770,Private bank,45-59,Make a payment,9
R1770,Private bank,45-59,Get support,7
R1770,Private bank,45-59,Apply for credit,10
R1771,Public bank,45-59,Open an account,9
R1771,Public bank,45-59,Make a payment,9
R1771,Public bank,45-59,Get support,10
R1771,Public bank,45-59,Apply for credit,8
R1772,Private bank,18-29,Open an account,8
R1772,Private bank,18-29,Make a payment,8
R1772,Private bank,18-29,Get support,6
R1772,Private bank,18-29,Apply for credit,3
R1773,Neobank / payments app,30-44,Open an account,10
R1773,Neobank / payments app,30-44,Make a payment,7
R1773,Neobank / payments app,30-44,Get support,5
R1773,Neobank / payments app,30-44,Apply for credit,6
R1774,Private bank,30-44,Open an account,7
R1774,Private bank,30-44,Make a payment,10
R1774,Private bank,30-44,Get support,8
R1774,Private bank,30-44,Apply for credit,10
R1775,Public bank,18-29,Open an account,3
R1775,Public bank,18-29,Make a payment,6
R1775,Public bank,18-29,Get support,7
R1775,Public bank,18-29,Apply for credit,4
R1776,Public bank,60+,Open an account,5
R1776,Public bank,60+,Make a payment,6
R1776,Public bank,60+,Get support,3
R1776,Public bank,60+,Apply for credit,8
R1777,Private bank,30-44,Open an account,9
R1777,Private bank,30-44,Make a payment,6
R1777,Private bank,30-44,Get support,6
R1777,Private bank,30-44,Apply for credit,9
R1778,Neobank / payments app,45-59,Open an account,8
R1778,Neobank / payments app,45-59,Make a payment,6
R1778,Neobank / payments app,45-59,Get support,2
R1778,Neobank / payments app,45-59,Apply for credit,8
R1779,Neobank / payments app,18-29,Open an account,10
R1779,Neobank / payments app,18-29,Make a payment,9
R1779,Neobank / payments app,18-29,Get support,8
R1779,Neobank / payments app,18-29,Apply for credit,5
R1780,Public bank,30-44,Open an account,8
R1780,Public bank,30-44,Make a payment,9
R1780,Public bank,30-44,Get support,8
R1780,Public bank,30-44,Apply for credit,7
R1781,Private bank,18-29,Open an account,6
R1781,Private bank,18-29,Make a payment,10
R1781,Private bank,18-29,Get support,10
R1781,Private bank,18-29,Apply for credit,10
R1782,Neobank / payments app,30-44,Open an account,8
R1782,Neobank / payments app,30-44,Make a payment,10
R1782,Neobank / payments app,30-44,Get support,8
R1782,Neobank / payments app,30-44,Apply for credit,5
R1783,Neobank / payments app,18-29,Open an account,8
R1783,Neobank / payments app,18-29,Make a payment,9
R1783,Neobank / payments app,18-29,Get support,7
R1783,Neobank / payments app,18-29,Apply for credit,7
R1784,Neobank / payments app,18-29,Open an account,10
R1784,Neobank / payments app,18-29,Make a payment,10
R1784,Neobank / payments app,18-29,Get support,6
R1784,Neobank / payments app,18-29,Apply for credit,8
R1785,Private bank,45-59,Open an account,5
R1785,Private bank,45-59,Make a payment,10
R1785,Private bank,45-59,Get support,10
R1785,Private bank,45-59,Apply for credit,10
R1786,Private bank,45-59,Open an account,10
R1786,Private bank,45-59,Make a payment,7
R1786,Private bank,45-59,Get support,8
R1786,Private bank,45-59,Apply for credit,6
R1787,Neobank / payments app,18-29,Open an account,9
R1787,Neobank / payments app,18-29,Make a payment,10
R1787,Neobank / payments app,18-29,Get support,4
R1787,Neobank / payments app,18-29,Apply for credit,7
R1788,Neobank / payments app,30-44,Open an account,10
R1788,Neobank / payments app,30-44,Make a payment,10
R1788,Neobank / payments app,30-44,Get support,4
R1788,Neobank / payments app,30-44,Apply for credit,9
R1789,Neobank / payments app,18-29,Open an account,7
R1789,Neobank / payments app,18-29,Make a payment,10
R1789,Neobank / payments app,18-29,Get support,4
R1789,Neobank / payments app,18-29,Apply for credit,10
R1790,Private bank,18-29,Open an account,8
R1790,Private bank,18-29,Make a payment,4
R1790,Private bank,18-29,Get support,4
R1790,Private bank,18-29,Apply for credit,8
R1791,Public bank,45-59,Open an account,5
R1791,Public bank,45-59,Make a payment,10
R1791,Public bank,45-59,Get support,9
R1791,Public bank,45-59,Apply for credit,5
R1792,Public bank,45-59,Open an account,7
R1792,Public bank,45-59,Make a payment,6
R1792,Public bank,45-59,Get support,6
R1792,Public bank,45-59,Apply for credit,7
R1793,Neobank / payments app,30-44,Open an account,7
R1793,Neobank / payments app,30-44,Make a payment,10
R1793,Neobank / payments app,30-44,Get support,8
R1793,Neobank / payments app,30-44,Apply for credit,8
R1794,Public bank,18-29,Open an account,8
R1794,Public bank,18-29,Make a payment,10
R1794,Public bank,18-29,Get support,8
R1794,Public bank,18-29,Apply for credit,7
R1795,Public bank,60+,Open an account,3
R1795,Public bank,60+,Make a payment,8
R1795,Public bank,60+,Get support,6
R1795,Public bank,60+,Apply for credit,6
R1796,Neobank / payments app,30-44,Open an account,10
R1796,Neobank / payments app,30-44,Make a payment,6
R1796,Neobank / payments app,30-44,Get support,4
R1796,Neobank / payments app,30-44,Apply for credit,7
R1797,Private bank,18-29,Open an account,10
R1797,Private bank,18-29,Make a payment,7
R1797,Private bank,18-29,Get support,5
R1797,Private bank,18-29,Apply for credit,8
R1798,Public bank,18-29,Open an account,7
R1798,Public bank,18-29,Make a payment,5
R1798,Public bank,18-29,Get support,7
R1798,Public bank,18-29,Apply for credit,8
R1799,Public bank,18-29,Open an account,10
R1799,Public bank,18-29,Make a payment,5
R1799,Public bank,18-29,Get support,5
R1799,Public bank,18-29,Apply for credit,6
R1800,Public bank,18-29,Open an account,10
R1800,Public bank,18-29,Make a payment,7
R1800,Public bank,18-29,Get support,2
R1800,Public bank,18-29,Apply for credit,7
R1801,Public bank,18-29,Open an account,5
R1801,Public bank,18-29,Make a payment,7
R1801,Public bank,18-29,Get support,5
R1801,Public bank,18-29,Apply for credit,6
R1802,Neobank / payments app,18-29,Open an account,7
R1802,Neobank / payments app,18-29,Make a payment,8
R1802,Neobank / payments app,18-29,Get support,10
R1802,Neobank / payments app,18-29,Apply for credit,8
R1803,Neobank / payments app,18-29,Open an account,7
R1803,Neobank / payments app,18-29,Make a payment,10
R1803,Neobank / payments app,18-29,Get support,7
R1803,Neobank / payments app,18-29,Apply for credit,9
R1804,Public bank,30-44,Open an account,3
R1804,Public bank,30-44,Make a payment,5
R1804,Public bank,30-44,Get support,6
R1804,Public bank,30-44,Apply for credit,7
R1805,Private bank,45-59,Open an account,7
R1805,Private bank,45-59,Make a payment,6
R1805,Private bank,45-59,Get support,10
R1805,Private bank,45-59,Apply for credit,9
R1806,Private bank,45-59,Open an account,6
R1806,Private bank,45-59,Make a payment,4
R1806,Private bank,45-59,Get support,5
R1806,Private bank,45-59,Apply for credit,7
R1807,Neobank / payments app,45-59,Open an account,10
R1807,Neobank / payments app,45-59,Make a payment,7
R1807,Neobank / payments app,45-59,Get support,3
R1807,Neobank / payments app,45-59,Apply for credit,8
R1808,Private bank,45-59,Open an account,10
R1808,Private bank,45-59,Make a payment,5
R1808,Private bank,45-59,Get support,8
R1808,Private bank,45-59,Apply for credit,7
R1809,Neobank / payments app,30-44,Open an account,10
R1809,Neobank / payments app,30-44,Make a payment,10
R1809,Neobank / payments app,30-44,Get support,6
R1809,Neobank / payments app,30-44,Apply for credit,10
R1810,Neobank / payments app,30-44,Open an account,10
R1810,Neobank / payments app,30-44,Make a payment,10
R1810,Neobank / payments app,30-44,Get support,6
R1810,Neobank / payments app,30-44,Apply for credit,8
R1811,Private bank,30-44,Open an account,8
R1811,Private bank,30-44,Make a payment,7
R1811,Private bank,30-44,Get support,3
R1811,Private bank,30-44,Apply for credit,2
R1812,Private bank,30-44,Open an account,8
R1812,Private bank,30-44,Make a payment,8
R1812,Private bank,30-44,Get support,7
R1812,Private bank,30-44,Apply for credit,9
R1813,Public bank,18-29,Open an account,7
R1813,Public bank,18-29,Make a payment,4
R1813,Public bank,18-29,Get support,4
R1813,Public bank,18-29,Apply for credit,7
R1814,Private bank,45-59,Open an account,8
R1814,Private bank,45-59,Make a payment,9
R1814,Private bank,45-59,Get support,9
R1814,Private bank,45-59,Apply for credit,6
R1815,Private bank,30-44,Open an account,9
R1815,Private bank,30-44,Make a payment,10
R1815,Private bank,30-44,Get support,9
R1815,Private bank,30-44,Apply for credit,7
R1816,Public bank,45-59,Open an account,6
R1816,Public bank,45-59,Make a payment,5
R1816,Public bank,45-59,Get support,7
R1816,Public bank,45-59,Apply for credit,5
R1817,Private bank,45-59,Open an account,8
R1817,Private bank,45-59,Make a payment,7
R1817,Private bank,45-59,Get support,8
R1817,Private bank,45-59,Apply for credit,7
R1818,Private bank,30-44,Open an account,5
R1818,Private bank,30-44,Make a payment,5
R1818,Private bank,30-44,Get support,5
R1818,Private bank,30-44,Apply for credit,7
R1819,Private bank,18-29,Open an account,8
R1819,Private bank,18-29,Make a payment,10
R1819,Private bank,18-29,Get support,10
R1819,Private bank,18-29,Apply for credit,7
R1820,Private bank,30-44,Open an account,8
R1820,Private bank,30-44,Make a payment,7
R1820,Private bank,30-44,Get support,7
R1820,Private bank,30-44,Apply for credit,10
R1821,Private bank,45-59,Open an account,9
R1821,Private bank,45-59,Make a payment,7
R1821,Private bank,45-59,Get support,6
R1821,Private bank,45-59,Apply for credit,9
R1822,Neobank / payments app,18-29,Open an account,10
R1822,Neobank / payments app,18-29,Make a payment,9
R1822,Neobank / payments app,18-29,Get support,5
R1822,Neobank / payments app,18-29,Apply for credit,5
R1823,Neobank / payments app,45-59,Open an account,8
R1823,Neobank / payments app,45-59,Make a payment,7
R1823,Neobank / payments app,45-59,Get support,6
R1823,Neobank / payments app,45-59,Apply for credit,10
R1824,Public bank,30-44,Open an account,7
R1824,Public bank,30-44,Make a payment,6
R1824,Public bank,30-44,Get support,7
R1824,Public bank,30-44,Apply for credit,9
R1825,Neobank / payments app,18-29,Open an account,10
R1825,Neobank / payments app,18-29,Make a payment,10
R1825,Neobank / payments app,18-29,Get support,2
R1825,Neobank / payments app,18-29,Apply for credit,10
R1826,Neobank / payments app,30-44,Open an account,10
R1826,Neobank / payments app,30-44,Make a payment,7
R1826,Neobank / payments app,30-44,Get support,4
R1826,Neobank / payments app,30-44,Apply for credit,6
R1827,Neobank / payments app,60+,Open an account,10
R1827,Neobank / payments app,60+,Make a payment,8
R1827,Neobank / payments app,60+,Get support,8
R1827,Neobank / payments app,60+,Apply for credit,8
R1828,Private bank,30-44,Open an account,9
R1828,Private bank,30-44,Make a payment,7
R1828,Private bank,30-44,Get support,10
R1828,Private bank,30-44,Apply for credit,4
R1829,Private bank,18-29,Open an account,7
R1829,Private bank,18-29,Make a payment,7
R1829,Private bank,18-29,Get support,9
R1829,Private bank,18-29,Apply for credit,10
R1830,Public bank,60+,Open an account,5
R1830,Public bank,60+,Make a payment,6
R1830,Public bank,60+,Get support,7
R1830,Public bank,60+,Apply for credit,7
R1831,Neobank / payments app,45-59,Open an account,7
R1831,Neobank / payments app,45-59,Make a payment,10
R1831,Neobank / payments app,45-59,Get support,5
R1831,Neobank / payments app,45-59,Apply for credit,6
R1832,Public bank,30-44,Open an account,8
R1832,Public bank,30-44,Make a payment,8
R1832,Public bank,30-44,Get support,8
R1832,Public bank,30-44,Apply for credit,3
R1833,Public bank,30-44,Open an account,7
R1833,Public bank,30-44,Make a payment,7
R1833,Public bank,30-44,Get support,9
R1833,Public bank,30-44,Apply for credit,5
R1834,Private bank,30-44,Open an account,4
R1834,Private bank,30-44,Make a payment,9
R1834,Private bank,30-44,Get support,6
R1834,Private bank,30-44,Apply for credit,10
R1835,Private bank,18-29,Open an account,10
R1835,Private bank,18-29,Make a payment,9
R1835,Private bank,18-29,Get support,10
R1835,Private bank,18-29,Apply for credit,6
R1836,Private bank,30-44,Open an account,7
R1836,Private bank,30-44,Make a payment,8
R1836,Private bank,30-44,Get support,7
R1836,Private bank,30-44,Apply for credit,9
R1837,Neobank / payments app,45-59,Open an account,8
R1837,Neobank / payments app,45-59,Make a payment,7
R1837,Neobank / payments app,45-59,Get support,4
R1837,Neobank / payments app,45-59,Apply for credit,9
R1838,Neobank / payments app,45-59,Open an account,8
R1838,Neobank / payments app,45-59,Make a payment,6
R1838,Neobank / payments app,45-59,Get support,5
R1838,Neobank / payments app,45-59,Apply for credit,10
R1839,Private bank,60+,Open an account,9
R1839,Private bank,60+,Make a payment,5
R1839,Private bank,60+,Get support,6
R1839,Private bank,60+,Apply for credit,8
R1840,Neobank / payments app,30-44,Open an account,9
R1840,Neobank / payments app,30-44,Make a payment,10
R1840,Neobank / payments app,30-44,Get support,7
R1840,Neobank / payments app,30-44,Apply for credit,8
R1841,Private bank,45-59,Open an account,10
R1841,Private bank,45-59,Make a payment,9
R1841,Private bank,45-59,Get support,7
R1841,Private bank,45-59,Apply for credit,7
R1842,Neobank / payments app,45-59,Open an account,8
R1842,Neobank / payments app,45-59,Make a payment,7
R1842,Neobank / payments app,45-59,Get support,3
R1842,Neobank / payments app,45-59,Apply for credit,7
R1843,Neobank / payments app,30-44,Open an account,9
R1843,Neobank / payments app,30-44,Make a payment,10
R1843,Neobank / payments app,30-44,Get support,6
R1843,Neobank / payments app,30-44,Apply for credit,6
R1844,Neobank / payments app,18-29,Open an account,8
R1844,Neobank / payments app,18-29,Make a payment,10
R1844,Neobank / payments app,18-29,Get support,7
R1844,Neobank / payments app,18-29,Apply for credit,9
R1845,Public bank,60+,Open an account,6
R1845,Public bank,60+,Make a payment,9
R1845,Public bank,60+,Get support,5
R1845,Public bank,60+,Apply for credit,7
R1846,Private bank,30-44,Open an account,9
R1846,Private bank,30-44,Make a payment,10
R1846,Private bank,30-44,Get support,9
R1846,Private bank,30-44,Apply for credit,8
R1847,Neobank / payments app,18-29,Open an account,8
R1847,Neobank / payments app,18-29,Make a payment,7
R1847,Neobank / payments app,18-29,Get support,9
R1847,Neobank / payments app,18-29,Apply for credit,7
R1848,Private bank,45-59,Open an account,8
R1848,Private bank,45-59,Make a payment,10
R1848,Private bank,45-59,Get support,10
R1848,Private bank,45-59,Apply for credit,8
R1849,Public bank,30-44,Open an account,9
R1849,Public bank,30-44,Make a payment,8
R1849,Public bank,30-44,Get support,5
R1849,Public bank,30-44,Apply for credit,4
R1850,Neobank / payments app,60+,Open an account,8
R1850,Neobank / payments app,60+,Make a payment,7
R1850,Neobank / payments app,60+,Get support,6
R1850,Neobank / payments app,60+,Apply for credit,7
R1851,Neobank / payments app,18-29,Open an account,9
R1851,Neobank / payments app,18-29,Make a payment,6
R1851,Neobank / payments app,18-29,Get support,4
R1851,Neobank / payments app,18-29,Apply for credit,8
R1852,Public bank,45-59,Open an account,8
R1852,Public bank,45-59,Make a payment,8
R1852,Public bank,45-59,Get support,9
R1852,Public bank,45-59,Apply for credit,6
R1853,Private bank,18-29,Open an account,6
R1853,Private bank,18-29,Make a payment,8
R1853,Private bank,18-29,Get support,10
R1853,Private bank,18-29,Apply for credit,10
R1854,Public bank,30-44,Open an account,3
R1854,Public bank,30-44,Make a payment,8
R1854,Public bank,30-44,Get support,9
R1854,Public bank,30-44,Apply for credit,9
R1855,Public bank,18-29,Open an account,8
R1855,Public bank,18-29,Make a payment,5
R1855,Public bank,18-29,Get support,7
R1855,Public bank,18-29,Apply for credit,6
R1856,Private bank,45-59,Open an account,5
R1856,Private bank,45-59,Make a payment,10
R1856,Private bank,45-59,Get support,7
R1856,Private bank,45-59,Apply for credit,10
R1857,Neobank / payments app,18-29,Open an account,6
R1857,Neobank / payments app,18-29,Make a payment,8
R1857,Neobank / payments app,18-29,Get support,5
R1857,Neobank / payments app,18-29,Apply for credit,10
R1858,Private bank,30-44,Open an account,5
R1858,Private bank,30-44,Make a payment,8
R1858,Private bank,30-44,Get support,8
R1858,Private bank,30-44,Apply for credit,7
R1859,Public bank,45-59,Open an account,3
R1859,Public bank,45-59,Make a payment,8
R1859,Public bank,45-59,Get support,8
R1859,Public bank,45-59,Apply for credit,4
R1860,Public bank,18-29,Open an account,8
R1860,Public bank,18-29,Make a payment,6
R1860,Public bank,18-29,Get support,6
R1860,Public bank,18-29,Apply for credit,2
R1861,Private bank,18-29,Open an account,7
R1861,Private bank,18-29,Make a payment,10
R1861,Private bank,18-29,Get support,5
R1861,Private bank,18-29,Apply for credit,2
R1862,Public bank,18-29,Open an account,8
R1862,Public bank,18-29,Make a payment,6
R1862,Public bank,18-29,Get support,9
R1862,Public bank,18-29,Apply for credit,7
R1863,Neobank / payments app,60+,Open an account,3
R1863,Neobank / payments app,60+,Make a payment,9
R1863,Neobank / payments app,60+,Get support,2
R1863,Neobank / payments app,60+,Apply for credit,7
R1864,Public bank,18-29,Open an account,3
R1864,Public bank,18-29,Make a payment,5
R1864,Public bank,18-29,Get support,6
R1864,Public bank,18-29,Apply for credit,7
R1865,Private bank,30-44,Open an account,6
R1865,Private bank,30-44,Make a payment,7
R1865,Private bank,30-44,Get support,9
R1865,Private bank,30-44,Apply for credit,9
R1866,Public bank,30-44,Open an account,9
R1866,Public bank,30-44,Make a payment,9
R1866,Public bank,30-44,Get support,8
R1866,Public bank,30-44,Apply for credit,8
R1867,Public bank,18-29,Open an account,8
R1867,Public bank,18-29,Make a payment,7
R1867,Public bank,18-29,Get support,9
R1867,Public bank,18-29,Apply for credit,7
R1868,Private bank,60+,Open an account,9
R1868,Private bank,60+,Make a payment,10
R1868,Private bank,60+,Get support,7
R1868,Private bank,60+,Apply for credit,9
R1869,Private bank,18-29,Open an account,7
R1869,Private bank,18-29,Make a payment,3
R1869,Private bank,18-29,Get support,4
R1869,Private bank,18-29,Apply for credit,7
R1870,Private bank,45-59,Open an account,10
R1870,Private bank,45-59,Make a payment,9
R1870,Private bank,45-59,Get support,6
R1870,Private bank,45-59,Apply for credit,8
R1871,Private bank,30-44,Open an account,8
R1871,Private bank,30-44,Make a payment,7
R1871,Private bank,30-44,Get support,5
R1871,Private bank,30-44,Apply for credit,10
R1872,Public bank,60+,Open an account,4
R1872,Public bank,60+,Make a payment,8
R1872,Public bank,60+,Get support,4
R1872,Public bank,60+,Apply for credit,7
R1873,Private bank,18-29,Open an account,9
R1873,Private bank,18-29,Make a payment,7
R1873,Private bank,18-29,Get support,7
R1873,Private bank,18-29,Apply for credit,7
R1874,Private bank,30-44,Open an account,7
R1874,Private bank,30-44,Make a payment,7
R1874,Private bank,30-44,Get support,7
R1874,Private bank,30-44,Apply for credit,7
R1875,Neobank / payments app,30-44,Open an account,7
R1875,Neobank / payments app,30-44,Make a payment,10
R1875,Neobank / payments app,30-44,Get support,10
R1875,Neobank / payments app,30-44,Apply for credit,10
R1876,Private bank,30-44,Open an account,7
R1876,Private bank,30-44,Make a payment,10
R1876,Private bank,30-44,Get support,5
R1876,Private bank,30-44,Apply for credit,9
R1877,Private bank,18-29,Open an account,6
R1877,Private bank,18-29,Make a payment,10
R1877,Private bank,18-29,Get support,6
R1877,Private bank,18-29,Apply for credit,7
R1878,Public bank,60+,Open an account,8
R1878,Public bank,60+,Make a payment,9
R1878,Public bank,60+,Get support,6
R1878,Public bank,60+,Apply for credit,7
R1879,Neobank / payments app,18-29,Open an account,8
R1879,Neobank / payments app,18-29,Make a payment,7
R1879,Neobank / payments app,18-29,Get support,8
R1879,Neobank / payments app,18-29,Apply for credit,9
R1880,Public bank,18-29,Open an account,6
R1880,Public bank,18-29,Make a payment,8
R1880,Public bank,18-29,Get support,8
R1880,Public bank,18-29,Apply for credit,8
R1881,Private bank,60+,Open an account,9
R1881,Private bank,60+,Make a payment,7
R1881,Private bank,60+,Get support,8
R1881,Private bank,60+,Apply for credit,5
R1882,Neobank / payments app,30-44,Open an account,10
R1882,Neobank / payments app,30-44,Make a payment,10
R1882,Neobank / payments app,30-44,Get support,4
R1882,Neobank / payments app,30-44,Apply for credit,9
R1883,Public bank,18-29,Open an account,4
R1883,Public bank,18-29,Make a payment,6
R1883,Public bank,18-29,Get support,3
R1883,Public bank,18-29,Apply for credit,7
R1884,Private bank,45-59,Open an account,10
R1884,Private bank,45-59,Make a payment,6
R1884,Private bank,45-59,Get support,9
R1884,Private bank,45-59,Apply for credit,8
R1885,Neobank / payments app,18-29,Open an account,8
R1885,Neobank / payments app,18-29,Make a payment,10
R1885,Neobank / payments app,18-29,Get support,8
R1885,Neobank / payments app,18-29,Apply for credit,8
R1886,Private bank,30-44,Open an account,7
R1886,Private bank,30-44,Make a payment,7
R1886,Private bank,30-44,Get support,9
R1886,Private bank,30-44,Apply for credit,5
R1887,Private bank,30-44,Open an account,2
R1887,Private bank,30-44,Make a payment,6
R1887,Private bank,30-44,Get support,10
R1887,Private bank,30-44,Apply for credit,8
R1888,Public bank,45-59,Open an account,3
R1888,Public bank,45-59,Make a payment,10
R1888,Public bank,45-59,Get support,9
R1888,Public bank,45-59,Apply for credit,3
R1889,Public bank,30-44,Open an account,8
R1889,Public bank,30-44,Make a payment,6
R1889,Public bank,30-44,Get support,10
R1889,Public bank,30-44,Apply for credit,5
R1890,Private bank,45-59,Open an account,5
R1890,Private bank,45-59,Make a payment,5
R1890,Private bank,45-59,Get support,7
R1890,Private bank,45-59,Apply for credit,6
R1891,Neobank / payments app,18-29,Open an account,7
R1891,Neobank / payments app,18-29,Make a payment,10
R1891,Neobank / payments app,18-29,Get support,7
R1891,Neobank / payments app,18-29,Apply for credit,4
R1892,Private bank,18-29,Open an account,10
R1892,Private bank,18-29,Make a payment,7
R1892,Private bank,18-29,Get support,9
R1892,Private bank,18-29,Apply for credit,7
R1893,Private bank,18-29,Open an account,9
R1893,Private bank,18-29,Make a payment,5
R1893,Private bank,18-29,Get support,6
R1893,Private bank,18-29,Apply for credit,9
R1894,Neobank / payments app,18-29,Open an account,10
R1894,Neobank / payments app,18-29,Make a payment,9
R1894,Neobank / payments app,18-29,Get support,7
R1894,Neobank / payments app,18-29,Apply for credit,9
R1895,Private bank,30-44,Open an account,9
R1895,Private bank,30-44,Make a payment,9
R1895,Private bank,30-44,Get support,5
R1895,Private bank,30-44,Apply for credit,9
R1896,Private bank,18-29,Open an account,6
R1896,Private bank,18-29,Make a payment,10
R1896,Private bank,18-29,Get support,10
R1896,Private bank,18-29,Apply for credit,7
R1897,Private bank,18-29,Open an account,8
R1897,Private bank,18-29,Make a payment,8
R1897,Private bank,18-29,Get support,5
R1897,Private bank,18-29,Apply for credit,9
R1898,Neobank / payments app,18-29,Open an account,9
R1898,Neobank / payments app,18-29,Make a payment,10
R1898,Neobank / payments app,18-29,Get support,2
R1898,Neobank / payments app,18-29,Apply for credit,9
R1899,Private bank,45-59,Open an account,10
R1899,Private bank,45-59,Make a payment,9
R1899,Private bank,45-59,Get support,9
R1899,Private bank,45-59,Apply for credit,9
R1900,Public bank,45-59,Open an account,5
R1900,Public bank,45-59,Make a payment,7
R1900,Public bank,45-59,Get support,8
R1900,Public bank,45-59,Apply for credit,7
R1901,Private bank,60+,Open an account,7
R1901,Private bank,60+,Make a payment,10
R1901,Private bank,60+,Get support,9
R1901,Private bank,60+,Apply for credit,6
R1902,Neobank / payments app,45-59,Open an account,7
R1902,Neobank / payments app,45-59,Make a payment,8
R1902,Neobank / payments app,45-59,Get support,6
R1902,Neobank / payments app,45-59,Apply for credit,8
R1903,Private bank,30-44,Open an account,10
R1903,Private bank,30-44,Make a payment,10
R1903,Private bank,30-44,Get support,9
R1903,Private bank,30-44,Apply for credit,7
R1904,Private bank,18-29,Open an account,10
R1904,Private bank,18-29,Make a payment,10
R1904,Private bank,18-29,Get support,8
R1904,Private bank,18-29,Apply for credit,7
R1905,Neobank / payments app,30-44,Open an account,10
R1905,Neobank / payments app,30-44,Make a payment,8
R1905,Neobank / payments app,30-44,Get support,4
R1905,Neobank / payments app,30-44,Apply for credit,5
R1906,Private bank,18-29,Open an account,8
R1906,Private bank,18-29,Make a payment,4
R1906,Private bank,18-29,Get support,5
R1906,Private bank,18-29,Apply for credit,10
R1907,Neobank / payments app,45-59,Open an account,8
R1907,Neobank / payments app,45-59,Make a payment,10
R1907,Neobank / payments app,45-59,Get support,6
R1907,Neobank / payments app,45-59,Apply for credit,4
R1908,Private bank,18-29,Open an account,8
R1908,Private bank,18-29,Make a payment,8
R1908,Private bank,18-29,Get support,10
R1908,Private bank,18-29,Apply for credit,7
R1909,Neobank / payments app,30-44,Open an account,6
R1909,Neobank / payments app,30-44,Make a payment,7
R1909,Neobank / payments app,30-44,Get support,6
R1909,Neobank / payments app,30-44,Apply for credit,7
R1910,Private bank,45-59,Open an account,8
R1910,Private bank,45-59,Make a payment,10
R1910,Private bank,45-59,Get support,8
R1910,Private bank,45-59,Apply for credit,8
R1911,Private bank,30-44,Open an account,10
R1911,Private bank,30-44,Make a payment,10
R1911,Private bank,30-44,Get support,8
R1911,Private bank,30-44,Apply for credit,9
R1912,Private bank,60+,Open an account,9
R1912,Private bank,60+,Make a payment,6
R1912,Private bank,60+,Get support,9
R1912,Private bank,60+,Apply for credit,7
R1913,Neobank / payments app,18-29,Open an account,5
R1913,Neobank / payments app,18-29,Make a payment,9
R1913,Neobank / payments app,18-29,Get support,6
R1913,Neobank / payments app,18-29,Apply for credit,7
R1914,Neobank / payments app,30-44,Open an account,9
R1914,Neobank / payments app,30-44,Make a payment,10
R1914,Neobank / payments app,30-44,Get support,3
R1914,Neobank / payments app,30-44,Apply for credit,7
R1915,Neobank / payments app,45-59,Open an account,10
R1915,Neobank / payments app,45-59,Make a payment,9
R1915,Neobank / payments app,45-59,Get support,3
R1915,Neobank / payments app,45-59,Apply for credit,7
R1916,Public bank,45-59,Open an account,6
R1916,Public bank,45-59,Make a payment,10
R1916,Public bank,45-59,Get support,9
R1916,Public bank,45-59,Apply for credit,3
R1917,Public bank,18-29,Open an account,5
R1917,Public bank,18-29,Make a payment,5
R1917,Public bank,18-29,Get support,6
R1917,Public bank,18-29,Apply for credit,7
R1918,Public bank,18-29,Open an account,7
R1918,Public bank,18-29,Make a payment,4
R1918,Public bank,18-29,Get support,10
R1918,Public bank,18-29,Apply for credit,6
R1919,Public bank,18-29,Open an account,8
R1919,Public bank,18-29,Make a payment,6
R1919,Public bank,18-29,Get support,5
R1919,Public bank,18-29,Apply for credit,4
R1920,Private bank,30-44,Open an account,5
R1920,Private bank,30-44,Make a payment,10
R1920,Private bank,30-44,Get support,9
R1920,Private bank,30-44,Apply for credit,9
R1921,Neobank / payments app,18-29,Open an account,9
R1921,Neobank / payments app,18-29,Make a payment,8
R1921,Neobank / payments app,18-29,Get support,9
R1921,Neobank / payments app,18-29,Apply for credit,7
R1922,Neobank / payments app,30-44,Open an account,5
R1922,Neobank / payments app,30-44,Make a payment,7
R1922,Neobank / payments app,30-44,Get support,5
R1922,Neobank / payments app,30-44,Apply for credit,7
R1923,Private bank,30-44,Open an account,10
R1923,Private bank,30-44,Make a payment,10
R1923,Private bank,30-44,Get support,7
R1923,Private bank,30-44,Apply for credit,6
R1924,Public bank,30-44,Open an account,5
R1924,Public bank,30-44,Make a payment,5
R1924,Public bank,30-44,Get support,7
R1924,Public bank,30-44,Apply for credit,8
R1925,Public bank,30-44,Open an account,8
R1925,Public bank,30-44,Make a payment,8
R1925,Public bank,30-44,Get support,9
R1925,Public bank,30-44,Apply for credit,8
R1926,Private bank,60+,Open an account,10
R1926,Private bank,60+,Make a payment,5
R1926,Private bank,60+,Get support,4
R1926,Private bank,60+,Apply for credit,10
R1927,Private bank,18-29,Open an account,9
R1927,Private bank,18-29,Make a payment,5
R1927,Private bank,18-29,Get support,8
R1927,Private bank,18-29,Apply for credit,10
R1928,Neobank / payments app,30-44,Open an account,10
R1928,Neobank / payments app,30-44,Make a payment,8
R1928,Neobank / payments app,30-44,Get support,8
R1928,Neobank / payments app,30-44,Apply for credit,8
R1929,Public bank,30-44,Open an account,8
R1929,Public bank,30-44,Make a payment,6
R1929,Public bank,30-44,Get support,6
R1929,Public bank,30-44,Apply for credit,6
R1930,Public bank,45-59,Open an account,8
R1930,Public bank,45-59,Make a payment,7
R1930,Public bank,45-59,Get support,5
R1930,Public bank,45-59,Apply for credit,6
R1931,Public bank,18-29,Open an account,6
R1931,Public bank,18-29,Make a payment,5
R1931,Public bank,18-29,Get support,4
R1931,Public bank,18-29,Apply for credit,8
R1932,Neobank / payments app,30-44,Open an account,9
R1932,Neobank / payments app,30-44,Make a payment,6
R1932,Neobank / payments app,30-44,Get support,5
R1932,Neobank / payments app,30-44,Apply for credit,7
R1933,Public bank,30-44,Open an account,8
R1933,Public bank,30-44,Make a payment,8
R1933,Public bank,30-44,Get support,10
R1933,Public bank,30-44,Apply for credit,10
R1934,Public bank,30-44,Open an account,3
R1934,Public bank,30-44,Make a payment,5
R1934,Public bank,30-44,Get support,8
R1934,Public bank,30-44,Apply for credit,3
R1935,Neobank / payments app,30-44,Open an account,9
R1935,Neobank / payments app,30-44,Make a payment,10
R1935,Neobank / payments app,30-44,Get support,2
R1935,Neobank / payments app,30-44,Apply for credit,10
R1936,Public bank,45-59,Open an account,6
R1936,Public bank,45-59,Make a payment,9
R1936,Public bank,45-59,Get support,10
R1936,Public bank,45-59,Apply for credit,8
R1937,Private bank,30-44,Open an account,7
R1937,Private bank,30-44,Make a payment,9
R1937,Private bank,30-44,Get support,10
R1937,Private bank,30-44,Apply for credit,6
R1938,Neobank / payments app,30-44,Open an account,7
R1938,Neobank / payments app,30-44,Make a payment,9
R1938,Neobank / payments app,30-44,Get support,8
R1938,Neobank / payments app,30-44,Apply for credit,10
R1939,Private bank,30-44,Open an account,9
R1939,Private bank,30-44,Make a payment,5
R1939,Private bank,30-44,Get support,7
R1939,Private bank,30-44,Apply for credit,10
R1940,Neobank / payments app,30-44,Open an account,10
R1940,Neobank / payments app,30-44,Make a payment,9
R1940,Neobank / payments app,30-44,Get support,8
R1940,Neobank / payments app,30-44,Apply for credit,7
R1941,Private bank,45-59,Open an account,6
R1941,Private bank,45-59,Make a payment,10
R1941,Private bank,45-59,Get support,7
R1941,Private bank,45-59,Apply for credit,7
R1942,Private bank,60+,Open an account,10
R1942,Private bank,60+,Make a payment,5
R1942,Private bank,60+,Get support,8
R1942,Private bank,60+,Apply for credit,9
R1943,Neobank / payments app,30-44,Open an account,7
R1943,Neobank / payments app,30-44,Make a payment,5
R1943,Neobank / payments app,30-44,Get support,5
R1943,Neobank / payments app,30-44,Apply for credit,5
R1944,Neobank / payments app,45-59,Open an account,10
R1944,Neobank / payments app,45-59,Make a payment,7
R1944,Neobank / payments app,45-59,Get support,5
R1944,Neobank / payments app,45-59,Apply for credit,10
R1945,Neobank / payments app,18-29,Open an account,7
R1945,Neobank / payments app,18-29,Make a payment,9
R1945,Neobank / payments app,18-29,Get support,5
R1945,Neobank / payments app,18-29,Apply for credit,8
R1946,Neobank / payments app,45-59,Open an account,7
R1946,Neobank / payments app,45-59,Make a payment,10
R1946,Neobank / payments app,45-59,Get support,8
R1946,Neobank / payments app,45-59,Apply for credit,8
R1947,Neobank / payments app,30-44,Open an account,7
R1947,Neobank / payments app,30-44,Make a payment,10
R1947,Neobank / payments app,30-44,Get support,8
R1947,Neobank / payments app,30-44,Apply for credit,10
R1948,Private bank,30-44,Open an account,9
R1948,Private bank,30-44,Make a payment,8
R1948,Private bank,30-44,Get support,8
R1948,Private bank,30-44,Apply for credit,9
R1949,Neobank / payments app,30-44,Open an account,6
R1949,Neobank / payments app,30-44,Make a payment,6
R1949,Neobank / payments app,30-44,Get support,6
R1949,Neobank / payments app,30-44,Apply for credit,10
R1950,Private bank,30-44,Open an account,8
R1950,Private bank,30-44,Make a payment,9
R1950,Private bank,30-44,Get support,5
R1950,Private bank,30-44,Apply for credit,6
R1951,Private bank,30-44,Open an account,8
R1951,Private bank,30-44,Make a payment,7
R1951,Private bank,30-44,Get support,6
R1951,Private bank,30-44,Apply for credit,4
R1952,Neobank / payments app,60+,Open an account,7
R1952,Neobank / payments app,60+,Make a payment,6
R1952,Neobank / payments app,60+,Get support,1
R1952,Neobank / payments app,60+,Apply for credit,5
R1953,Private bank,30-44,Open an account,9
R1953,Private bank,30-44,Make a payment,7
R1953,Private bank,30-44,Get support,5
R1953,Private bank,30-44,Apply for credit,3
R1954,Private bank,60+,Open an account,6
R1954,Private bank,60+,Make a payment,7
R1954,Private bank,60+,Get support,6
R1954,Private bank,60+,Apply for credit,9
R1955,Neobank / payments app,18-29,Open an account,9
R1955,Neobank / payments app,18-29,Make a payment,10
R1955,Neobank / payments app,18-29,Get support,9
R1955,Neobank / payments app,18-29,Apply for credit,9
R1956,Private bank,18-29,Open an account,10
R1956,Private bank,18-29,Make a payment,6
R1956,Private bank,18-29,Get support,7
R1956,Private bank,18-29,Apply for credit,8
R1957,Private bank,45-59,Open an account,7
R1957,Private bank,45-59,Make a payment,10
R1957,Private bank,45-59,Get support,5
R1957,Private bank,45-59,Apply for credit,5
R1958,Private bank,30-44,Open an account,7
R1958,Private bank,30-44,Make a payment,7
R1958,Private bank,30-44,Get support,6
R1958,Private bank,30-44,Apply for credit,7
R1959,Public bank,18-29,Open an account,7
R1959,Public bank,18-29,Make a payment,6
R1959,Public bank,18-29,Get support,8
R1959,Public bank,18-29,Apply for credit,7
R1960,Public bank,45-59,Open an account,7
R1960,Public bank,45-59,Make a payment,7
R1960,Public bank,45-59,Get support,8
R1960,Public bank,45-59,Apply for credit,5
R1961,Neobank / payments app,18-29,Open an account,7
R1961,Neobank / payments app,18-29,Make a payment,9
R1961,Neobank / payments app,18-29,Get support,6
R1961,Neobank / payments app,18-29,Apply for credit,7
R1962,Private bank,45-59,Open an account,7
R1962,Private bank,45-59,Make a payment,8
R1962,Private bank,45-59,Get support,7
R1962,Private bank,45-59,Apply for credit,9
R1963,Private bank,30-44,Open an account,6
R1963,Private bank,30-44,Make a payment,7
R1963,Private bank,30-44,Get support,10
R1963,Private bank,30-44,Apply for credit,8
R1964,Private bank,18-29,Open an account,7
R1964,Private bank,18-29,Make a payment,8
R1964,Private bank,18-29,Get support,7
R1964,Private bank,18-29,Apply for credit,6
R1965,Neobank / payments app,45-59,Open an account,10
R1965,Neobank / payments app,45-59,Make a payment,8
R1965,Neobank / payments app,45-59,Get support,7
R1965,Neobank / payments app,45-59,Apply for credit,6
R1966,Public bank,30-44,Open an account,5
R1966,Public bank,30-44,Make a payment,10
R1966,Public bank,30-44,Get support,6
R1966,Public bank,30-44,Apply for credit,7
R1967,Public bank,18-29,Open an account,1
R1967,Public bank,18-29,Make a payment,5
R1967,Public bank,18-29,Get support,6
R1967,Public bank,18-29,Apply for credit,8
R1968,Public bank,18-29,Open an account,10
R1968,Public bank,18-29,Make a payment,5
R1968,Public bank,18-29,Get support,5
R1968,Public bank,18-29,Apply for credit,6
R1969,Neobank / payments app,30-44,Open an account,10
R1969,Neobank / payments app,30-44,Make a payment,10
R1969,Neobank / payments app,30-44,Get support,6
R1969,Neobank / payments app,30-44,Apply for credit,2
R1970,Public bank,45-59,Open an account,7
R1970,Public bank,45-59,Make a payment,7
R1970,Public bank,45-59,Get support,7
R1970,Public bank,45-59,Apply for credit,7
R1971,Private bank,30-44,Open an account,9
R1971,Private bank,30-44,Make a payment,9
R1971,Private bank,30-44,Get support,4
R1971,Private bank,30-44,Apply for credit,9
R1972,Public bank,45-59,Open an account,4
R1972,Public bank,45-59,Make a payment,10
R1972,Public bank,45-59,Get support,4
R1972,Public bank,45-59,Apply for credit,8
R1973,Neobank / payments app,30-44,Open an account,9
R1973,Neobank / payments app,30-44,Make a payment,7
R1973,Neobank / payments app,30-44,Get support,8
R1973,Neobank / payments app,30-44,Apply for credit,6
R1974,Neobank / payments app,18-29,Open an account,9
R1974,Neobank / payments app,18-29,Make a payment,5
R1974,Neobank / payments app,18-29,Get support,3
R1974,Neobank / payments app,18-29,Apply for credit,5
R1975,Neobank / payments app,18-29,Open an account,8
R1975,Neobank / payments app,18-29,Make a payment,10
R1975,Neobank / payments app,18-29,Get support,7
R1975,Neobank / payments app,18-29,Apply for credit,7
R1976,Private bank,45-59,Open an account,6
R1976,Private bank,45-59,Make a payment,7
R1976,Private bank,45-59,Get support,4
R1976,Private bank,45-59,Apply for credit,7
R1977,Private bank,18-29,Open an account,6
R1977,Private bank,18-29,Make a payment,9
R1977,Private bank,18-29,Get support,9
R1977,Private bank,18-29,Apply for credit,5
R1978,Private bank,18-29,Open an account,7
R1978,Private bank,18-29,Make a payment,10
R1978,Private bank,18-29,Get support,8
R1978,Private bank,18-29,Apply for credit,6
R1979,Private bank,45-59,Open an account,9
R1979,Private bank,45-59,Make a payment,10
R1979,Private bank,45-59,Get support,10
R1979,Private bank,45-59,Apply for credit,7
R1980,Neobank / payments app,30-44,Open an account,10
R1980,Neobank / payments app,30-44,Make a payment,9
R1980,Neobank / payments app,30-44,Get support,8
R1980,Neobank / payments app,30-44,Apply for credit,10
R1981,Private bank,45-59,Open an account,10
R1981,Private bank,45-59,Make a payment,8
R1981,Private bank,45-59,Get support,5
R1981,Private bank,45-59,Apply for credit,9
R1982,Neobank / payments app,18-29,Open an account,9
R1982,Neobank / payments app,18-29,Make a payment,10
R1982,Neobank / payments app,18-29,Get support,3
R1982,Neobank / payments app,18-29,Apply for credit,6
R1983,Public bank,18-29,Open an account,8
R1983,Public bank,18-29,Make a payment,7
R1983,Public bank,18-29,Get support,8
R1983,Public bank,18-29,Apply for credit,9
R1984,Private bank,30-44,Open an account,7
R1984,Private bank,30-44,Make a payment,9
R1984,Private bank,30-44,Get support,6
R1984,Private bank,30-44,Apply for credit,7
R1985,Public bank,30-44,Open an account,4
R1985,Public bank,30-44,Make a payment,7
R1985,Public bank,30-44,Get support,5
R1985,Public bank,30-44,Apply for credit,4
R1986,Neobank / payments app,30-44,Open an account,10
R1986,Neobank / payments app,30-44,Make a payment,7
R1986,Neobank / payments app,30-44,Get support,10
R1986,Neobank / payments app,30-44,Apply for credit,8
R1987,Neobank / payments app,30-44,Open an account,9
R1987,Neobank / payments app,30-44,Make a payment,9
R1987,Neobank / payments app,30-44,Get support,9
R1987,Neobank / payments app,30-44,Apply for credit,5
R1988,Public bank,30-44,Open an account,6
R1988,Public bank,30-44,Make a payment,5
R1988,Public bank,30-44,Get support,6
R1988,Public bank,30-44,Apply for credit,7
R1989,Neobank / payments app,45-59,Open an account,7
R1989,Neobank / payments app,45-59,Make a payment,7
R1989,Neobank / payments app,45-59,Get support,5
R1989,Neobank / payments app,45-59,Apply for credit,9
R1990,Private bank,30-44,Open an account,4
R1990,Private bank,30-44,Make a payment,10
R1990,Private bank,30-44,Get support,6
R1990,Private bank,30-44,Apply for credit,5
R1991,Private bank,30-44,Open an account,10
R1991,Private bank,30-44,Make a payment,7
R1991,Private bank,30-44,Get support,10
R1991,Private bank,30-44,Apply for credit,8
R1992,Private bank,45-59,Open an account,6
R1992,Private bank,45-59,Make a payment,7
R1992,Private bank,45-59,Get support,6
R1992,Private bank,45-59,Apply for credit,5
R1993,Public bank,18-29,Open an account,7
R1993,Public bank,18-29,Make a payment,7
R1993,Public bank,18-29,Get support,7
R1993,Public bank,18-29,Apply for credit,7
R1994,Public bank,60+,Open an account,6
R1994,Public bank,60+,Make a payment,10
R1994,Public bank,60+,Get support,6
R1994,Public bank,60+,Apply for credit,8
R1995,Private bank,30-44,Open an account,10
R1995,Private bank,30-44,Make a payment,6
R1995,Private bank,30-44,Get support,8
R1995,Private bank,30-44,Apply for credit,7
R1996,Private bank,45-59,Open an account,8
R1996,Private bank,45-59,Make a payment,7
R1996,Private bank,45-59,Get support,7
R1996,Private bank,45-59,Apply for credit,6
R1997,Private bank,30-44,Open an account,6
R1997,Private bank,30-44,Make a payment,8
R1997,Private bank,30-44,Get support,7
R1997,Private bank,30-44,Apply for credit,9
R1998,Private bank,30-44,Open an account,8
R1998,Private bank,30-44,Make a payment,10
R1998,Private bank,30-44,Get support,8
R1998,Private bank,30-44,Apply for credit,7
R1999,Private bank,18-29,Open an account,10
R1999,Private bank,18-29,Make a payment,8
R1999,Private bank,18-29,Get support,8
R1999,Private bank,18-29,Apply for credit,9
